sample-id,depth-1_iter-1,depth-1_iter-2,depth-1_iter-3,depth-1_iter-4,depth-1_iter-5,depth-1_iter-6,depth-1_iter-7,depth-1_iter-8,depth-1_iter-9,depth-1_iter-10,depth-1112_iter-1,depth-1112_iter-2,depth-1112_iter-3,depth-1112_iter-4,depth-1112_iter-5,depth-1112_iter-6,depth-1112_iter-7,depth-1112_iter-8,depth-1112_iter-9,depth-1112_iter-10,depth-2223_iter-1,depth-2223_iter-2,depth-2223_iter-3,depth-2223_iter-4,depth-2223_iter-5,depth-2223_iter-6,depth-2223_iter-7,depth-2223_iter-8,depth-2223_iter-9,depth-2223_iter-10,depth-3334_iter-1,depth-3334_iter-2,depth-3334_iter-3,depth-3334_iter-4,depth-3334_iter-5,depth-3334_iter-6,depth-3334_iter-7,depth-3334_iter-8,depth-3334_iter-9,depth-3334_iter-10,depth-4445_iter-1,depth-4445_iter-2,depth-4445_iter-3,depth-4445_iter-4,depth-4445_iter-5,depth-4445_iter-6,depth-4445_iter-7,depth-4445_iter-8,depth-4445_iter-9,depth-4445_iter-10,depth-5556_iter-1,depth-5556_iter-2,depth-5556_iter-3,depth-5556_iter-4,depth-5556_iter-5,depth-5556_iter-6,depth-5556_iter-7,depth-5556_iter-8,depth-5556_iter-9,depth-5556_iter-10,depth-6667_iter-1,depth-6667_iter-2,depth-6667_iter-3,depth-6667_iter-4,depth-6667_iter-5,depth-6667_iter-6,depth-6667_iter-7,depth-6667_iter-8,depth-6667_iter-9,depth-6667_iter-10,depth-7778_iter-1,depth-7778_iter-2,depth-7778_iter-3,depth-7778_iter-4,depth-7778_iter-5,depth-7778_iter-6,depth-7778_iter-7,depth-7778_iter-8,depth-7778_iter-9,depth-7778_iter-10,depth-8889_iter-1,depth-8889_iter-2,depth-8889_iter-3,depth-8889_iter-4,depth-8889_iter-5,depth-8889_iter-6,depth-8889_iter-7,depth-8889_iter-8,depth-8889_iter-9,depth-8889_iter-10,depth-10000_iter-1,depth-10000_iter-2,depth-10000_iter-3,depth-10000_iter-4,depth-10000_iter-5,depth-10000_iter-6,depth-10000_iter-7,depth-10000_iter-8,depth-10000_iter-9,depth-10000_iter-10,disease_state,sheep_id,day,foot,sample_type
Extractcontrol_SRR12486785,,,,,,,,,,,,,,,,,,,,,,,,,,,,,,,,,,,,,,,,,,,,,,,,,,,,,,,,,,,,,,,,,,,,,,,,,,,,,,,,,,,,,,,,,,,,,,,,,,,,,CONTROL,EC,EC,EC,Control
Extractcontrol_SRR12514790,1.0,1.0,1.0,1.0,1.0,1.0,1.0,1.0,1.0,1.0,,,,,,,,,,,,,,,,,,,,,,,,,,,,,,,,,,,,,,,,,,,,,,,,,,,,,,,,,,,,,,,,,,,,,,,,,,,,,,,,,,,,,,,,,,,CONTROL,EC,EC,EC,Control
Sample-1-115F2_SRR12486679,1.0,1.0,1.0,1.0,1.0,1.0,1.0,1.0,1.0,1.0,348.0,328.0,334.0,371.0,368.0,344.0,337.0,369.0,360.0,333.0,487.0,482.0,486.0,507.0,483.0,506.0,477.0,496.0,479.0,486.0,575.0,578.0,577.0,563.0,571.0,582.0,573.0,577.0,575.0,569.0,620.0,628.0,617.0,644.0,636.0,629.0,625.0,634.0,625.0,631.0,664.0,669.0,670.0,665.0,689.0,679.0,688.0,670.0,653.0,676.0,697.0,696.0,692.0,697.0,708.0,691.0,688.0,709.0,715.0,686.0,735.0,722.0,729.0,720.0,730.0,728.0,732.0,725.0,711.0,734.0,742.0,752.0,759.0,751.0,741.0,744.0,737.0,737.0,757.0,750.0,753.0,772.0,767.0,763.0,753.0,765.0,750.0,752.0,762.0,768.0,A_HEALTHY,5,11,F2,Swab
Sample-1-115F2_SRR12514684,1.0,1.0,1.0,1.0,1.0,1.0,1.0,1.0,1.0,1.0,401.0,399.0,385.0,386.0,401.0,392.0,391.0,395.0,381.0,391.0,566.0,581.0,583.0,606.0,579.0,576.0,595.0,572.0,575.0,604.0,679.0,694.0,707.0,697.0,716.0,715.0,719.0,708.0,681.0,708.0,801.0,835.0,806.0,804.0,806.0,793.0,771.0,792.0,795.0,792.0,876.0,866.0,860.0,903.0,854.0,880.0,874.0,896.0,897.0,856.0,918.0,944.0,924.0,924.0,914.0,950.0,950.0,932.0,925.0,951.0,976.0,990.0,984.0,969.0,988.0,968.0,989.0,972.0,983.0,982.0,1027.0,1029.0,1034.0,1005.0,1016.0,1002.0,1015.0,1009.0,1027.0,1026.0,1046.0,1067.0,1056.0,1061.0,1047.0,1043.0,1041.0,1038.0,1062.0,1049.0,A_HEALTHY,5,11,F2,Swab
Sample-100-269F1_SRR12486678,1.0,1.0,1.0,1.0,1.0,1.0,1.0,1.0,1.0,1.0,216.0,206.0,222.0,207.0,212.0,207.0,218.0,215.0,214.0,210.0,274.0,273.0,270.0,265.0,272.0,277.0,267.0,279.0,271.0,275.0,307.0,311.0,304.0,309.0,306.0,310.0,311.0,308.0,304.0,303.0,330.0,321.0,322.0,312.0,321.0,323.0,333.0,335.0,333.0,334.0,343.0,340.0,350.0,345.0,331.0,333.0,333.0,344.0,337.0,344.0,352.0,351.0,351.0,348.0,355.0,348.0,343.0,347.0,352.0,344.0,363.0,353.0,359.0,355.0,358.0,361.0,356.0,354.0,357.0,359.0,370.0,366.0,362.0,364.0,360.0,357.0,366.0,362.0,369.0,361.0,369.0,368.0,366.0,372.0,362.0,365.0,371.0,366.0,366.0,364.0,C_ID,9,26,F1,Swab
Sample-100-269F1_SRR12514683,1.0,1.0,1.0,1.0,1.0,1.0,1.0,1.0,1.0,1.0,218.0,239.0,235.0,219.0,236.0,241.0,233.0,229.0,223.0,233.0,317.0,317.0,312.0,316.0,321.0,322.0,302.0,325.0,326.0,314.0,370.0,354.0,384.0,364.0,367.0,361.0,372.0,358.0,363.0,380.0,416.0,412.0,408.0,393.0,396.0,403.0,398.0,400.0,413.0,422.0,452.0,434.0,438.0,433.0,428.0,430.0,433.0,423.0,433.0,435.0,442.0,462.0,453.0,469.0,456.0,462.0,461.0,445.0,450.0,471.0,467.0,486.0,481.0,482.0,482.0,478.0,481.0,477.0,461.0,485.0,482.0,481.0,500.0,498.0,489.0,491.0,513.0,494.0,487.0,496.0,498.0,495.0,500.0,508.0,509.0,504.0,518.0,509.0,506.0,497.0,C_ID,9,26,F1,Swab
Sample-101-B7_SRR12486804,1.0,1.0,1.0,1.0,1.0,1.0,1.0,1.0,1.0,1.0,272.0,273.0,287.0,292.0,269.0,289.0,267.0,284.0,279.0,254.0,405.0,383.0,377.0,398.0,392.0,383.0,394.0,373.0,404.0,396.0,450.0,470.0,480.0,472.0,473.0,470.0,465.0,471.0,449.0,462.0,545.0,535.0,529.0,513.0,520.0,534.0,512.0,519.0,513.0,535.0,565.0,574.0,563.0,561.0,565.0,560.0,577.0,579.0,563.0,550.0,616.0,615.0,607.0,611.0,602.0,596.0,605.0,613.0,625.0,609.0,648.0,627.0,642.0,635.0,638.0,653.0,626.0,636.0,641.0,631.0,665.0,657.0,664.0,673.0,676.0,647.0,661.0,661.0,667.0,666.0,677.0,687.0,672.0,677.0,681.0,686.0,704.0,686.0,683.0,701.0,TRANSITION,5,23,F2,Swab
Sample-101-B7_SRR12514809,1.0,1.0,1.0,1.0,1.0,1.0,1.0,1.0,1.0,1.0,272.0,266.0,277.0,269.0,266.0,261.0,263.0,276.0,294.0,284.0,380.0,382.0,381.0,387.0,404.0,388.0,399.0,369.0,401.0,398.0,467.0,469.0,457.0,459.0,459.0,472.0,451.0,461.0,452.0,449.0,531.0,533.0,525.0,532.0,520.0,524.0,499.0,524.0,522.0,536.0,584.0,582.0,584.0,573.0,563.0,586.0,584.0,570.0,575.0,560.0,609.0,609.0,594.0,593.0,613.0,588.0,622.0,609.0,601.0,619.0,636.0,631.0,648.0,630.0,636.0,638.0,626.0,633.0,635.0,651.0,670.0,663.0,669.0,655.0,668.0,661.0,654.0,647.0,645.0,661.0,692.0,680.0,693.0,704.0,687.0,678.0,693.0,687.0,665.0,700.0,TRANSITION,5,23,F2,Swab
Sample-102-B8_SRR12486803,1.0,1.0,1.0,1.0,1.0,1.0,1.0,1.0,1.0,1.0,111.0,111.0,117.0,100.0,106.0,114.0,105.0,104.0,116.0,115.0,137.0,129.0,139.0,130.0,141.0,130.0,136.0,126.0,131.0,123.0,153.0,161.0,157.0,148.0,149.0,151.0,159.0,144.0,167.0,154.0,169.0,168.0,163.0,163.0,162.0,160.0,167.0,166.0,160.0,171.0,166.0,179.0,167.0,182.0,172.0,170.0,168.0,177.0,175.0,167.0,184.0,178.0,181.0,184.0,177.0,191.0,192.0,179.0,182.0,184.0,194.0,194.0,188.0,184.0,183.0,190.0,183.0,182.0,189.0,194.0,194.0,189.0,193.0,193.0,197.0,187.0,189.0,191.0,197.0,198.0,198.0,200.0,203.0,200.0,205.0,208.0,200.0,201.0,191.0,200.0,E_CODD,5,33,F2,Swab
Sample-102-B8_SRR12514808,1.0,1.0,1.0,1.0,1.0,1.0,1.0,1.0,1.0,1.0,99.0,106.0,108.0,108.0,104.0,109.0,111.0,111.0,110.0,100.0,130.0,130.0,135.0,141.0,135.0,129.0,137.0,135.0,135.0,136.0,151.0,147.0,152.0,152.0,151.0,154.0,159.0,152.0,159.0,149.0,172.0,165.0,162.0,156.0,169.0,167.0,163.0,168.0,163.0,173.0,164.0,173.0,176.0,178.0,172.0,165.0,155.0,171.0,175.0,170.0,173.0,176.0,190.0,183.0,176.0,180.0,188.0,182.0,174.0,170.0,190.0,197.0,185.0,200.0,188.0,192.0,197.0,184.0,188.0,189.0,189.0,200.0,199.0,196.0,192.0,192.0,198.0,204.0,189.0,202.0,196.0,210.0,197.0,205.0,201.0,198.0,195.0,200.0,205.0,197.0,E_CODD,5,33,F2,Swab
Sample-103-B9_SRR12486735,1.0,1.0,1.0,1.0,1.0,1.0,1.0,1.0,1.0,1.0,101.0,100.0,96.0,105.0,109.0,103.0,98.0,101.0,103.0,96.0,129.0,118.0,123.0,115.0,125.0,116.0,121.0,131.0,129.0,117.0,135.0,142.0,142.0,140.0,135.0,140.0,142.0,141.0,144.0,138.0,153.0,144.0,145.0,154.0,145.0,153.0,148.0,157.0,153.0,151.0,157.0,161.0,164.0,156.0,163.0,161.0,155.0,161.0,166.0,161.0,172.0,168.0,163.0,169.0,162.0,167.0,164.0,169.0,163.0,174.0,162.0,178.0,169.0,168.0,171.0,162.0,163.0,168.0,172.0,167.0,178.0,178.0,176.0,177.0,184.0,172.0,171.0,172.0,178.0,180.0,176.0,169.0,183.0,185.0,175.0,176.0,190.0,174.0,172.0,178.0,E_CODD,5,35,F2,Swab
Sample-103-B9_SRR12514740,1.0,1.0,1.0,1.0,1.0,1.0,1.0,1.0,1.0,1.0,99.0,96.0,102.0,101.0,107.0,105.0,102.0,100.0,99.0,105.0,125.0,131.0,130.0,126.0,120.0,126.0,126.0,129.0,125.0,125.0,137.0,130.0,140.0,151.0,148.0,142.0,148.0,147.0,141.0,137.0,149.0,152.0,151.0,156.0,150.0,151.0,155.0,154.0,151.0,152.0,159.0,165.0,164.0,156.0,157.0,168.0,156.0,159.0,164.0,164.0,161.0,165.0,173.0,156.0,156.0,166.0,159.0,176.0,167.0,169.0,167.0,168.0,172.0,167.0,177.0,167.0,172.0,174.0,171.0,168.0,177.0,181.0,185.0,176.0,176.0,176.0,174.0,171.0,168.0,171.0,180.0,178.0,182.0,189.0,182.0,169.0,179.0,183.0,181.0,172.0,E_CODD,5,35,F2,Swab
Sample-104-B10_SRR12486724,1.0,1.0,1.0,1.0,1.0,1.0,1.0,1.0,1.0,1.0,111.0,105.0,103.0,105.0,111.0,95.0,99.0,104.0,104.0,108.0,141.0,145.0,145.0,142.0,148.0,144.0,137.0,139.0,143.0,133.0,154.0,149.0,158.0,156.0,170.0,160.0,167.0,157.0,171.0,155.0,185.0,180.0,175.0,168.0,190.0,181.0,171.0,171.0,181.0,172.0,184.0,185.0,205.0,186.0,177.0,190.0,191.0,183.0,184.0,187.0,205.0,192.0,194.0,196.0,206.0,198.0,198.0,202.0,196.0,197.0,203.0,211.0,203.0,207.0,198.0,207.0,204.0,207.0,207.0,199.0,211.0,212.0,223.0,224.0,204.0,214.0,205.0,219.0,216.0,213.0,223.0,215.0,216.0,230.0,226.0,224.0,222.0,205.0,218.0,230.0,E_CODD,5,38,F2,Swab
Sample-104-B10_SRR12514729,1.0,1.0,1.0,1.0,1.0,1.0,1.0,1.0,1.0,1.0,107.0,105.0,108.0,98.0,116.0,99.0,117.0,121.0,108.0,113.0,144.0,141.0,138.0,139.0,137.0,136.0,131.0,138.0,150.0,144.0,164.0,152.0,172.0,160.0,160.0,159.0,152.0,167.0,164.0,167.0,175.0,179.0,161.0,176.0,171.0,168.0,189.0,170.0,183.0,176.0,186.0,192.0,191.0,189.0,179.0,187.0,195.0,180.0,183.0,190.0,195.0,202.0,201.0,199.0,197.0,198.0,201.0,203.0,199.0,209.0,203.0,203.0,203.0,208.0,200.0,211.0,204.0,216.0,198.0,206.0,205.0,216.0,216.0,210.0,221.0,211.0,221.0,211.0,208.0,228.0,216.0,222.0,212.0,217.0,218.0,221.0,222.0,216.0,226.0,223.0,E_CODD,5,38,F2,Swab
Sample-105-B11_SRR12486713,1.0,1.0,1.0,1.0,1.0,1.0,1.0,1.0,1.0,1.0,195.0,185.0,176.0,201.0,187.0,201.0,191.0,197.0,188.0,195.0,276.0,278.0,265.0,265.0,279.0,269.0,267.0,272.0,275.0,257.0,311.0,318.0,304.0,309.0,316.0,312.0,317.0,293.0,309.0,304.0,355.0,339.0,348.0,345.0,356.0,347.0,340.0,338.0,336.0,335.0,366.0,368.0,371.0,371.0,392.0,384.0,368.0,364.0,381.0,374.0,393.0,386.0,381.0,396.0,383.0,398.0,393.0,388.0,381.0,394.0,407.0,410.0,417.0,419.0,399.0,412.0,416.0,414.0,411.0,411.0,410.0,433.0,398.0,417.0,434.0,423.0,440.0,419.0,436.0,429.0,433.0,432.0,435.0,434.0,435.0,448.0,438.0,439.0,449.0,440.0,E_CODD,5,41,F2,Swab
Sample-105-B11_SRR12514718,1.0,1.0,1.0,1.0,1.0,1.0,1.0,1.0,1.0,1.0,200.0,192.0,196.0,177.0,185.0,187.0,193.0,205.0,182.0,189.0,257.0,251.0,269.0,267.0,265.0,251.0,253.0,262.0,247.0,260.0,310.0,309.0,312.0,315.0,317.0,315.0,323.0,317.0,327.0,309.0,323.0,342.0,347.0,347.0,353.0,354.0,344.0,347.0,328.0,363.0,381.0,376.0,370.0,386.0,378.0,362.0,376.0,374.0,377.0,379.0,382.0,412.0,397.0,407.0,388.0,392.0,395.0,405.0,393.0,398.0,409.0,432.0,406.0,405.0,403.0,413.0,404.0,422.0,389.0,411.0,436.0,423.0,417.0,415.0,421.0,436.0,425.0,435.0,419.0,424.0,433.0,423.0,432.0,437.0,444.0,444.0,429.0,429.0,446.0,428.0,E_CODD,5,41,F2,Swab
Sample-106-2712F3_SRR12486677,1.0,1.0,1.0,1.0,1.0,1.0,1.0,1.0,1.0,1.0,153.0,151.0,152.0,144.0,154.0,155.0,150.0,160.0,153.0,152.0,197.0,183.0,202.0,186.0,191.0,191.0,192.0,187.0,190.0,190.0,213.0,215.0,205.0,201.0,205.0,217.0,219.0,211.0,218.0,214.0,221.0,227.0,222.0,224.0,222.0,233.0,226.0,230.0,221.0,223.0,243.0,238.0,244.0,236.0,230.0,236.0,228.0,241.0,238.0,235.0,240.0,249.0,251.0,249.0,236.0,242.0,240.0,244.0,240.0,239.0,252.0,258.0,250.0,251.0,257.0,258.0,247.0,256.0,252.0,256.0,257.0,255.0,260.0,262.0,259.0,254.0,264.0,262.0,262.0,262.0,264.0,260.0,258.0,259.0,257.0,254.0,261.0,258.0,261.0,260.0,D_FOOTROT,12,27,F3,Swab
Sample-106-2712F3_SRR12514682,1.0,1.0,1.0,1.0,1.0,1.0,1.0,1.0,1.0,1.0,167.0,151.0,155.0,143.0,156.0,159.0,164.0,148.0,163.0,155.0,211.0,207.0,210.0,205.0,208.0,203.0,211.0,185.0,192.0,210.0,235.0,234.0,226.0,218.0,217.0,240.0,245.0,235.0,237.0,230.0,249.0,256.0,264.0,250.0,248.0,251.0,240.0,258.0,256.0,248.0,270.0,267.0,273.0,280.0,260.0,277.0,269.0,276.0,264.0,277.0,284.0,289.0,290.0,288.0,282.0,290.0,286.0,278.0,271.0,284.0,303.0,300.0,290.0,298.0,299.0,303.0,285.0,298.0,299.0,294.0,306.0,316.0,301.0,299.0,305.0,302.0,317.0,297.0,308.0,319.0,306.0,319.0,307.0,321.0,320.0,313.0,319.0,303.0,314.0,304.0,D_FOOTROT,12,27,F3,Swab
Sample-107-B13_SRR12486702,1.0,1.0,1.0,1.0,1.0,1.0,1.0,1.0,1.0,1.0,472.0,446.0,458.0,445.0,449.0,430.0,466.0,441.0,431.0,445.0,663.0,693.0,665.0,675.0,679.0,657.0,657.0,650.0,683.0,667.0,791.0,812.0,785.0,797.0,782.0,810.0,805.0,780.0,786.0,805.0,902.0,919.0,919.0,907.0,905.0,906.0,908.0,883.0,885.0,893.0,996.0,984.0,996.0,967.0,972.0,993.0,984.0,968.0,963.0,961.0,1017.0,1027.0,1008.0,1016.0,1020.0,1016.0,1038.0,1011.0,1016.0,1028.0,1082.0,1093.0,1062.0,1087.0,1090.0,1082.0,1095.0,1073.0,1063.0,1067.0,1123.0,1109.0,1110.0,1119.0,1117.0,1145.0,1115.0,1113.0,1146.0,1109.0,1132.0,1154.0,1175.0,1155.0,1152.0,1135.0,1141.0,1144.0,1141.0,1152.0,TRANSITION,8,23,F3,Swab
Sample-107-B13_SRR12514707,1.0,1.0,1.0,1.0,1.0,1.0,1.0,1.0,1.0,1.0,441.0,475.0,460.0,452.0,460.0,447.0,458.0,438.0,434.0,460.0,651.0,637.0,667.0,655.0,661.0,642.0,679.0,676.0,654.0,674.0,777.0,784.0,812.0,783.0,811.0,792.0,805.0,820.0,793.0,806.0,895.0,888.0,888.0,898.0,901.0,910.0,897.0,893.0,879.0,908.0,977.0,985.0,975.0,980.0,956.0,953.0,975.0,968.0,978.0,965.0,1047.0,1039.0,1044.0,1000.0,1022.0,1006.0,1047.0,1004.0,1037.0,1045.0,1077.0,1089.0,1072.0,1078.0,1090.0,1074.0,1065.0,1071.0,1068.0,1079.0,1124.0,1114.0,1108.0,1135.0,1107.0,1135.0,1120.0,1083.0,1123.0,1128.0,1157.0,1161.0,1152.0,1135.0,1132.0,1141.0,1152.0,1144.0,1169.0,1130.0,TRANSITION,8,23,F3,Swab
Sample-108-B14_SRR12486691,1.0,1.0,1.0,1.0,1.0,1.0,1.0,1.0,1.0,1.0,99.0,110.0,107.0,105.0,100.0,110.0,108.0,111.0,109.0,111.0,129.0,127.0,130.0,135.0,130.0,141.0,132.0,133.0,131.0,126.0,140.0,145.0,144.0,148.0,141.0,136.0,150.0,146.0,143.0,141.0,147.0,155.0,159.0,149.0,152.0,160.0,156.0,165.0,153.0,152.0,161.0,164.0,171.0,161.0,160.0,161.0,162.0,154.0,157.0,161.0,169.0,165.0,168.0,163.0,164.0,163.0,166.0,162.0,171.0,170.0,175.0,169.0,171.0,175.0,176.0,162.0,173.0,173.0,174.0,170.0,175.0,174.0,176.0,174.0,178.0,168.0,165.0,172.0,176.0,179.0,178.0,180.0,183.0,183.0,179.0,173.0,180.0,169.0,180.0,178.0,E_CODD,8,33,F3,Swab
Sample-108-B14_SRR12514696,1.0,1.0,1.0,1.0,1.0,1.0,1.0,1.0,1.0,1.0,106.0,103.0,99.0,108.0,104.0,103.0,110.0,110.0,112.0,117.0,139.0,124.0,145.0,135.0,131.0,139.0,133.0,133.0,136.0,129.0,146.0,147.0,151.0,145.0,147.0,145.0,145.0,149.0,145.0,153.0,158.0,162.0,156.0,149.0,160.0,155.0,153.0,162.0,155.0,162.0,154.0,164.0,157.0,158.0,162.0,152.0,159.0,155.0,164.0,166.0,168.0,162.0,173.0,162.0,171.0,159.0,169.0,162.0,164.0,170.0,172.0,174.0,168.0,170.0,163.0,172.0,167.0,169.0,169.0,169.0,179.0,175.0,181.0,180.0,175.0,175.0,171.0,181.0,180.0,171.0,175.0,167.0,177.0,185.0,179.0,176.0,179.0,178.0,176.0,185.0,E_CODD,8,33,F3,Swab
Sample-109-2714F3_SRR12486676,1.0,1.0,1.0,1.0,1.0,1.0,1.0,1.0,1.0,1.0,323.0,354.0,347.0,344.0,323.0,341.0,346.0,343.0,343.0,350.0,469.0,465.0,447.0,455.0,467.0,446.0,466.0,460.0,463.0,460.0,523.0,518.0,517.0,529.0,526.0,525.0,513.0,518.0,521.0,524.0,558.0,551.0,558.0,560.0,565.0,579.0,564.0,569.0,578.0,555.0,594.0,590.0,590.0,573.0,590.0,590.0,586.0,566.0,585.0,586.0,604.0,613.0,608.0,628.0,628.0,613.0,610.0,602.0,619.0,621.0,631.0,643.0,627.0,638.0,620.0,639.0,620.0,614.0,630.0,628.0,635.0,648.0,646.0,641.0,637.0,639.0,645.0,642.0,645.0,638.0,655.0,656.0,648.0,642.0,650.0,644.0,657.0,652.0,659.0,654.0,C_ID,14,27,F3,Swab
Sample-109-2714F3_SRR12514681,1.0,1.0,1.0,1.0,1.0,1.0,1.0,1.0,1.0,1.0,382.0,397.0,390.0,385.0,393.0,399.0,410.0,368.0,376.0,362.0,550.0,523.0,544.0,534.0,517.0,520.0,550.0,516.0,543.0,548.0,632.0,652.0,655.0,630.0,652.0,634.0,667.0,626.0,642.0,646.0,739.0,730.0,738.0,722.0,719.0,734.0,738.0,750.0,720.0,718.0,762.0,779.0,792.0,785.0,791.0,785.0,795.0,785.0,793.0,800.0,829.0,859.0,816.0,836.0,835.0,839.0,851.0,848.0,837.0,834.0,876.0,867.0,881.0,872.0,885.0,865.0,875.0,887.0,857.0,879.0,896.0,910.0,940.0,917.0,903.0,914.0,900.0,910.0,922.0,914.0,936.0,937.0,936.0,936.0,932.0,931.0,937.0,937.0,933.0,917.0,C_ID,14,27,F3,Swab
Sample-109-B15_SRR12486680,1.0,1.0,1.0,1.0,1.0,1.0,1.0,1.0,1.0,1.0,115.0,135.0,128.0,127.0,130.0,116.0,114.0,124.0,137.0,121.0,157.0,150.0,158.0,157.0,158.0,144.0,154.0,152.0,158.0,154.0,172.0,167.0,176.0,172.0,169.0,168.0,171.0,169.0,160.0,168.0,187.0,177.0,180.0,187.0,183.0,182.0,178.0,190.0,179.0,183.0,192.0,192.0,190.0,193.0,182.0,193.0,190.0,199.0,191.0,191.0,192.0,193.0,203.0,196.0,197.0,196.0,196.0,199.0,204.0,190.0,203.0,202.0,194.0,202.0,206.0,198.0,200.0,192.0,205.0,202.0,202.0,210.0,200.0,212.0,200.0,203.0,207.0,211.0,204.0,197.0,210.0,206.0,213.0,212.0,217.0,213.0,217.0,212.0,207.0,209.0,E_CODD,8,34,F3,Swab
Sample-109-B15_SRR12514685,1.0,1.0,1.0,1.0,1.0,1.0,1.0,1.0,1.0,1.0,123.0,125.0,118.0,123.0,122.0,123.0,118.0,122.0,126.0,128.0,155.0,153.0,149.0,156.0,158.0,153.0,159.0,154.0,158.0,156.0,185.0,174.0,172.0,161.0,174.0,160.0,166.0,161.0,169.0,167.0,181.0,177.0,183.0,188.0,184.0,179.0,186.0,189.0,181.0,179.0,186.0,189.0,184.0,189.0,198.0,192.0,191.0,184.0,199.0,193.0,201.0,203.0,191.0,202.0,191.0,189.0,194.0,197.0,195.0,192.0,206.0,199.0,201.0,204.0,200.0,199.0,207.0,203.0,201.0,207.0,202.0,203.0,207.0,207.0,197.0,209.0,200.0,210.0,204.0,208.0,205.0,206.0,208.0,208.0,217.0,213.0,212.0,210.0,207.0,204.0,E_CODD,8,34,F3,Swab
Sample-11-152F2_SRR12486675,1.0,1.0,1.0,1.0,1.0,1.0,1.0,1.0,1.0,1.0,371.0,388.0,369.0,387.0,364.0,382.0,387.0,370.0,376.0,374.0,512.0,522.0,518.0,513.0,495.0,513.0,513.0,507.0,521.0,516.0,564.0,589.0,592.0,598.0,590.0,580.0,576.0,568.0,580.0,589.0,633.0,626.0,636.0,627.0,643.0,625.0,650.0,638.0,626.0,613.0,666.0,658.0,659.0,649.0,675.0,662.0,665.0,664.0,653.0,660.0,684.0,674.0,679.0,674.0,698.0,689.0,677.0,676.0,688.0,680.0,689.0,697.0,699.0,689.0,709.0,701.0,688.0,701.0,700.0,705.0,713.0,724.0,705.0,716.0,718.0,710.0,723.0,714.0,721.0,709.0,721.0,721.0,728.0,723.0,732.0,728.0,721.0,716.0,736.0,718.0,A_HEALTHY,2,15,F2,Swab
Sample-11-152F2_SRR12514680,1.0,1.0,1.0,1.0,1.0,1.0,1.0,1.0,1.0,1.0,451.0,414.0,432.0,432.0,429.0,414.0,452.0,456.0,421.0,438.0,634.0,657.0,624.0,615.0,640.0,630.0,651.0,610.0,647.0,618.0,766.0,782.0,749.0,768.0,760.0,741.0,766.0,730.0,771.0,762.0,815.0,840.0,869.0,829.0,833.0,845.0,841.0,861.0,857.0,867.0,908.0,917.0,922.0,925.0,911.0,896.0,915.0,927.0,904.0,933.0,979.0,982.0,970.0,983.0,984.0,989.0,986.0,971.0,967.0,958.0,1020.0,1007.0,1013.0,1003.0,1000.0,1003.0,1018.0,1007.0,1032.0,1000.0,1065.0,1066.0,1049.0,1015.0,1056.0,1066.0,1038.0,1037.0,1045.0,1048.0,1073.0,1078.0,1070.0,1072.0,1066.0,1084.0,1076.0,1064.0,1071.0,1090.0,A_HEALTHY,2,15,F2,Swab
Sample-110-B16_SRR12486669,1.0,1.0,1.0,1.0,1.0,1.0,1.0,1.0,1.0,1.0,101.0,105.0,104.0,106.0,97.0,102.0,105.0,101.0,105.0,114.0,124.0,131.0,127.0,125.0,126.0,131.0,125.0,117.0,136.0,129.0,137.0,138.0,144.0,146.0,141.0,140.0,139.0,142.0,138.0,138.0,147.0,149.0,141.0,143.0,146.0,145.0,148.0,143.0,141.0,153.0,146.0,147.0,152.0,158.0,151.0,154.0,149.0,147.0,147.0,153.0,159.0,149.0,158.0,155.0,150.0,155.0,158.0,156.0,157.0,156.0,156.0,165.0,161.0,159.0,157.0,155.0,161.0,160.0,162.0,159.0,163.0,158.0,159.0,158.0,165.0,154.0,153.0,164.0,160.0,161.0,169.0,168.0,165.0,162.0,162.0,163.0,166.0,162.0,160.0,166.0,E_CODD,8,38,F3,Swab
Sample-110-B16_SRR12514674,1.0,1.0,1.0,1.0,1.0,1.0,1.0,1.0,1.0,1.0,102.0,102.0,107.0,109.0,101.0,103.0,96.0,103.0,108.0,109.0,131.0,124.0,124.0,123.0,126.0,132.0,134.0,122.0,125.0,119.0,138.0,128.0,136.0,137.0,147.0,135.0,135.0,139.0,132.0,140.0,143.0,140.0,151.0,145.0,145.0,148.0,146.0,152.0,149.0,142.0,150.0,153.0,154.0,155.0,158.0,146.0,153.0,153.0,153.0,149.0,159.0,159.0,160.0,160.0,154.0,158.0,156.0,151.0,153.0,159.0,157.0,157.0,154.0,161.0,156.0,159.0,152.0,163.0,161.0,157.0,162.0,159.0,162.0,159.0,161.0,155.0,160.0,161.0,162.0,159.0,162.0,161.0,161.0,159.0,167.0,164.0,165.0,157.0,161.0,167.0,E_CODD,8,38,F3,Swab
Sample-111-272F2_SRR12486674,1.0,1.0,1.0,1.0,1.0,1.0,1.0,1.0,1.0,1.0,143.0,150.0,132.0,141.0,146.0,140.0,157.0,145.0,145.0,142.0,177.0,174.0,175.0,177.0,177.0,179.0,176.0,171.0,166.0,176.0,192.0,187.0,193.0,188.0,186.0,197.0,190.0,202.0,193.0,188.0,203.0,210.0,205.0,199.0,199.0,207.0,206.0,210.0,200.0,206.0,213.0,217.0,220.0,215.0,215.0,218.0,205.0,207.0,209.0,212.0,217.0,218.0,223.0,215.0,222.0,219.0,224.0,224.0,218.0,224.0,223.0,228.0,228.0,224.0,218.0,224.0,228.0,222.0,230.0,226.0,228.0,229.0,229.0,235.0,224.0,232.0,226.0,234.0,230.0,228.0,227.0,237.0,227.0,235.0,233.0,234.0,233.0,234.0,233.0,234.0,D_FOOTROT,2,27,F2,Swab
Sample-111-272F2_SRR12514679,1.0,1.0,1.0,1.0,1.0,1.0,1.0,1.0,1.0,1.0,155.0,150.0,163.0,146.0,158.0,147.0,161.0,159.0,151.0,151.0,198.0,198.0,192.0,206.0,197.0,200.0,193.0,202.0,191.0,197.0,219.0,210.0,218.0,214.0,216.0,224.0,222.0,214.0,227.0,222.0,250.0,238.0,239.0,234.0,225.0,228.0,242.0,242.0,232.0,232.0,254.0,255.0,263.0,250.0,253.0,253.0,256.0,253.0,255.0,241.0,271.0,260.0,261.0,266.0,270.0,265.0,264.0,256.0,262.0,262.0,281.0,273.0,271.0,267.0,276.0,270.0,272.0,283.0,271.0,278.0,274.0,276.0,283.0,284.0,285.0,280.0,278.0,272.0,275.0,281.0,282.0,286.0,291.0,293.0,283.0,288.0,288.0,295.0,288.0,287.0,D_FOOTROT,2,27,F2,Swab
Sample-111-B17_SRR12486658,1.0,1.0,1.0,1.0,1.0,1.0,1.0,1.0,1.0,1.0,281.0,283.0,277.0,272.0,258.0,274.0,254.0,278.0,277.0,267.0,411.0,383.0,386.0,370.0,386.0,391.0,385.0,389.0,402.0,379.0,479.0,439.0,450.0,472.0,467.0,464.0,453.0,471.0,449.0,463.0,512.0,504.0,493.0,531.0,516.0,505.0,515.0,512.0,526.0,520.0,554.0,573.0,558.0,544.0,551.0,549.0,554.0,543.0,562.0,563.0,599.0,574.0,581.0,575.0,576.0,578.0,572.0,574.0,578.0,580.0,619.0,611.0,611.0,599.0,603.0,617.0,624.0,602.0,598.0,607.0,627.0,623.0,629.0,634.0,629.0,632.0,628.0,624.0,622.0,648.0,640.0,640.0,632.0,661.0,653.0,641.0,653.0,642.0,643.0,658.0,E_CODD,8,43,F3,Swab
Sample-111-B17_SRR12514663,1.0,1.0,1.0,1.0,1.0,1.0,1.0,1.0,1.0,1.0,279.0,264.0,271.0,284.0,284.0,275.0,290.0,279.0,277.0,274.0,384.0,374.0,385.0,386.0,396.0,390.0,389.0,371.0,397.0,385.0,457.0,462.0,484.0,450.0,469.0,464.0,473.0,455.0,446.0,437.0,499.0,509.0,529.0,528.0,523.0,508.0,527.0,514.0,528.0,503.0,556.0,551.0,534.0,569.0,557.0,560.0,550.0,554.0,550.0,549.0,573.0,593.0,590.0,573.0,562.0,598.0,581.0,575.0,580.0,586.0,601.0,620.0,611.0,606.0,602.0,610.0,601.0,608.0,612.0,599.0,635.0,617.0,633.0,655.0,622.0,615.0,637.0,629.0,614.0,629.0,653.0,643.0,645.0,638.0,638.0,652.0,669.0,649.0,657.0,660.0,E_CODD,8,43,F3,Swab
Sample-113-275F2_SRR12486673,1.0,1.0,1.0,1.0,1.0,1.0,1.0,1.0,1.0,1.0,346.0,340.0,337.0,338.0,339.0,337.0,346.0,335.0,362.0,333.0,478.0,468.0,499.0,484.0,464.0,469.0,486.0,475.0,460.0,444.0,562.0,544.0,568.0,542.0,557.0,552.0,569.0,544.0,556.0,558.0,611.0,609.0,607.0,629.0,609.0,608.0,617.0,618.0,628.0,626.0,640.0,644.0,650.0,663.0,647.0,666.0,654.0,656.0,667.0,656.0,677.0,706.0,693.0,678.0,678.0,700.0,677.0,678.0,684.0,697.0,717.0,733.0,707.0,721.0,717.0,725.0,710.0,710.0,737.0,714.0,740.0,727.0,744.0,739.0,735.0,736.0,720.0,728.0,755.0,731.0,758.0,757.0,756.0,757.0,755.0,753.0,764.0,761.0,757.0,756.0,C_ID,5,27,F2,Swab
Sample-113-275F2_SRR12514678,1.0,1.0,1.0,1.0,1.0,1.0,1.0,1.0,1.0,1.0,345.0,373.0,344.0,374.0,354.0,348.0,349.0,360.0,351.0,356.0,498.0,518.0,529.0,502.0,524.0,497.0,519.0,522.0,532.0,522.0,614.0,645.0,619.0,616.0,629.0,650.0,644.0,650.0,622.0,608.0,710.0,725.0,708.0,718.0,732.0,743.0,723.0,729.0,707.0,719.0,792.0,791.0,768.0,781.0,789.0,795.0,774.0,778.0,801.0,785.0,844.0,853.0,837.0,855.0,830.0,869.0,830.0,845.0,845.0,837.0,902.0,922.0,906.0,896.0,880.0,880.0,898.0,878.0,892.0,907.0,928.0,907.0,932.0,959.0,944.0,917.0,940.0,942.0,914.0,927.0,982.0,980.0,962.0,966.0,962.0,979.0,961.0,983.0,972.0,951.0,C_ID,5,27,F2,Swab
Sample-113-B19_SRR12486802,1.0,1.0,1.0,1.0,1.0,1.0,1.0,1.0,1.0,1.0,198.0,204.0,204.0,203.0,216.0,205.0,215.0,214.0,214.0,193.0,309.0,315.0,320.0,300.0,300.0,302.0,296.0,294.0,303.0,289.0,350.0,342.0,356.0,354.0,351.0,349.0,336.0,362.0,343.0,366.0,392.0,387.0,403.0,392.0,388.0,407.0,395.0,400.0,394.0,397.0,438.0,418.0,428.0,437.0,438.0,433.0,425.0,424.0,452.0,442.0,445.0,463.0,460.0,452.0,471.0,460.0,457.0,470.0,471.0,464.0,484.0,482.0,476.0,481.0,491.0,467.0,499.0,504.0,484.0,488.0,505.0,509.0,510.0,493.0,499.0,504.0,483.0,526.0,511.0,507.0,523.0,518.0,524.0,517.0,526.0,521.0,538.0,518.0,519.0,508.0,A_HEALTHY,23,19,F4,Swab
Sample-113-B19_SRR12514807,1.0,1.0,1.0,1.0,1.0,1.0,1.0,1.0,1.0,1.0,218.0,209.0,209.0,205.0,211.0,227.0,195.0,197.0,210.0,206.0,290.0,309.0,286.0,311.0,308.0,292.0,304.0,294.0,296.0,308.0,353.0,342.0,331.0,353.0,360.0,368.0,362.0,344.0,355.0,344.0,399.0,404.0,400.0,389.0,391.0,387.0,405.0,410.0,396.0,397.0,461.0,433.0,431.0,431.0,431.0,452.0,440.0,425.0,435.0,423.0,458.0,450.0,464.0,490.0,445.0,462.0,467.0,454.0,462.0,461.0,496.0,488.0,481.0,462.0,494.0,498.0,476.0,484.0,465.0,485.0,507.0,492.0,497.0,499.0,509.0,508.0,512.0,515.0,502.0,513.0,528.0,514.0,513.0,538.0,542.0,509.0,532.0,509.0,523.0,530.0,A_HEALTHY,23,19,F4,Swab
Sample-114-278F3_SRR12486672,1.0,1.0,1.0,1.0,1.0,1.0,1.0,1.0,1.0,1.0,209.0,198.0,199.0,205.0,198.0,183.0,197.0,216.0,204.0,205.0,273.0,258.0,265.0,279.0,264.0,267.0,266.0,276.0,284.0,260.0,314.0,310.0,300.0,298.0,306.0,308.0,313.0,311.0,312.0,290.0,334.0,334.0,338.0,329.0,340.0,336.0,336.0,316.0,328.0,334.0,360.0,351.0,355.0,356.0,337.0,354.0,358.0,348.0,358.0,368.0,379.0,362.0,370.0,376.0,365.0,372.0,367.0,375.0,364.0,368.0,387.0,384.0,381.0,392.0,382.0,380.0,378.0,383.0,383.0,383.0,395.0,398.0,378.0,390.0,397.0,392.0,385.0,398.0,394.0,395.0,389.0,398.0,392.0,399.0,403.0,397.0,402.0,404.0,405.0,390.0,C_ID,8,27,F3,Swab
Sample-114-278F3_SRR12514677,1.0,1.0,1.0,1.0,1.0,1.0,1.0,1.0,1.0,1.0,225.0,219.0,213.0,199.0,224.0,214.0,221.0,207.0,211.0,229.0,295.0,297.0,290.0,306.0,301.0,296.0,304.0,317.0,290.0,297.0,363.0,355.0,346.0,355.0,355.0,346.0,346.0,366.0,355.0,359.0,384.0,396.0,406.0,385.0,398.0,383.0,406.0,391.0,407.0,389.0,410.0,430.0,444.0,424.0,448.0,455.0,437.0,426.0,443.0,435.0,464.0,466.0,453.0,439.0,468.0,463.0,458.0,447.0,460.0,455.0,470.0,463.0,492.0,486.0,491.0,477.0,477.0,494.0,491.0,479.0,498.0,502.0,517.0,497.0,521.0,499.0,493.0,509.0,496.0,508.0,532.0,521.0,523.0,534.0,521.0,521.0,523.0,518.0,526.0,528.0,C_ID,8,27,F3,Swab
Sample-114-B20_SRR12486791,1.0,1.0,1.0,1.0,1.0,1.0,1.0,1.0,1.0,1.0,127.0,129.0,125.0,137.0,120.0,121.0,130.0,137.0,132.0,122.0,152.0,153.0,161.0,160.0,150.0,157.0,154.0,158.0,163.0,167.0,175.0,189.0,190.0,180.0,178.0,174.0,186.0,179.0,172.0,178.0,186.0,195.0,198.0,193.0,199.0,191.0,187.0,196.0,186.0,199.0,214.0,204.0,214.0,210.0,215.0,210.0,213.0,209.0,204.0,204.0,211.0,214.0,216.0,218.0,222.0,213.0,227.0,213.0,212.0,220.0,220.0,226.0,227.0,214.0,227.0,239.0,229.0,224.0,222.0,223.0,237.0,237.0,237.0,224.0,232.0,222.0,227.0,229.0,230.0,230.0,235.0,234.0,234.0,233.0,236.0,237.0,230.0,232.0,239.0,232.0,E_CODD,23,32,F4,Swab
Sample-114-B20_SRR12514796,1.0,1.0,1.0,1.0,1.0,1.0,1.0,1.0,1.0,1.0,129.0,127.0,130.0,129.0,125.0,127.0,126.0,128.0,128.0,114.0,168.0,159.0,154.0,161.0,147.0,154.0,166.0,161.0,154.0,158.0,191.0,181.0,189.0,172.0,184.0,178.0,189.0,172.0,175.0,186.0,188.0,183.0,198.0,189.0,202.0,192.0,198.0,193.0,192.0,200.0,209.0,199.0,199.0,210.0,199.0,206.0,201.0,210.0,204.0,209.0,210.0,217.0,226.0,213.0,213.0,217.0,221.0,231.0,213.0,220.0,235.0,219.0,227.0,210.0,229.0,222.0,218.0,217.0,222.0,225.0,236.0,239.0,232.0,225.0,235.0,223.0,230.0,243.0,237.0,233.0,236.0,237.0,241.0,237.0,231.0,239.0,225.0,245.0,236.0,241.0,E_CODD,23,32,F4,Swab
Sample-115-279F1_SRR12486671,1.0,1.0,1.0,1.0,1.0,1.0,1.0,1.0,1.0,1.0,246.0,230.0,237.0,248.0,238.0,240.0,241.0,239.0,238.0,238.0,316.0,313.0,311.0,313.0,316.0,316.0,316.0,311.0,329.0,326.0,360.0,348.0,355.0,367.0,359.0,365.0,354.0,361.0,353.0,360.0,384.0,383.0,393.0,386.0,394.0,379.0,395.0,385.0,382.0,384.0,407.0,415.0,410.0,413.0,400.0,419.0,399.0,406.0,402.0,398.0,419.0,432.0,417.0,423.0,425.0,411.0,428.0,424.0,416.0,423.0,426.0,427.0,435.0,437.0,442.0,431.0,432.0,421.0,437.0,430.0,449.0,453.0,437.0,440.0,442.0,443.0,449.0,451.0,441.0,446.0,446.0,449.0,446.0,456.0,457.0,442.0,448.0,449.0,455.0,450.0,D_FOOTROT,9,27,F1,Swab
Sample-115-279F1_SRR12514676,1.0,1.0,1.0,1.0,1.0,1.0,1.0,1.0,1.0,1.0,267.0,269.0,269.0,262.0,272.0,265.0,268.0,258.0,251.0,270.0,369.0,359.0,379.0,365.0,372.0,360.0,393.0,356.0,351.0,348.0,406.0,450.0,436.0,455.0,412.0,439.0,424.0,426.0,423.0,434.0,482.0,475.0,461.0,491.0,454.0,479.0,488.0,481.0,489.0,481.0,530.0,515.0,527.0,527.0,512.0,516.0,523.0,518.0,507.0,527.0,547.0,552.0,553.0,548.0,546.0,546.0,558.0,539.0,551.0,537.0,578.0,581.0,568.0,571.0,569.0,585.0,572.0,567.0,575.0,580.0,589.0,592.0,593.0,602.0,586.0,598.0,603.0,596.0,586.0,607.0,628.0,618.0,621.0,630.0,620.0,619.0,607.0,621.0,628.0,617.0,D_FOOTROT,9,27,F1,Swab
Sample-115-B21_SRR12486780,1.0,1.0,1.0,1.0,1.0,1.0,1.0,1.0,1.0,1.0,112.0,116.0,107.0,106.0,115.0,109.0,109.0,105.0,104.0,108.0,132.0,137.0,138.0,130.0,134.0,143.0,134.0,138.0,133.0,136.0,147.0,147.0,149.0,145.0,153.0,153.0,148.0,143.0,152.0,151.0,158.0,155.0,167.0,159.0,154.0,161.0,164.0,159.0,162.0,160.0,168.0,162.0,167.0,169.0,163.0,165.0,162.0,164.0,171.0,164.0,165.0,174.0,174.0,175.0,173.0,175.0,170.0,175.0,175.0,168.0,171.0,173.0,184.0,174.0,177.0,174.0,185.0,169.0,177.0,176.0,185.0,191.0,191.0,182.0,188.0,183.0,183.0,188.0,185.0,181.0,189.0,193.0,187.0,174.0,188.0,192.0,179.0,185.0,183.0,181.0,E_CODD,23,35,F4,Swab
Sample-115-B21_SRR12514785,1.0,1.0,1.0,1.0,1.0,1.0,1.0,1.0,1.0,1.0,112.0,116.0,110.0,106.0,107.0,114.0,111.0,111.0,113.0,110.0,136.0,137.0,134.0,136.0,145.0,134.0,132.0,141.0,132.0,136.0,140.0,157.0,147.0,143.0,149.0,145.0,159.0,153.0,147.0,150.0,150.0,163.0,155.0,159.0,156.0,156.0,159.0,162.0,165.0,160.0,176.0,164.0,159.0,178.0,167.0,167.0,167.0,165.0,170.0,165.0,179.0,174.0,182.0,166.0,175.0,169.0,161.0,179.0,175.0,177.0,178.0,177.0,179.0,187.0,174.0,169.0,176.0,177.0,179.0,184.0,185.0,178.0,180.0,193.0,175.0,183.0,186.0,187.0,178.0,171.0,185.0,182.0,191.0,191.0,186.0,185.0,187.0,182.0,191.0,186.0,E_CODD,23,35,F4,Swab
Sample-116-B22_SRR12486769,1.0,1.0,1.0,1.0,1.0,1.0,1.0,1.0,1.0,1.0,113.0,103.0,117.0,120.0,114.0,110.0,105.0,103.0,110.0,104.0,143.0,135.0,131.0,147.0,135.0,137.0,135.0,141.0,142.0,142.0,157.0,142.0,153.0,165.0,142.0,154.0,148.0,152.0,141.0,156.0,159.0,156.0,165.0,167.0,145.0,165.0,166.0,158.0,163.0,158.0,168.0,166.0,159.0,170.0,170.0,167.0,174.0,166.0,169.0,174.0,175.0,181.0,176.0,181.0,173.0,174.0,183.0,181.0,179.0,171.0,176.0,180.0,170.0,178.0,181.0,185.0,171.0,182.0,181.0,177.0,182.0,186.0,182.0,189.0,185.0,185.0,195.0,183.0,187.0,180.0,182.0,185.0,188.0,188.0,189.0,193.0,188.0,197.0,188.0,180.0,E_CODD,23,38,F4,Swab
Sample-116-B22_SRR12514774,1.0,1.0,1.0,1.0,1.0,1.0,1.0,1.0,1.0,1.0,115.0,113.0,113.0,113.0,117.0,111.0,113.0,114.0,109.0,115.0,138.0,134.0,131.0,134.0,132.0,139.0,145.0,140.0,137.0,131.0,147.0,142.0,153.0,141.0,155.0,154.0,150.0,148.0,157.0,149.0,160.0,160.0,162.0,155.0,158.0,158.0,163.0,168.0,156.0,161.0,175.0,168.0,173.0,164.0,162.0,165.0,166.0,169.0,177.0,170.0,175.0,175.0,173.0,182.0,176.0,175.0,176.0,176.0,180.0,184.0,179.0,186.0,184.0,177.0,182.0,181.0,181.0,173.0,175.0,178.0,183.0,183.0,180.0,195.0,196.0,183.0,179.0,180.0,177.0,179.0,189.0,194.0,180.0,189.0,189.0,183.0,191.0,186.0,192.0,187.0,E_CODD,23,38,F4,Swab
Sample-117-B23_SRR12486758,1.0,1.0,1.0,1.0,1.0,1.0,1.0,1.0,1.0,1.0,100.0,95.0,93.0,87.0,100.0,90.0,97.0,84.0,93.0,103.0,118.0,133.0,122.0,131.0,120.0,126.0,129.0,133.0,121.0,121.0,140.0,149.0,144.0,140.0,144.0,147.0,141.0,142.0,135.0,141.0,153.0,149.0,138.0,151.0,158.0,153.0,157.0,153.0,148.0,152.0,161.0,160.0,148.0,159.0,161.0,164.0,162.0,164.0,159.0,155.0,169.0,164.0,161.0,172.0,181.0,173.0,178.0,158.0,173.0,169.0,172.0,175.0,187.0,169.0,179.0,177.0,185.0,180.0,176.0,174.0,175.0,185.0,186.0,172.0,184.0,183.0,175.0,177.0,180.0,176.0,182.0,186.0,181.0,181.0,182.0,182.0,183.0,188.0,185.0,191.0,E_CODD,23,39,F4,Swab
Sample-117-B23_SRR12514763,1.0,1.0,1.0,1.0,1.0,1.0,1.0,1.0,1.0,1.0,99.0,98.0,98.0,99.0,95.0,95.0,91.0,98.0,96.0,98.0,120.0,122.0,125.0,128.0,117.0,120.0,134.0,123.0,131.0,131.0,143.0,140.0,137.0,132.0,138.0,138.0,133.0,138.0,143.0,136.0,156.0,153.0,155.0,153.0,151.0,160.0,153.0,136.0,161.0,154.0,158.0,158.0,158.0,160.0,164.0,162.0,165.0,163.0,164.0,158.0,168.0,161.0,168.0,160.0,167.0,162.0,163.0,160.0,176.0,172.0,172.0,170.0,180.0,174.0,182.0,173.0,170.0,175.0,177.0,181.0,184.0,183.0,173.0,183.0,183.0,176.0,182.0,182.0,175.0,178.0,188.0,179.0,184.0,186.0,186.0,179.0,181.0,183.0,189.0,182.0,E_CODD,23,39,F4,Swab
Sample-118-2812F3_SRR12486670,1.0,1.0,1.0,1.0,1.0,1.0,1.0,1.0,1.0,1.0,112.0,116.0,111.0,112.0,116.0,108.0,114.0,112.0,112.0,104.0,131.0,128.0,124.0,132.0,130.0,130.0,130.0,132.0,130.0,128.0,135.0,141.0,143.0,142.0,137.0,148.0,145.0,144.0,137.0,146.0,149.0,145.0,150.0,151.0,147.0,147.0,148.0,146.0,144.0,151.0,152.0,154.0,153.0,151.0,149.0,153.0,154.0,154.0,149.0,150.0,154.0,156.0,156.0,154.0,154.0,160.0,159.0,157.0,157.0,162.0,159.0,160.0,155.0,161.0,157.0,158.0,159.0,159.0,160.0,161.0,161.0,159.0,165.0,161.0,163.0,154.0,164.0,160.0,159.0,159.0,162.0,165.0,165.0,161.0,167.0,162.0,165.0,161.0,164.0,164.0,D_FOOTROT,12,28,F3,Swab
Sample-118-2812F3_SRR12514675,1.0,1.0,1.0,1.0,1.0,1.0,1.0,1.0,1.0,1.0,116.0,116.0,114.0,119.0,120.0,123.0,114.0,115.0,117.0,114.0,145.0,146.0,144.0,149.0,137.0,137.0,137.0,147.0,134.0,155.0,151.0,158.0,158.0,157.0,154.0,160.0,160.0,151.0,157.0,153.0,161.0,163.0,169.0,168.0,165.0,165.0,174.0,169.0,174.0,169.0,184.0,172.0,173.0,169.0,185.0,175.0,180.0,185.0,171.0,172.0,171.0,173.0,189.0,181.0,185.0,183.0,192.0,181.0,183.0,174.0,190.0,182.0,199.0,192.0,185.0,187.0,183.0,182.0,187.0,183.0,195.0,200.0,188.0,196.0,190.0,197.0,201.0,193.0,189.0,200.0,198.0,192.0,192.0,198.0,201.0,201.0,192.0,195.0,196.0,195.0,D_FOOTROT,12,28,F3,Swab
Sample-119-2814F3_SRR12486668,1.0,1.0,1.0,1.0,1.0,1.0,1.0,1.0,1.0,1.0,159.0,162.0,161.0,163.0,166.0,162.0,166.0,160.0,155.0,151.0,194.0,189.0,193.0,204.0,197.0,208.0,204.0,195.0,199.0,206.0,221.0,222.0,216.0,218.0,216.0,210.0,228.0,217.0,224.0,212.0,241.0,235.0,241.0,227.0,236.0,234.0,237.0,236.0,230.0,247.0,249.0,244.0,249.0,249.0,249.0,248.0,249.0,243.0,255.0,252.0,260.0,252.0,269.0,251.0,255.0,256.0,247.0,257.0,251.0,248.0,271.0,263.0,245.0,266.0,264.0,265.0,267.0,267.0,261.0,265.0,263.0,267.0,269.0,269.0,271.0,265.0,269.0,269.0,266.0,265.0,274.0,268.0,269.0,272.0,271.0,271.0,267.0,266.0,270.0,269.0,D_FOOTROT,14,28,F3,Swab
Sample-119-2814F3_SRR12514673,1.0,1.0,1.0,1.0,1.0,1.0,1.0,1.0,1.0,1.0,167.0,186.0,167.0,168.0,180.0,165.0,174.0,182.0,169.0,178.0,232.0,234.0,222.0,233.0,219.0,234.0,218.0,228.0,230.0,225.0,257.0,265.0,271.0,253.0,253.0,261.0,265.0,273.0,260.0,254.0,293.0,282.0,289.0,297.0,285.0,287.0,290.0,286.0,298.0,289.0,304.0,311.0,318.0,307.0,312.0,308.0,291.0,305.0,297.0,309.0,329.0,325.0,319.0,318.0,327.0,335.0,313.0,328.0,326.0,330.0,343.0,338.0,328.0,319.0,335.0,343.0,335.0,327.0,348.0,334.0,336.0,344.0,348.0,359.0,346.0,349.0,327.0,352.0,349.0,346.0,358.0,353.0,346.0,343.0,357.0,354.0,353.0,357.0,355.0,365.0,D_FOOTROT,14,28,F3,Swab
Sample-119-B25_SRR12486747,1.0,1.0,1.0,1.0,1.0,1.0,1.0,1.0,1.0,1.0,523.0,515.0,551.0,569.0,549.0,531.0,551.0,526.0,515.0,528.0,841.0,829.0,853.0,843.0,789.0,844.0,821.0,813.0,809.0,835.0,1008.0,1027.0,1002.0,997.0,1031.0,1023.0,1003.0,1006.0,1027.0,1023.0,1169.0,1156.0,1172.0,1185.0,1169.0,1163.0,1142.0,1161.0,1189.0,1193.0,1283.0,1290.0,1306.0,1294.0,1244.0,1303.0,1258.0,1307.0,1293.0,1290.0,1364.0,1373.0,1387.0,1381.0,1373.0,1385.0,1372.0,1402.0,1366.0,1380.0,1435.0,1480.0,1470.0,1454.0,1463.0,1422.0,1457.0,1476.0,1454.0,1438.0,1519.0,1500.0,1511.0,1506.0,1523.0,1505.0,1538.0,1512.0,1526.0,1511.0,1584.0,1561.0,1567.0,1582.0,1600.0,1603.0,1590.0,1613.0,1577.0,1569.0,TREATED,2,47,F2,Swab
Sample-119-B25_SRR12514752,1.0,1.0,1.0,1.0,1.0,1.0,1.0,1.0,1.0,1.0,540.0,527.0,534.0,561.0,539.0,547.0,540.0,548.0,538.0,541.0,836.0,810.0,826.0,822.0,809.0,828.0,792.0,812.0,843.0,850.0,1014.0,1025.0,1001.0,1002.0,1026.0,1011.0,1011.0,1009.0,1010.0,988.0,1183.0,1164.0,1186.0,1142.0,1180.0,1157.0,1170.0,1145.0,1162.0,1155.0,1280.0,1298.0,1274.0,1254.0,1245.0,1283.0,1258.0,1310.0,1302.0,1318.0,1382.0,1368.0,1390.0,1397.0,1384.0,1379.0,1376.0,1352.0,1369.0,1362.0,1470.0,1465.0,1461.0,1472.0,1460.0,1464.0,1495.0,1464.0,1471.0,1457.0,1528.0,1533.0,1521.0,1540.0,1517.0,1513.0,1528.0,1480.0,1494.0,1544.0,1568.0,1585.0,1569.0,1577.0,1590.0,1588.0,1583.0,1598.0,1585.0,1592.0,TREATED,2,47,F2,Swab
Sample-12-155F2_SRR12486667,1.0,1.0,1.0,1.0,1.0,1.0,1.0,1.0,1.0,1.0,441.0,477.0,461.0,422.0,472.0,454.0,453.0,419.0,452.0,453.0,680.0,685.0,662.0,663.0,679.0,679.0,659.0,676.0,661.0,664.0,857.0,839.0,856.0,859.0,839.0,858.0,844.0,822.0,877.0,841.0,955.0,932.0,962.0,998.0,959.0,989.0,953.0,970.0,951.0,958.0,1125.0,1104.0,1094.0,1072.0,1082.0,1086.0,1066.0,1086.0,1100.0,1060.0,1191.0,1174.0,1158.0,1161.0,1208.0,1181.0,1207.0,1148.0,1181.0,1183.0,1258.0,1242.0,1262.0,1255.0,1254.0,1248.0,1259.0,1258.0,1291.0,1277.0,1341.0,1340.0,1348.0,1314.0,1278.0,1337.0,1343.0,1318.0,1333.0,1319.0,1365.0,1396.0,1377.0,1382.0,1389.0,1384.0,1363.0,1389.0,1384.0,1373.0,A_HEALTHY,5,15,F2,Swab
Sample-12-155F2_SRR12514672,1.0,1.0,1.0,1.0,1.0,1.0,1.0,1.0,1.0,1.0,454.0,464.0,461.0,446.0,457.0,453.0,455.0,456.0,455.0,461.0,693.0,727.0,691.0,697.0,705.0,717.0,682.0,708.0,692.0,681.0,913.0,910.0,900.0,877.0,878.0,887.0,875.0,910.0,883.0,905.0,1041.0,1060.0,1079.0,989.0,1060.0,1078.0,998.0,1025.0,991.0,1071.0,1135.0,1176.0,1207.0,1183.0,1157.0,1141.0,1176.0,1136.0,1173.0,1224.0,1286.0,1293.0,1323.0,1284.0,1290.0,1286.0,1285.0,1277.0,1299.0,1314.0,1371.0,1343.0,1360.0,1370.0,1389.0,1384.0,1381.0,1417.0,1400.0,1405.0,1468.0,1466.0,1459.0,1512.0,1512.0,1470.0,1494.0,1472.0,1523.0,1498.0,1576.0,1548.0,1633.0,1597.0,1559.0,1551.0,1582.0,1558.0,1571.0,1567.0,A_HEALTHY,5,15,F2,Swab
Sample-120-282F2_SRR12486666,1.0,1.0,1.0,1.0,1.0,1.0,1.0,1.0,1.0,1.0,107.0,106.0,94.0,106.0,100.0,107.0,105.0,106.0,98.0,108.0,122.0,121.0,119.0,118.0,122.0,120.0,122.0,125.0,122.0,123.0,125.0,128.0,131.0,129.0,123.0,134.0,128.0,128.0,128.0,126.0,136.0,127.0,134.0,131.0,134.0,130.0,131.0,132.0,136.0,137.0,138.0,136.0,140.0,140.0,139.0,136.0,138.0,137.0,139.0,140.0,142.0,140.0,144.0,137.0,141.0,140.0,140.0,141.0,140.0,142.0,144.0,141.0,143.0,142.0,140.0,145.0,135.0,147.0,141.0,144.0,145.0,145.0,142.0,145.0,146.0,144.0,141.0,141.0,140.0,142.0,146.0,147.0,145.0,147.0,147.0,148.0,142.0,144.0,146.0,146.0,D_FOOTROT,2,28,F2,Swab
Sample-120-282F2_SRR12514671,1.0,1.0,1.0,1.0,1.0,1.0,1.0,1.0,1.0,1.0,107.0,105.0,105.0,107.0,110.0,101.0,107.0,103.0,115.0,106.0,121.0,122.0,119.0,126.0,122.0,126.0,121.0,127.0,118.0,121.0,135.0,133.0,141.0,135.0,131.0,129.0,139.0,134.0,140.0,132.0,140.0,150.0,145.0,140.0,142.0,141.0,149.0,143.0,145.0,140.0,147.0,144.0,150.0,149.0,147.0,155.0,147.0,149.0,146.0,148.0,148.0,148.0,148.0,149.0,161.0,155.0,148.0,162.0,151.0,150.0,163.0,153.0,158.0,158.0,152.0,156.0,150.0,158.0,164.0,161.0,156.0,161.0,150.0,159.0,163.0,154.0,159.0,158.0,158.0,163.0,163.0,165.0,163.0,155.0,166.0,165.0,163.0,163.0,161.0,164.0,D_FOOTROT,2,28,F2,Swab
Sample-120-B26_SRR12486739,1.0,1.0,1.0,1.0,1.0,1.0,1.0,1.0,1.0,1.0,329.0,322.0,317.0,346.0,333.0,347.0,339.0,329.0,335.0,326.0,508.0,503.0,491.0,498.0,489.0,479.0,517.0,496.0,499.0,489.0,603.0,615.0,609.0,603.0,613.0,609.0,586.0,597.0,609.0,608.0,687.0,670.0,684.0,661.0,670.0,672.0,667.0,662.0,677.0,674.0,727.0,706.0,721.0,725.0,730.0,720.0,739.0,729.0,723.0,715.0,772.0,791.0,750.0,754.0,778.0,772.0,753.0,764.0,768.0,769.0,783.0,796.0,798.0,795.0,797.0,794.0,797.0,807.0,791.0,795.0,823.0,824.0,821.0,817.0,821.0,830.0,820.0,820.0,824.0,821.0,842.0,833.0,842.0,839.0,845.0,837.0,815.0,843.0,845.0,831.0,TREATED,5,47,F1,Swab
Sample-120-B26_SRR12514744,1.0,1.0,1.0,1.0,1.0,1.0,1.0,1.0,1.0,1.0,338.0,350.0,354.0,330.0,334.0,357.0,360.0,355.0,349.0,328.0,496.0,496.0,511.0,481.0,506.0,492.0,483.0,496.0,509.0,472.0,621.0,601.0,613.0,585.0,610.0,601.0,609.0,600.0,603.0,601.0,665.0,678.0,672.0,678.0,684.0,693.0,672.0,669.0,677.0,670.0,712.0,746.0,720.0,742.0,729.0,697.0,716.0,733.0,730.0,725.0,745.0,763.0,768.0,758.0,760.0,772.0,768.0,780.0,770.0,764.0,794.0,791.0,808.0,784.0,790.0,792.0,790.0,796.0,782.0,799.0,821.0,816.0,811.0,816.0,817.0,812.0,812.0,834.0,823.0,821.0,838.0,835.0,848.0,842.0,831.0,839.0,850.0,839.0,842.0,834.0,TREATED,5,47,F1,Swab
Sample-121-B27_SRR12486738,1.0,1.0,1.0,1.0,1.0,1.0,1.0,1.0,1.0,1.0,233.0,250.0,234.0,238.0,253.0,249.0,240.0,228.0,242.0,232.0,320.0,330.0,350.0,323.0,327.0,340.0,332.0,328.0,335.0,341.0,385.0,398.0,375.0,382.0,385.0,388.0,369.0,381.0,375.0,385.0,410.0,425.0,434.0,424.0,399.0,441.0,427.0,436.0,449.0,417.0,469.0,479.0,462.0,473.0,478.0,469.0,452.0,464.0,449.0,468.0,484.0,489.0,484.0,490.0,477.0,477.0,476.0,474.0,487.0,489.0,502.0,507.0,502.0,503.0,519.0,523.0,510.0,505.0,504.0,491.0,524.0,528.0,528.0,527.0,521.0,515.0,525.0,522.0,530.0,527.0,547.0,541.0,530.0,533.0,530.0,534.0,536.0,530.0,534.0,539.0,E_CODD,8,41,F4,Swab
Sample-121-B27_SRR12514743,1.0,1.0,1.0,1.0,1.0,1.0,1.0,1.0,1.0,1.0,229.0,224.0,225.0,231.0,231.0,244.0,241.0,242.0,237.0,237.0,336.0,343.0,337.0,327.0,319.0,339.0,326.0,320.0,336.0,349.0,387.0,387.0,396.0,385.0,384.0,391.0,382.0,387.0,388.0,387.0,433.0,438.0,422.0,437.0,439.0,431.0,428.0,431.0,422.0,427.0,462.0,456.0,456.0,472.0,463.0,474.0,472.0,470.0,473.0,442.0,489.0,489.0,474.0,488.0,494.0,467.0,478.0,479.0,484.0,489.0,512.0,509.0,515.0,499.0,502.0,511.0,509.0,488.0,512.0,500.0,510.0,521.0,524.0,517.0,528.0,523.0,516.0,530.0,521.0,535.0,543.0,513.0,537.0,522.0,532.0,540.0,532.0,528.0,522.0,524.0,E_CODD,8,41,F4,Swab
Sample-122-285F2_SRR12486665,1.0,1.0,1.0,1.0,1.0,1.0,1.0,1.0,1.0,1.0,249.0,223.0,223.0,216.0,222.0,220.0,229.0,224.0,227.0,226.0,291.0,284.0,305.0,289.0,285.0,295.0,294.0,294.0,289.0,292.0,334.0,337.0,323.0,333.0,337.0,332.0,337.0,324.0,334.0,336.0,352.0,362.0,340.0,341.0,358.0,355.0,350.0,356.0,354.0,348.0,369.0,369.0,379.0,382.0,378.0,382.0,374.0,374.0,369.0,363.0,389.0,395.0,389.0,381.0,403.0,380.0,391.0,380.0,389.0,391.0,393.0,399.0,393.0,401.0,394.0,398.0,395.0,397.0,401.0,401.0,404.0,408.0,414.0,408.0,408.0,408.0,407.0,407.0,400.0,407.0,404.0,409.0,415.0,417.0,414.0,415.0,406.0,408.0,414.0,413.0,C_ID,5,28,F2,Swab
Sample-122-285F2_SRR12514670,1.0,1.0,1.0,1.0,1.0,1.0,1.0,1.0,1.0,1.0,242.0,242.0,255.0,247.0,247.0,238.0,238.0,248.0,250.0,242.0,327.0,324.0,337.0,332.0,339.0,331.0,331.0,339.0,333.0,307.0,379.0,412.0,385.0,387.0,407.0,399.0,390.0,389.0,401.0,398.0,432.0,435.0,429.0,451.0,413.0,432.0,445.0,445.0,431.0,436.0,472.0,462.0,462.0,472.0,468.0,473.0,457.0,470.0,483.0,467.0,497.0,490.0,491.0,480.0,479.0,493.0,479.0,481.0,490.0,494.0,515.0,494.0,508.0,510.0,518.0,514.0,512.0,496.0,503.0,519.0,527.0,528.0,529.0,539.0,523.0,519.0,512.0,552.0,523.0,533.0,536.0,547.0,537.0,542.0,541.0,544.0,541.0,541.0,536.0,560.0,C_ID,5,28,F2,Swab
Sample-122-B28_SRR12486737,1.0,1.0,1.0,1.0,1.0,1.0,1.0,1.0,1.0,1.0,393.0,408.0,411.0,434.0,387.0,415.0,404.0,405.0,402.0,400.0,596.0,603.0,618.0,613.0,578.0,608.0,610.0,586.0,600.0,629.0,741.0,737.0,733.0,756.0,766.0,740.0,739.0,731.0,757.0,732.0,843.0,845.0,823.0,843.0,854.0,848.0,848.0,833.0,857.0,840.0,926.0,918.0,935.0,923.0,920.0,939.0,938.0,916.0,949.0,945.0,990.0,982.0,1000.0,981.0,1003.0,1010.0,995.0,981.0,1004.0,1016.0,1077.0,1047.0,1047.0,1039.0,1035.0,1049.0,1036.0,1036.0,1063.0,1060.0,1115.0,1126.0,1095.0,1082.0,1101.0,1099.0,1103.0,1086.0,1094.0,1116.0,1135.0,1139.0,1136.0,1139.0,1123.0,1137.0,1118.0,1120.0,1123.0,1140.0,TREATED,8,47,F3,Swab
Sample-122-B28_SRR12514742,1.0,1.0,1.0,1.0,1.0,1.0,1.0,1.0,1.0,1.0,405.0,384.0,425.0,424.0,429.0,394.0,418.0,402.0,392.0,404.0,609.0,607.0,603.0,592.0,597.0,619.0,596.0,602.0,609.0,599.0,745.0,743.0,748.0,762.0,736.0,757.0,737.0,730.0,729.0,753.0,845.0,844.0,843.0,857.0,848.0,872.0,856.0,849.0,836.0,858.0,942.0,945.0,953.0,927.0,944.0,920.0,946.0,932.0,908.0,932.0,1004.0,1010.0,976.0,996.0,1022.0,996.0,1019.0,976.0,978.0,999.0,1050.0,1041.0,1069.0,1039.0,1049.0,1051.0,1073.0,1052.0,1080.0,1038.0,1093.0,1113.0,1099.0,1102.0,1073.0,1106.0,1099.0,1103.0,1116.0,1106.0,1151.0,1132.0,1139.0,1134.0,1107.0,1133.0,1118.0,1142.0,1115.0,1140.0,TREATED,8,47,F3,Swab
Sample-123-288F3_SRR12486664,1.0,1.0,1.0,1.0,1.0,1.0,1.0,1.0,1.0,1.0,115.0,116.0,113.0,108.0,113.0,112.0,112.0,102.0,114.0,115.0,135.0,143.0,134.0,147.0,136.0,139.0,130.0,150.0,134.0,133.0,153.0,165.0,153.0,155.0,149.0,154.0,156.0,151.0,152.0,156.0,159.0,167.0,163.0,164.0,156.0,163.0,167.0,166.0,161.0,159.0,173.0,172.0,178.0,176.0,177.0,168.0,175.0,166.0,164.0,173.0,174.0,175.0,182.0,183.0,183.0,176.0,178.0,184.0,183.0,178.0,185.0,178.0,186.0,187.0,183.0,190.0,182.0,188.0,184.0,185.0,186.0,190.0,191.0,188.0,188.0,187.0,189.0,184.0,191.0,184.0,194.0,193.0,188.0,192.0,184.0,197.0,190.0,188.0,187.0,192.0,D_FOOTROT,8,28,F3,Swab
Sample-123-288F3_SRR12514669,1.0,1.0,1.0,1.0,1.0,1.0,1.0,1.0,1.0,1.0,111.0,119.0,120.0,117.0,117.0,128.0,126.0,121.0,115.0,122.0,149.0,175.0,167.0,156.0,147.0,152.0,162.0,153.0,159.0,159.0,178.0,173.0,179.0,181.0,175.0,179.0,183.0,185.0,168.0,169.0,202.0,200.0,192.0,184.0,186.0,197.0,205.0,201.0,193.0,192.0,212.0,208.0,214.0,213.0,205.0,216.0,211.0,205.0,214.0,211.0,216.0,220.0,219.0,217.0,220.0,214.0,205.0,219.0,221.0,214.0,234.0,220.0,226.0,217.0,221.0,225.0,238.0,228.0,226.0,231.0,227.0,228.0,237.0,231.0,232.0,230.0,231.0,236.0,233.0,237.0,239.0,243.0,243.0,250.0,234.0,239.0,237.0,248.0,237.0,238.0,D_FOOTROT,8,28,F3,Swab
Sample-123-B29_SRR12486736,1.0,1.0,1.0,1.0,1.0,1.0,1.0,1.0,1.0,1.0,404.0,415.0,407.0,414.0,419.0,423.0,417.0,413.0,406.0,422.0,636.0,603.0,601.0,618.0,624.0,644.0,622.0,625.0,634.0,594.0,758.0,761.0,771.0,752.0,757.0,751.0,751.0,763.0,741.0,771.0,864.0,846.0,864.0,867.0,863.0,850.0,871.0,838.0,842.0,843.0,924.0,945.0,934.0,928.0,931.0,937.0,905.0,945.0,935.0,943.0,1002.0,1008.0,982.0,992.0,969.0,969.0,997.0,984.0,1006.0,989.0,1034.0,1051.0,1036.0,1057.0,1047.0,1062.0,1026.0,1055.0,1054.0,1023.0,1065.0,1063.0,1086.0,1087.0,1074.0,1080.0,1084.0,1088.0,1089.0,1130.0,1110.0,1129.0,1136.0,1135.0,1128.0,1120.0,1115.0,1121.0,1136.0,1129.0,TREATED,23,47,F4,Swab
Sample-123-B29_SRR12514741,1.0,1.0,1.0,1.0,1.0,1.0,1.0,1.0,1.0,1.0,427.0,432.0,406.0,423.0,428.0,443.0,403.0,419.0,419.0,420.0,634.0,599.0,624.0,619.0,605.0,633.0,609.0,609.0,589.0,621.0,769.0,768.0,743.0,742.0,758.0,760.0,762.0,742.0,761.0,759.0,838.0,861.0,850.0,844.0,864.0,821.0,870.0,864.0,859.0,857.0,914.0,940.0,949.0,941.0,923.0,925.0,925.0,940.0,937.0,937.0,976.0,984.0,998.0,977.0,996.0,1012.0,1010.0,976.0,993.0,1009.0,1059.0,1055.0,1045.0,1028.0,1038.0,1035.0,1039.0,1054.0,1043.0,1059.0,1076.0,1085.0,1074.0,1092.0,1079.0,1112.0,1094.0,1092.0,1111.0,1084.0,1112.0,1131.0,1120.0,1125.0,1112.0,1124.0,1133.0,1147.0,1098.0,1118.0,TREATED,23,47,F4,Swab
Sample-124-289F1_SRR12486663,1.0,1.0,1.0,1.0,1.0,1.0,1.0,1.0,1.0,1.0,223.0,235.0,237.0,232.0,224.0,228.0,236.0,237.0,225.0,218.0,301.0,292.0,314.0,310.0,293.0,317.0,302.0,298.0,320.0,301.0,354.0,347.0,339.0,340.0,352.0,343.0,335.0,360.0,351.0,349.0,378.0,378.0,389.0,379.0,369.0,380.0,381.0,370.0,377.0,369.0,401.0,392.0,383.0,394.0,400.0,390.0,391.0,404.0,406.0,395.0,407.0,409.0,415.0,402.0,406.0,398.0,421.0,408.0,407.0,405.0,431.0,423.0,423.0,422.0,426.0,420.0,416.0,434.0,431.0,411.0,441.0,431.0,431.0,432.0,429.0,431.0,428.0,436.0,418.0,442.0,443.0,442.0,427.0,439.0,446.0,436.0,448.0,437.0,432.0,438.0,D_FOOTROT,9,28,F1,Swab
Sample-124-289F1_SRR12514668,1.0,1.0,1.0,1.0,1.0,1.0,1.0,1.0,1.0,1.0,248.0,247.0,236.0,258.0,249.0,245.0,234.0,259.0,253.0,244.0,334.0,338.0,353.0,346.0,358.0,343.0,346.0,345.0,335.0,345.0,414.0,403.0,389.0,394.0,398.0,403.0,397.0,403.0,394.0,393.0,465.0,448.0,454.0,431.0,468.0,429.0,445.0,449.0,458.0,447.0,485.0,476.0,493.0,482.0,465.0,490.0,465.0,485.0,503.0,484.0,525.0,512.0,507.0,512.0,504.0,503.0,475.0,492.0,522.0,511.0,528.0,514.0,536.0,523.0,527.0,513.0,524.0,547.0,538.0,534.0,550.0,547.0,549.0,553.0,565.0,550.0,551.0,541.0,548.0,568.0,576.0,582.0,583.0,564.0,571.0,563.0,573.0,579.0,581.0,580.0,D_FOOTROT,9,28,F1,Swab
Sample-124-B30_SRR12486734,1.0,1.0,1.0,1.0,1.0,1.0,1.0,1.0,1.0,1.0,597.0,566.0,592.0,565.0,584.0,627.0,587.0,601.0,585.0,567.0,892.0,893.0,893.0,890.0,885.0,869.0,876.0,905.0,876.0,890.0,1115.0,1127.0,1081.0,1082.0,1083.0,1106.0,1090.0,1079.0,1094.0,1068.0,1249.0,1235.0,1212.0,1231.0,1265.0,1249.0,1222.0,1233.0,1251.0,1267.0,1344.0,1354.0,1372.0,1321.0,1333.0,1378.0,1328.0,1340.0,1366.0,1348.0,1436.0,1431.0,1457.0,1418.0,1431.0,1455.0,1448.0,1449.0,1445.0,1458.0,1519.0,1506.0,1497.0,1490.0,1508.0,1488.0,1500.0,1512.0,1510.0,1520.0,1582.0,1570.0,1558.0,1553.0,1574.0,1596.0,1578.0,1570.0,1605.0,1582.0,1614.0,1622.0,1620.0,1617.0,1623.0,1613.0,1626.0,1612.0,1615.0,1609.0,TRANSITION,9,21,F1,Swab
Sample-124-B30_SRR12514739,1.0,1.0,1.0,1.0,1.0,1.0,1.0,1.0,1.0,1.0,593.0,604.0,568.0,629.0,590.0,583.0,592.0,586.0,593.0,599.0,892.0,896.0,885.0,896.0,886.0,875.0,890.0,902.0,916.0,883.0,1080.0,1077.0,1074.0,1089.0,1108.0,1096.0,1084.0,1091.0,1073.0,1076.0,1244.0,1239.0,1253.0,1248.0,1236.0,1200.0,1246.0,1233.0,1259.0,1232.0,1355.0,1337.0,1350.0,1336.0,1340.0,1339.0,1350.0,1331.0,1348.0,1359.0,1433.0,1432.0,1463.0,1452.0,1440.0,1433.0,1433.0,1429.0,1458.0,1455.0,1502.0,1510.0,1507.0,1490.0,1496.0,1518.0,1521.0,1505.0,1517.0,1518.0,1595.0,1551.0,1581.0,1583.0,1551.0,1592.0,1581.0,1568.0,1584.0,1579.0,1620.0,1607.0,1626.0,1637.0,1642.0,1626.0,1633.0,1631.0,1621.0,1643.0,TRANSITION,9,21,F1,Swab
Sample-125-B31_SRR12486733,1.0,1.0,1.0,1.0,1.0,1.0,1.0,1.0,1.0,1.0,228.0,226.0,212.0,216.0,228.0,202.0,208.0,217.0,200.0,212.0,278.0,277.0,282.0,286.0,277.0,278.0,288.0,282.0,283.0,274.0,317.0,338.0,337.0,331.0,326.0,327.0,340.0,324.0,320.0,326.0,363.0,362.0,354.0,342.0,354.0,354.0,353.0,376.0,338.0,352.0,384.0,369.0,381.0,387.0,387.0,403.0,393.0,386.0,367.0,381.0,407.0,410.0,409.0,415.0,414.0,416.0,394.0,412.0,418.0,405.0,445.0,423.0,438.0,432.0,427.0,428.0,413.0,431.0,427.0,431.0,435.0,423.0,446.0,446.0,436.0,431.0,434.0,447.0,444.0,435.0,446.0,450.0,450.0,466.0,464.0,464.0,455.0,472.0,458.0,460.0,E_CODD,9,31,F1,Swab
Sample-125-B31_SRR12514738,1.0,1.0,1.0,1.0,1.0,1.0,1.0,1.0,1.0,1.0,205.0,205.0,204.0,193.0,202.0,205.0,203.0,204.0,198.0,196.0,273.0,261.0,270.0,285.0,282.0,291.0,266.0,280.0,284.0,279.0,328.0,327.0,327.0,325.0,329.0,309.0,334.0,335.0,323.0,326.0,353.0,358.0,343.0,380.0,371.0,372.0,354.0,365.0,351.0,346.0,379.0,400.0,398.0,384.0,398.0,390.0,383.0,393.0,394.0,390.0,396.0,401.0,410.0,405.0,392.0,409.0,423.0,404.0,404.0,411.0,425.0,411.0,435.0,417.0,429.0,424.0,424.0,431.0,430.0,417.0,440.0,456.0,437.0,441.0,441.0,438.0,437.0,443.0,431.0,431.0,448.0,455.0,456.0,455.0,446.0,457.0,448.0,467.0,461.0,454.0,E_CODD,9,31,F1,Swab
Sample-126-B32_SRR12486732,1.0,1.0,1.0,1.0,1.0,1.0,1.0,1.0,1.0,1.0,197.0,200.0,194.0,199.0,189.0,184.0,184.0,188.0,186.0,195.0,267.0,274.0,276.0,265.0,256.0,262.0,255.0,253.0,256.0,262.0,312.0,330.0,323.0,317.0,310.0,306.0,313.0,315.0,306.0,298.0,330.0,335.0,342.0,346.0,344.0,344.0,348.0,343.0,354.0,335.0,399.0,378.0,374.0,376.0,375.0,371.0,368.0,356.0,371.0,371.0,385.0,396.0,399.0,391.0,403.0,418.0,398.0,385.0,400.0,383.0,419.0,415.0,418.0,424.0,409.0,414.0,405.0,420.0,411.0,409.0,444.0,435.0,436.0,433.0,438.0,433.0,434.0,442.0,444.0,427.0,443.0,435.0,469.0,439.0,439.0,441.0,462.0,457.0,435.0,448.0,E_CODD,9,35,F1,Swab
Sample-126-B32_SRR12514737,1.0,1.0,1.0,1.0,1.0,1.0,1.0,1.0,1.0,1.0,203.0,200.0,200.0,192.0,199.0,203.0,178.0,183.0,203.0,193.0,264.0,279.0,268.0,264.0,248.0,263.0,261.0,257.0,267.0,270.0,309.0,303.0,318.0,317.0,327.0,318.0,315.0,304.0,306.0,304.0,339.0,354.0,343.0,342.0,336.0,350.0,354.0,363.0,331.0,338.0,387.0,361.0,378.0,367.0,368.0,385.0,379.0,387.0,385.0,371.0,392.0,388.0,396.0,396.0,397.0,397.0,394.0,380.0,384.0,382.0,416.0,420.0,421.0,425.0,437.0,412.0,416.0,427.0,411.0,401.0,427.0,438.0,440.0,437.0,423.0,419.0,430.0,442.0,429.0,428.0,454.0,453.0,443.0,458.0,451.0,446.0,441.0,461.0,445.0,440.0,E_CODD,9,35,F1,Swab
Sample-128-B34_SRR12486731,1.0,1.0,1.0,1.0,1.0,1.0,1.0,1.0,1.0,1.0,463.0,513.0,490.0,501.0,483.0,479.0,473.0,482.0,487.0,493.0,706.0,696.0,723.0,711.0,706.0,711.0,722.0,729.0,721.0,719.0,868.0,885.0,871.0,888.0,880.0,856.0,869.0,871.0,885.0,855.0,1018.0,1023.0,990.0,1026.0,1001.0,1006.0,1029.0,972.0,1027.0,1003.0,1086.0,1090.0,1127.0,1103.0,1096.0,1123.0,1103.0,1120.0,1106.0,1110.0,1213.0,1198.0,1160.0,1187.0,1190.0,1173.0,1188.0,1179.0,1207.0,1183.0,1274.0,1245.0,1277.0,1276.0,1268.0,1235.0,1246.0,1240.0,1244.0,1238.0,1300.0,1342.0,1333.0,1306.0,1289.0,1317.0,1290.0,1308.0,1276.0,1273.0,1359.0,1358.0,1387.0,1354.0,1355.0,1348.0,1333.0,1356.0,1354.0,1362.0,E_CODD,9,38,F1,Swab
Sample-128-B34_SRR12514736,1.0,1.0,1.0,1.0,1.0,1.0,1.0,1.0,1.0,1.0,475.0,449.0,477.0,487.0,479.0,467.0,468.0,487.0,504.0,493.0,708.0,729.0,733.0,712.0,757.0,728.0,721.0,740.0,695.0,709.0,869.0,864.0,843.0,895.0,894.0,905.0,893.0,861.0,870.0,877.0,1000.0,1008.0,997.0,1018.0,1026.0,1003.0,1012.0,1011.0,998.0,1017.0,1112.0,1102.0,1101.0,1097.0,1109.0,1113.0,1100.0,1089.0,1096.0,1124.0,1210.0,1184.0,1190.0,1177.0,1180.0,1210.0,1192.0,1191.0,1163.0,1189.0,1256.0,1231.0,1260.0,1249.0,1241.0,1247.0,1250.0,1269.0,1249.0,1239.0,1313.0,1300.0,1299.0,1308.0,1303.0,1298.0,1305.0,1307.0,1322.0,1316.0,1367.0,1355.0,1342.0,1334.0,1333.0,1376.0,1353.0,1352.0,1349.0,1368.0,E_CODD,9,38,F1,Swab
Sample-13-158F3_SRR12486662,1.0,1.0,1.0,1.0,1.0,1.0,1.0,1.0,1.0,1.0,321.0,325.0,325.0,317.0,331.0,328.0,319.0,319.0,337.0,317.0,420.0,430.0,419.0,426.0,431.0,445.0,426.0,424.0,436.0,430.0,511.0,494.0,508.0,491.0,495.0,493.0,505.0,469.0,487.0,519.0,528.0,560.0,533.0,534.0,541.0,529.0,546.0,529.0,535.0,550.0,568.0,570.0,579.0,563.0,570.0,552.0,566.0,566.0,564.0,560.0,589.0,581.0,588.0,592.0,594.0,591.0,589.0,593.0,583.0,596.0,595.0,598.0,611.0,610.0,602.0,618.0,607.0,607.0,603.0,584.0,609.0,617.0,614.0,620.0,614.0,613.0,623.0,623.0,620.0,615.0,620.0,627.0,612.0,620.0,617.0,628.0,630.0,610.0,620.0,623.0,A_HEALTHY,8,15,F3,Swab
Sample-13-158F3_SRR12514667,1.0,1.0,1.0,1.0,1.0,1.0,1.0,1.0,1.0,1.0,375.0,340.0,354.0,388.0,369.0,369.0,373.0,351.0,362.0,366.0,545.0,535.0,521.0,548.0,535.0,540.0,525.0,525.0,533.0,523.0,650.0,634.0,629.0,629.0,622.0,644.0,642.0,610.0,626.0,638.0,698.0,709.0,727.0,669.0,694.0,710.0,718.0,717.0,697.0,721.0,766.0,751.0,766.0,780.0,779.0,750.0,769.0,767.0,748.0,767.0,807.0,807.0,812.0,819.0,801.0,804.0,818.0,825.0,838.0,825.0,853.0,861.0,856.0,845.0,853.0,837.0,854.0,860.0,853.0,854.0,858.0,884.0,878.0,881.0,887.0,901.0,896.0,879.0,875.0,874.0,897.0,907.0,907.0,907.0,915.0,897.0,924.0,880.0,917.0,905.0,A_HEALTHY,8,15,F3,Swab
Sample-130-B36_SRR12486730,1.0,1.0,1.0,1.0,1.0,1.0,1.0,1.0,1.0,1.0,403.0,379.0,417.0,393.0,402.0,412.0,399.0,408.0,405.0,398.0,582.0,566.0,600.0,573.0,602.0,587.0,605.0,600.0,602.0,565.0,760.0,737.0,725.0,765.0,706.0,737.0,719.0,724.0,727.0,729.0,833.0,802.0,816.0,807.0,838.0,846.0,830.0,844.0,841.0,815.0,904.0,910.0,904.0,918.0,897.0,881.0,897.0,914.0,884.0,903.0,995.0,980.0,984.0,952.0,982.0,958.0,949.0,974.0,949.0,986.0,1025.0,1043.0,1026.0,1010.0,1021.0,1028.0,1038.0,1038.0,1039.0,1033.0,1063.0,1066.0,1084.0,1067.0,1060.0,1063.0,1064.0,1054.0,1070.0,1041.0,1084.0,1085.0,1113.0,1114.0,1103.0,1098.0,1099.0,1087.0,1094.0,1087.0,TRANSITION,14,21,F3,Swab
Sample-130-B36_SRR12514735,1.0,1.0,1.0,1.0,1.0,1.0,1.0,1.0,1.0,1.0,401.0,407.0,422.0,403.0,407.0,410.0,398.0,419.0,414.0,401.0,597.0,605.0,577.0,598.0,596.0,593.0,601.0,604.0,576.0,613.0,739.0,730.0,732.0,703.0,723.0,743.0,744.0,745.0,748.0,736.0,840.0,824.0,824.0,840.0,831.0,806.0,818.0,804.0,842.0,837.0,891.0,924.0,911.0,927.0,907.0,895.0,894.0,892.0,911.0,892.0,966.0,992.0,957.0,952.0,974.0,1001.0,969.0,974.0,996.0,959.0,1040.0,1023.0,1022.0,1035.0,987.0,1021.0,1024.0,1048.0,1011.0,1019.0,1075.0,1054.0,1069.0,1057.0,1061.0,1065.0,1057.0,1041.0,1078.0,1068.0,1078.0,1099.0,1134.0,1097.0,1088.0,1110.0,1084.0,1097.0,1092.0,1107.0,TRANSITION,14,21,F3,Swab
Sample-131-2912F3_SRR12486661,1.0,1.0,1.0,1.0,1.0,1.0,1.0,1.0,1.0,1.0,145.0,133.0,135.0,139.0,140.0,151.0,141.0,134.0,139.0,143.0,173.0,179.0,171.0,168.0,178.0,171.0,169.0,176.0,179.0,177.0,193.0,193.0,194.0,187.0,195.0,198.0,195.0,204.0,189.0,196.0,201.0,205.0,207.0,208.0,201.0,206.0,197.0,205.0,199.0,198.0,216.0,211.0,213.0,206.0,213.0,205.0,213.0,208.0,215.0,213.0,217.0,219.0,225.0,211.0,217.0,219.0,217.0,221.0,211.0,224.0,230.0,227.0,230.0,231.0,224.0,229.0,223.0,220.0,221.0,226.0,226.0,229.0,228.0,225.0,223.0,223.0,232.0,227.0,232.0,224.0,228.0,233.0,226.0,236.0,232.0,235.0,238.0,225.0,226.0,231.0,D_FOOTROT,12,29,F3,Swab
Sample-131-2912F3_SRR12514666,1.0,1.0,1.0,1.0,1.0,1.0,1.0,1.0,1.0,1.0,149.0,150.0,149.0,151.0,147.0,154.0,153.0,151.0,144.0,151.0,186.0,186.0,183.0,187.0,178.0,180.0,176.0,178.0,181.0,181.0,208.0,205.0,206.0,208.0,210.0,197.0,199.0,217.0,211.0,205.0,220.0,222.0,226.0,227.0,209.0,219.0,222.0,228.0,223.0,224.0,233.0,242.0,242.0,242.0,235.0,239.0,238.0,247.0,235.0,234.0,241.0,246.0,238.0,251.0,240.0,246.0,246.0,239.0,247.0,246.0,248.0,255.0,232.0,264.0,252.0,240.0,249.0,246.0,245.0,246.0,251.0,269.0,255.0,260.0,256.0,263.0,252.0,251.0,255.0,262.0,262.0,263.0,257.0,259.0,261.0,263.0,265.0,267.0,268.0,265.0,D_FOOTROT,12,29,F3,Swab
Sample-131-B37_SRR12486729,1.0,1.0,1.0,1.0,1.0,1.0,1.0,1.0,1.0,1.0,115.0,111.0,111.0,99.0,110.0,116.0,112.0,108.0,109.0,108.0,147.0,147.0,146.0,137.0,135.0,154.0,142.0,135.0,134.0,143.0,162.0,173.0,175.0,157.0,174.0,161.0,172.0,160.0,171.0,174.0,182.0,203.0,197.0,181.0,189.0,182.0,184.0,188.0,183.0,190.0,202.0,201.0,200.0,204.0,190.0,193.0,199.0,187.0,201.0,194.0,205.0,213.0,228.0,215.0,214.0,208.0,202.0,216.0,219.0,208.0,218.0,206.0,214.0,212.0,211.0,215.0,220.0,219.0,217.0,215.0,232.0,234.0,228.0,220.0,225.0,223.0,223.0,222.0,231.0,218.0,239.0,227.0,235.0,231.0,248.0,234.0,229.0,237.0,230.0,232.0,E_CODD,14,31,F3,Swab
Sample-131-B37_SRR12514734,1.0,1.0,1.0,1.0,1.0,1.0,1.0,1.0,1.0,1.0,121.0,104.0,114.0,115.0,113.0,107.0,109.0,116.0,113.0,116.0,139.0,147.0,148.0,152.0,144.0,147.0,148.0,140.0,147.0,132.0,166.0,166.0,169.0,165.0,174.0,172.0,170.0,176.0,169.0,174.0,179.0,181.0,199.0,191.0,186.0,185.0,173.0,185.0,177.0,183.0,190.0,185.0,194.0,192.0,194.0,194.0,194.0,207.0,196.0,202.0,210.0,212.0,215.0,214.0,195.0,211.0,202.0,208.0,210.0,206.0,226.0,215.0,211.0,218.0,215.0,221.0,217.0,226.0,229.0,195.0,233.0,216.0,214.0,225.0,238.0,226.0,218.0,233.0,224.0,235.0,225.0,230.0,229.0,238.0,238.0,235.0,233.0,232.0,224.0,229.0,E_CODD,14,31,F3,Swab
Sample-132-B38_SRR12486728,1.0,1.0,1.0,1.0,1.0,1.0,1.0,1.0,1.0,1.0,115.0,108.0,106.0,112.0,104.0,119.0,107.0,116.0,119.0,107.0,148.0,147.0,142.0,147.0,143.0,142.0,147.0,139.0,138.0,142.0,162.0,172.0,164.0,168.0,165.0,165.0,167.0,161.0,163.0,163.0,169.0,177.0,171.0,169.0,175.0,178.0,181.0,171.0,179.0,180.0,182.0,184.0,196.0,178.0,181.0,182.0,191.0,179.0,190.0,187.0,192.0,198.0,189.0,193.0,193.0,200.0,198.0,196.0,199.0,195.0,195.0,213.0,186.0,198.0,196.0,209.0,197.0,195.0,201.0,193.0,207.0,195.0,206.0,218.0,218.0,220.0,201.0,215.0,207.0,206.0,216.0,219.0,209.0,214.0,214.0,222.0,214.0,214.0,214.0,225.0,E_CODD,14,35,F3,Swab
Sample-132-B38_SRR12514733,1.0,1.0,1.0,1.0,1.0,1.0,1.0,1.0,1.0,1.0,124.0,116.0,113.0,121.0,107.0,108.0,109.0,107.0,115.0,115.0,143.0,129.0,136.0,140.0,137.0,145.0,146.0,138.0,141.0,143.0,164.0,176.0,170.0,164.0,166.0,169.0,160.0,147.0,175.0,150.0,172.0,175.0,177.0,178.0,170.0,180.0,169.0,173.0,167.0,169.0,192.0,186.0,185.0,190.0,180.0,181.0,186.0,182.0,193.0,184.0,197.0,198.0,201.0,195.0,190.0,202.0,204.0,195.0,193.0,191.0,203.0,197.0,199.0,200.0,202.0,202.0,198.0,203.0,200.0,197.0,214.0,210.0,206.0,210.0,216.0,211.0,209.0,202.0,218.0,192.0,217.0,216.0,213.0,212.0,213.0,219.0,217.0,218.0,218.0,217.0,E_CODD,14,35,F3,Swab
Sample-133-B39_SRR12486727,1.0,1.0,1.0,1.0,1.0,1.0,1.0,1.0,1.0,1.0,138.0,140.0,139.0,132.0,129.0,133.0,132.0,136.0,140.0,134.0,163.0,177.0,173.0,172.0,177.0,173.0,165.0,173.0,172.0,163.0,196.0,200.0,189.0,199.0,192.0,197.0,192.0,189.0,202.0,201.0,219.0,214.0,212.0,212.0,217.0,209.0,205.0,213.0,210.0,211.0,228.0,217.0,211.0,217.0,227.0,229.0,226.0,231.0,227.0,217.0,239.0,242.0,232.0,235.0,236.0,227.0,228.0,221.0,226.0,217.0,239.0,238.0,236.0,240.0,240.0,244.0,237.0,242.0,241.0,236.0,240.0,244.0,241.0,253.0,253.0,251.0,244.0,253.0,253.0,247.0,250.0,252.0,253.0,252.0,245.0,249.0,245.0,256.0,258.0,252.0,E_CODD,14,38,F3,Swab
Sample-133-B39_SRR12514732,1.0,1.0,1.0,1.0,1.0,1.0,1.0,1.0,1.0,1.0,131.0,136.0,129.0,142.0,127.0,137.0,136.0,141.0,143.0,147.0,166.0,171.0,177.0,173.0,181.0,176.0,169.0,171.0,171.0,180.0,202.0,202.0,194.0,185.0,199.0,188.0,201.0,206.0,183.0,191.0,208.0,220.0,217.0,212.0,211.0,207.0,209.0,209.0,204.0,219.0,222.0,215.0,230.0,215.0,217.0,227.0,224.0,233.0,223.0,224.0,235.0,232.0,217.0,240.0,235.0,239.0,221.0,236.0,242.0,231.0,247.0,236.0,233.0,244.0,238.0,239.0,233.0,248.0,238.0,245.0,246.0,251.0,244.0,251.0,249.0,249.0,242.0,238.0,243.0,248.0,255.0,252.0,245.0,244.0,266.0,262.0,255.0,256.0,250.0,250.0,E_CODD,14,38,F3,Swab
Sample-134-2914F3_SRR12486660,1.0,1.0,1.0,1.0,1.0,1.0,1.0,1.0,1.0,1.0,122.0,119.0,120.0,127.0,124.0,124.0,127.0,129.0,133.0,126.0,149.0,176.0,148.0,167.0,168.0,161.0,164.0,157.0,157.0,172.0,180.0,186.0,180.0,168.0,181.0,186.0,176.0,176.0,173.0,174.0,196.0,192.0,200.0,195.0,200.0,200.0,192.0,192.0,197.0,189.0,197.0,199.0,208.0,198.0,200.0,208.0,203.0,207.0,206.0,199.0,211.0,210.0,213.0,203.0,208.0,213.0,220.0,209.0,215.0,212.0,222.0,220.0,215.0,221.0,218.0,222.0,217.0,215.0,216.0,216.0,222.0,221.0,221.0,229.0,221.0,223.0,222.0,219.0,218.0,221.0,226.0,230.0,221.0,226.0,227.0,222.0,221.0,227.0,225.0,225.0,D_FOOTROT,14,29,F3,Swab
Sample-134-2914F3_SRR12514665,1.0,1.0,1.0,1.0,1.0,1.0,1.0,1.0,1.0,1.0,147.0,133.0,130.0,136.0,126.0,143.0,137.0,137.0,137.0,132.0,185.0,182.0,179.0,179.0,180.0,158.0,163.0,172.0,179.0,173.0,195.0,212.0,202.0,195.0,194.0,210.0,208.0,197.0,203.0,197.0,216.0,227.0,228.0,219.0,219.0,208.0,233.0,207.0,221.0,220.0,229.0,235.0,235.0,232.0,232.0,241.0,233.0,245.0,242.0,252.0,251.0,243.0,253.0,258.0,258.0,244.0,255.0,244.0,249.0,261.0,256.0,251.0,260.0,259.0,258.0,265.0,261.0,257.0,269.0,266.0,274.0,272.0,287.0,291.0,291.0,272.0,261.0,270.0,271.0,279.0,285.0,282.0,277.0,283.0,280.0,262.0,279.0,283.0,290.0,278.0,D_FOOTROT,14,29,F3,Swab
Sample-134-B40_SRR12486726,1.0,1.0,1.0,1.0,1.0,1.0,1.0,1.0,1.0,1.0,403.0,398.0,396.0,403.0,419.0,393.0,411.0,394.0,409.0,404.0,593.0,600.0,593.0,603.0,584.0,571.0,586.0,606.0,576.0,603.0,736.0,711.0,703.0,679.0,730.0,706.0,765.0,731.0,727.0,739.0,814.0,835.0,806.0,809.0,804.0,833.0,804.0,824.0,818.0,826.0,872.0,909.0,926.0,886.0,872.0,890.0,903.0,884.0,880.0,902.0,929.0,960.0,935.0,940.0,953.0,970.0,927.0,939.0,958.0,958.0,1003.0,1010.0,977.0,1014.0,1003.0,975.0,1002.0,1004.0,1000.0,1009.0,1058.0,1019.0,1046.0,1036.0,1073.0,1040.0,1045.0,1055.0,1030.0,1028.0,1063.0,1047.0,1075.0,1082.0,1060.0,1084.0,1092.0,1094.0,1063.0,1063.0,E_CODD,14,39,F3,Swab
Sample-134-B40_SRR12514731,1.0,1.0,1.0,1.0,1.0,1.0,1.0,1.0,1.0,1.0,403.0,387.0,419.0,412.0,393.0,386.0,401.0,397.0,408.0,420.0,589.0,596.0,607.0,595.0,586.0,595.0,583.0,583.0,611.0,607.0,716.0,732.0,714.0,723.0,714.0,725.0,732.0,722.0,738.0,705.0,816.0,811.0,828.0,827.0,820.0,806.0,801.0,824.0,810.0,807.0,884.0,888.0,914.0,883.0,888.0,912.0,898.0,889.0,895.0,893.0,958.0,931.0,958.0,974.0,945.0,952.0,953.0,962.0,954.0,953.0,993.0,997.0,976.0,993.0,1001.0,1007.0,1003.0,1001.0,1019.0,988.0,1034.0,1033.0,1026.0,1008.0,1054.0,1033.0,1031.0,1045.0,1029.0,1028.0,1086.0,1077.0,1089.0,1077.0,1073.0,1066.0,1083.0,1071.0,1080.0,1078.0,E_CODD,14,39,F3,Swab
Sample-136-B42_SRR12486725,1.0,1.0,1.0,1.0,1.0,1.0,1.0,1.0,1.0,1.0,406.0,399.0,407.0,408.0,408.0,419.0,408.0,392.0,412.0,408.0,598.0,562.0,579.0,599.0,593.0,573.0,586.0,596.0,593.0,580.0,695.0,701.0,703.0,696.0,701.0,716.0,706.0,725.0,721.0,725.0,770.0,787.0,783.0,796.0,806.0,803.0,801.0,789.0,802.0,794.0,844.0,880.0,851.0,861.0,848.0,870.0,845.0,851.0,866.0,835.0,897.0,918.0,880.0,915.0,923.0,909.0,907.0,900.0,911.0,909.0,930.0,945.0,947.0,943.0,958.0,959.0,931.0,951.0,944.0,926.0,964.0,983.0,976.0,995.0,971.0,970.0,970.0,969.0,964.0,975.0,1025.0,991.0,1012.0,1008.0,1016.0,1000.0,1001.0,1006.0,1011.0,991.0,TRANSITION,12,23,F3,Swab
Sample-136-B42_SRR12514730,1.0,1.0,1.0,1.0,1.0,1.0,1.0,1.0,1.0,1.0,403.0,413.0,408.0,427.0,416.0,407.0,402.0,407.0,422.0,400.0,619.0,595.0,601.0,605.0,593.0,573.0,578.0,599.0,588.0,589.0,708.0,684.0,680.0,717.0,713.0,678.0,685.0,674.0,711.0,709.0,803.0,808.0,778.0,781.0,786.0,794.0,799.0,805.0,771.0,795.0,852.0,847.0,862.0,871.0,858.0,866.0,880.0,836.0,846.0,848.0,910.0,895.0,903.0,922.0,904.0,912.0,918.0,896.0,925.0,919.0,935.0,951.0,943.0,950.0,940.0,945.0,924.0,946.0,964.0,941.0,993.0,974.0,992.0,982.0,980.0,970.0,991.0,977.0,985.0,963.0,984.0,1014.0,1017.0,1003.0,1008.0,1022.0,1003.0,1004.0,1022.0,1008.0,TRANSITION,12,23,F3,Swab
Sample-137-295F2_SRR12486659,1.0,1.0,1.0,1.0,1.0,1.0,1.0,1.0,1.0,1.0,177.0,180.0,159.0,169.0,180.0,177.0,176.0,170.0,184.0,174.0,219.0,226.0,220.0,227.0,210.0,221.0,244.0,233.0,233.0,238.0,263.0,257.0,264.0,251.0,253.0,278.0,247.0,257.0,269.0,266.0,290.0,280.0,289.0,289.0,279.0,284.0,286.0,284.0,271.0,284.0,288.0,287.0,303.0,298.0,297.0,296.0,308.0,293.0,299.0,302.0,310.0,313.0,314.0,311.0,302.0,311.0,308.0,308.0,296.0,306.0,310.0,314.0,323.0,312.0,327.0,317.0,319.0,324.0,311.0,310.0,327.0,325.0,330.0,317.0,324.0,331.0,321.0,319.0,320.0,325.0,327.0,337.0,332.0,331.0,328.0,327.0,324.0,328.0,328.0,327.0,D_FOOTROT,5,29,F2,Swab
Sample-137-295F2_SRR12514664,1.0,1.0,1.0,1.0,1.0,1.0,1.0,1.0,1.0,1.0,178.0,194.0,190.0,186.0,173.0,189.0,183.0,175.0,180.0,191.0,252.0,255.0,261.0,256.0,256.0,253.0,259.0,255.0,243.0,259.0,293.0,303.0,297.0,288.0,312.0,294.0,281.0,299.0,298.0,288.0,317.0,338.0,329.0,333.0,321.0,336.0,326.0,317.0,328.0,315.0,358.0,347.0,369.0,369.0,351.0,356.0,342.0,357.0,362.0,366.0,377.0,368.0,381.0,365.0,391.0,375.0,377.0,388.0,374.0,390.0,404.0,388.0,401.0,393.0,380.0,396.0,395.0,387.0,392.0,398.0,405.0,418.0,396.0,393.0,407.0,399.0,413.0,406.0,393.0,410.0,409.0,413.0,407.0,414.0,416.0,414.0,412.0,398.0,422.0,427.0,D_FOOTROT,5,29,F2,Swab
Sample-137-B43_SRR12486723,1.0,1.0,1.0,1.0,1.0,1.0,1.0,1.0,1.0,1.0,168.0,179.0,179.0,167.0,164.0,180.0,155.0,166.0,168.0,168.0,234.0,241.0,235.0,233.0,245.0,240.0,246.0,227.0,218.0,243.0,270.0,266.0,271.0,272.0,265.0,265.0,276.0,271.0,261.0,269.0,300.0,293.0,290.0,310.0,289.0,306.0,283.0,298.0,301.0,298.0,315.0,307.0,327.0,314.0,325.0,314.0,329.0,333.0,319.0,320.0,331.0,346.0,336.0,335.0,345.0,341.0,340.0,343.0,335.0,339.0,344.0,359.0,351.0,331.0,336.0,346.0,352.0,354.0,373.0,362.0,368.0,365.0,376.0,363.0,377.0,353.0,364.0,361.0,366.0,364.0,385.0,373.0,371.0,386.0,374.0,382.0,379.0,382.0,374.0,372.0,E_CODD,12,35,F3,Swab
Sample-137-B43_SRR12514728,1.0,1.0,1.0,1.0,1.0,1.0,1.0,1.0,1.0,1.0,180.0,167.0,184.0,167.0,181.0,172.0,169.0,163.0,164.0,167.0,234.0,226.0,238.0,225.0,237.0,237.0,234.0,226.0,224.0,222.0,261.0,279.0,250.0,277.0,269.0,282.0,264.0,265.0,265.0,263.0,288.0,301.0,294.0,281.0,301.0,295.0,288.0,293.0,292.0,312.0,330.0,318.0,314.0,322.0,328.0,318.0,320.0,315.0,325.0,308.0,335.0,340.0,350.0,334.0,339.0,336.0,330.0,330.0,347.0,353.0,355.0,352.0,357.0,355.0,351.0,346.0,362.0,367.0,351.0,349.0,356.0,359.0,370.0,374.0,375.0,372.0,369.0,369.0,363.0,359.0,374.0,378.0,374.0,368.0,383.0,378.0,391.0,369.0,374.0,386.0,E_CODD,12,35,F3,Swab
Sample-138-298F3_SRR12486657,1.0,1.0,1.0,1.0,1.0,1.0,1.0,1.0,1.0,1.0,125.0,123.0,122.0,123.0,121.0,126.0,123.0,128.0,132.0,126.0,157.0,145.0,150.0,149.0,146.0,154.0,151.0,145.0,149.0,149.0,165.0,155.0,160.0,165.0,155.0,170.0,161.0,163.0,167.0,155.0,171.0,173.0,171.0,164.0,167.0,176.0,180.0,170.0,173.0,175.0,174.0,177.0,183.0,175.0,175.0,180.0,173.0,182.0,174.0,174.0,181.0,180.0,178.0,178.0,188.0,180.0,185.0,183.0,183.0,184.0,185.0,187.0,185.0,187.0,192.0,190.0,187.0,190.0,186.0,184.0,189.0,193.0,186.0,186.0,186.0,194.0,190.0,195.0,188.0,192.0,190.0,194.0,197.0,196.0,191.0,192.0,191.0,188.0,191.0,191.0,D_FOOTROT,8,29,F3,Swab
Sample-138-298F3_SRR12514662,1.0,1.0,1.0,1.0,1.0,1.0,1.0,1.0,1.0,1.0,123.0,117.0,120.0,138.0,125.0,129.0,124.0,131.0,130.0,132.0,153.0,157.0,152.0,174.0,157.0,149.0,156.0,159.0,161.0,161.0,170.0,180.0,170.0,173.0,177.0,176.0,176.0,179.0,165.0,179.0,186.0,183.0,190.0,192.0,190.0,183.0,186.0,188.0,188.0,196.0,204.0,195.0,200.0,189.0,187.0,196.0,201.0,203.0,204.0,193.0,211.0,202.0,201.0,210.0,200.0,215.0,207.0,204.0,205.0,206.0,211.0,212.0,215.0,223.0,206.0,224.0,214.0,214.0,211.0,213.0,228.0,217.0,219.0,219.0,209.0,220.0,220.0,212.0,215.0,222.0,217.0,225.0,222.0,231.0,226.0,224.0,227.0,225.0,228.0,212.0,D_FOOTROT,8,29,F3,Swab
Sample-138-B44_SRR12486722,1.0,1.0,1.0,1.0,1.0,1.0,1.0,1.0,1.0,1.0,204.0,210.0,192.0,191.0,200.0,198.0,202.0,195.0,201.0,205.0,265.0,268.0,268.0,282.0,271.0,264.0,265.0,278.0,281.0,264.0,340.0,317.0,316.0,333.0,315.0,338.0,338.0,326.0,328.0,328.0,364.0,359.0,364.0,354.0,371.0,364.0,367.0,358.0,382.0,380.0,397.0,391.0,392.0,401.0,407.0,404.0,386.0,392.0,414.0,395.0,428.0,431.0,437.0,425.0,415.0,399.0,437.0,436.0,430.0,423.0,431.0,437.0,436.0,452.0,442.0,441.0,439.0,445.0,450.0,432.0,445.0,454.0,466.0,464.0,438.0,467.0,459.0,449.0,474.0,467.0,483.0,477.0,471.0,476.0,474.0,467.0,479.0,477.0,467.0,467.0,E_CODD,12,37,F3,Swab
Sample-138-B44_SRR12514727,1.0,1.0,1.0,1.0,1.0,1.0,1.0,1.0,1.0,1.0,202.0,194.0,198.0,191.0,197.0,184.0,203.0,202.0,183.0,202.0,262.0,276.0,283.0,276.0,267.0,277.0,268.0,269.0,287.0,252.0,309.0,331.0,313.0,324.0,325.0,347.0,312.0,330.0,320.0,329.0,370.0,362.0,351.0,370.0,359.0,363.0,369.0,355.0,373.0,371.0,390.0,405.0,383.0,403.0,386.0,406.0,394.0,404.0,389.0,386.0,408.0,409.0,417.0,432.0,415.0,427.0,422.0,410.0,424.0,427.0,431.0,434.0,443.0,447.0,447.0,444.0,437.0,442.0,440.0,435.0,472.0,450.0,473.0,469.0,454.0,469.0,472.0,474.0,444.0,459.0,479.0,479.0,472.0,481.0,486.0,466.0,490.0,477.0,454.0,473.0,E_CODD,12,37,F3,Swab
Sample-139-299F1_SRR12486656,1.0,1.0,1.0,1.0,1.0,1.0,1.0,1.0,1.0,1.0,195.0,177.0,185.0,189.0,189.0,195.0,182.0,192.0,180.0,189.0,231.0,238.0,245.0,242.0,235.0,230.0,239.0,236.0,237.0,236.0,258.0,269.0,254.0,279.0,268.0,262.0,267.0,262.0,260.0,259.0,279.0,282.0,287.0,285.0,275.0,280.0,277.0,289.0,282.0,284.0,287.0,296.0,284.0,289.0,297.0,287.0,297.0,287.0,286.0,295.0,297.0,296.0,296.0,308.0,307.0,297.0,299.0,306.0,297.0,300.0,306.0,308.0,310.0,306.0,301.0,303.0,301.0,310.0,316.0,309.0,323.0,314.0,314.0,316.0,315.0,320.0,315.0,313.0,315.0,316.0,320.0,321.0,321.0,316.0,323.0,313.0,319.0,313.0,319.0,317.0,D_FOOTROT,9,29,F1,Swab
Sample-139-299F1_SRR12514661,1.0,1.0,1.0,1.0,1.0,1.0,1.0,1.0,1.0,1.0,193.0,195.0,195.0,200.0,207.0,199.0,200.0,191.0,194.0,212.0,269.0,258.0,267.0,272.0,238.0,250.0,250.0,256.0,254.0,266.0,280.0,295.0,310.0,304.0,313.0,304.0,306.0,302.0,304.0,295.0,339.0,333.0,328.0,318.0,333.0,331.0,335.0,338.0,329.0,316.0,342.0,342.0,354.0,359.0,350.0,353.0,355.0,350.0,358.0,350.0,359.0,375.0,366.0,368.0,356.0,364.0,363.0,369.0,371.0,366.0,365.0,375.0,381.0,372.0,364.0,380.0,369.0,380.0,374.0,380.0,384.0,396.0,396.0,383.0,380.0,386.0,397.0,384.0,389.0,393.0,403.0,400.0,403.0,407.0,400.0,406.0,400.0,393.0,402.0,401.0,D_FOOTROT,9,29,F1,Swab
Sample-140-B46_SRR12486721,1.0,1.0,1.0,1.0,1.0,1.0,1.0,1.0,1.0,1.0,235.0,235.0,219.0,247.0,223.0,226.0,218.0,222.0,215.0,239.0,318.0,312.0,308.0,312.0,314.0,335.0,309.0,304.0,315.0,334.0,372.0,372.0,367.0,375.0,392.0,374.0,368.0,363.0,359.0,370.0,403.0,426.0,402.0,421.0,431.0,417.0,419.0,419.0,418.0,405.0,445.0,439.0,451.0,456.0,452.0,439.0,443.0,452.0,457.0,449.0,470.0,467.0,491.0,469.0,464.0,475.0,475.0,485.0,476.0,478.0,510.0,485.0,503.0,486.0,504.0,503.0,489.0,519.0,504.0,499.0,532.0,540.0,529.0,531.0,517.0,532.0,514.0,515.0,541.0,525.0,531.0,543.0,533.0,560.0,544.0,533.0,540.0,530.0,541.0,543.0,E_CODD,12,38,F3,Swab
Sample-140-B46_SRR12514726,1.0,1.0,1.0,1.0,1.0,1.0,1.0,1.0,1.0,1.0,221.0,223.0,234.0,221.0,234.0,230.0,228.0,243.0,233.0,231.0,302.0,321.0,314.0,330.0,327.0,311.0,317.0,322.0,325.0,327.0,382.0,369.0,387.0,377.0,371.0,357.0,364.0,377.0,383.0,373.0,428.0,419.0,423.0,413.0,437.0,416.0,410.0,415.0,442.0,408.0,444.0,442.0,453.0,448.0,423.0,450.0,447.0,449.0,455.0,464.0,475.0,473.0,463.0,490.0,503.0,472.0,480.0,480.0,470.0,477.0,490.0,512.0,516.0,494.0,506.0,500.0,505.0,497.0,511.0,513.0,531.0,524.0,531.0,505.0,514.0,531.0,538.0,540.0,535.0,508.0,559.0,531.0,531.0,547.0,561.0,517.0,548.0,541.0,543.0,550.0,E_CODD,12,38,F3,Swab
Sample-141-3012F3_SRR12486655,1.0,1.0,1.0,1.0,1.0,1.0,1.0,1.0,1.0,1.0,178.0,177.0,173.0,187.0,181.0,174.0,175.0,179.0,178.0,196.0,223.0,226.0,214.0,225.0,221.0,213.0,229.0,222.0,222.0,212.0,251.0,247.0,245.0,250.0,244.0,255.0,241.0,243.0,239.0,250.0,262.0,267.0,263.0,264.0,262.0,263.0,262.0,271.0,262.0,266.0,277.0,275.0,274.0,274.0,278.0,274.0,279.0,278.0,284.0,276.0,286.0,288.0,283.0,288.0,287.0,286.0,284.0,291.0,283.0,290.0,289.0,285.0,288.0,290.0,290.0,297.0,287.0,292.0,291.0,298.0,306.0,292.0,299.0,305.0,300.0,293.0,305.0,300.0,299.0,295.0,303.0,299.0,305.0,305.0,300.0,306.0,298.0,301.0,302.0,295.0,D_FOOTROT,12,30,F3,Swab
Sample-141-3012F3_SRR12514660,1.0,1.0,1.0,1.0,1.0,1.0,1.0,1.0,1.0,1.0,181.0,191.0,195.0,186.0,184.0,189.0,176.0,179.0,184.0,190.0,249.0,239.0,244.0,247.0,248.0,248.0,244.0,261.0,253.0,246.0,291.0,292.0,295.0,294.0,277.0,306.0,280.0,277.0,292.0,309.0,320.0,316.0,303.0,308.0,307.0,322.0,310.0,310.0,313.0,312.0,344.0,327.0,340.0,348.0,344.0,326.0,340.0,331.0,334.0,328.0,347.0,365.0,345.0,357.0,347.0,344.0,355.0,353.0,347.0,361.0,362.0,365.0,369.0,369.0,376.0,372.0,369.0,363.0,365.0,368.0,373.0,369.0,370.0,374.0,385.0,378.0,381.0,391.0,368.0,374.0,384.0,401.0,376.0,380.0,380.0,378.0,387.0,383.0,383.0,394.0,D_FOOTROT,12,30,F3,Swab
Sample-141-B47_SRR12486720,1.0,1.0,1.0,1.0,1.0,1.0,1.0,1.0,1.0,1.0,178.0,173.0,193.0,173.0,185.0,163.0,183.0,165.0,171.0,186.0,240.0,251.0,238.0,248.0,236.0,244.0,238.0,232.0,257.0,256.0,289.0,292.0,284.0,297.0,300.0,286.0,302.0,300.0,293.0,295.0,318.0,335.0,325.0,321.0,339.0,327.0,336.0,334.0,335.0,335.0,363.0,354.0,368.0,361.0,371.0,358.0,351.0,351.0,352.0,342.0,379.0,389.0,382.0,392.0,394.0,373.0,396.0,380.0,381.0,387.0,395.0,405.0,402.0,399.0,389.0,387.0,401.0,407.0,393.0,413.0,418.0,428.0,407.0,410.0,430.0,428.0,425.0,413.0,418.0,416.0,433.0,426.0,425.0,437.0,428.0,437.0,439.0,438.0,428.0,430.0,E_CODD,12,43,F3,Swab
Sample-141-B47_SRR12514725,1.0,1.0,1.0,1.0,1.0,1.0,1.0,1.0,1.0,1.0,179.0,175.0,188.0,186.0,165.0,178.0,171.0,174.0,155.0,176.0,248.0,257.0,253.0,249.0,249.0,245.0,241.0,238.0,253.0,224.0,303.0,295.0,297.0,277.0,287.0,302.0,299.0,294.0,285.0,286.0,334.0,333.0,341.0,315.0,336.0,338.0,340.0,319.0,338.0,326.0,359.0,362.0,371.0,358.0,346.0,363.0,367.0,355.0,358.0,358.0,384.0,384.0,382.0,372.0,382.0,388.0,375.0,379.0,361.0,370.0,409.0,394.0,404.0,401.0,392.0,399.0,405.0,402.0,397.0,398.0,414.0,430.0,416.0,423.0,422.0,417.0,415.0,425.0,412.0,423.0,442.0,436.0,435.0,433.0,436.0,440.0,439.0,438.0,432.0,436.0,E_CODD,12,43,F3,Swab
Sample-142-B48_SRR12486719,1.0,1.0,1.0,1.0,1.0,1.0,1.0,1.0,1.0,1.0,266.0,262.0,270.0,255.0,280.0,285.0,271.0,261.0,272.0,272.0,355.0,373.0,395.0,386.0,380.0,370.0,381.0,380.0,400.0,376.0,461.0,453.0,471.0,461.0,460.0,460.0,448.0,466.0,461.0,459.0,508.0,528.0,517.0,492.0,514.0,499.0,507.0,515.0,520.0,514.0,562.0,572.0,549.0,551.0,562.0,545.0,559.0,566.0,554.0,566.0,596.0,598.0,604.0,609.0,579.0,574.0,586.0,610.0,595.0,600.0,613.0,625.0,628.0,643.0,630.0,609.0,617.0,617.0,632.0,630.0,658.0,640.0,641.0,648.0,643.0,640.0,654.0,657.0,654.0,665.0,655.0,660.0,665.0,661.0,666.0,661.0,664.0,671.0,671.0,672.0,TREATED,12,47,F3,Swab
Sample-142-B48_SRR12514724,1.0,1.0,1.0,1.0,1.0,1.0,1.0,1.0,1.0,1.0,266.0,264.0,264.0,275.0,272.0,267.0,263.0,257.0,283.0,269.0,370.0,404.0,393.0,383.0,359.0,381.0,390.0,386.0,364.0,385.0,455.0,444.0,450.0,450.0,456.0,444.0,455.0,450.0,457.0,468.0,523.0,491.0,513.0,497.0,508.0,501.0,513.0,516.0,501.0,540.0,555.0,542.0,567.0,566.0,570.0,544.0,568.0,572.0,560.0,568.0,604.0,581.0,586.0,611.0,599.0,576.0,587.0,603.0,597.0,597.0,634.0,602.0,624.0,622.0,627.0,604.0,613.0,623.0,633.0,619.0,637.0,656.0,652.0,652.0,663.0,650.0,636.0,646.0,629.0,639.0,658.0,665.0,679.0,673.0,663.0,669.0,662.0,673.0,667.0,673.0,TREATED,12,47,F3,Swab
Sample-143-305F2_SRR12486654,1.0,1.0,1.0,1.0,1.0,1.0,1.0,1.0,1.0,1.0,132.0,146.0,138.0,138.0,135.0,147.0,143.0,135.0,142.0,131.0,170.0,170.0,167.0,175.0,163.0,170.0,166.0,166.0,169.0,171.0,190.0,180.0,186.0,204.0,202.0,192.0,195.0,190.0,190.0,194.0,196.0,209.0,200.0,210.0,204.0,205.0,201.0,198.0,203.0,205.0,214.0,218.0,210.0,218.0,211.0,213.0,214.0,205.0,215.0,214.0,225.0,216.0,207.0,216.0,211.0,227.0,218.0,215.0,224.0,222.0,227.0,229.0,225.0,229.0,221.0,231.0,225.0,237.0,223.0,229.0,229.0,228.0,232.0,231.0,236.0,230.0,234.0,228.0,232.0,233.0,232.0,241.0,235.0,231.0,237.0,233.0,241.0,236.0,236.0,237.0,D_FOOTROT,5,30,F2,Swab
Sample-143-305F2_SRR12514659,1.0,1.0,1.0,1.0,1.0,1.0,1.0,1.0,1.0,1.0,143.0,133.0,147.0,138.0,147.0,141.0,148.0,138.0,137.0,149.0,192.0,180.0,181.0,183.0,176.0,188.0,183.0,197.0,178.0,173.0,208.0,207.0,214.0,195.0,204.0,203.0,206.0,218.0,209.0,207.0,230.0,225.0,215.0,222.0,231.0,232.0,228.0,218.0,230.0,218.0,234.0,237.0,234.0,240.0,236.0,258.0,241.0,234.0,230.0,247.0,261.0,250.0,261.0,248.0,249.0,239.0,243.0,250.0,244.0,243.0,252.0,274.0,258.0,236.0,256.0,252.0,252.0,253.0,256.0,253.0,269.0,265.0,260.0,266.0,263.0,261.0,273.0,282.0,259.0,268.0,273.0,275.0,265.0,279.0,282.0,279.0,270.0,274.0,271.0,275.0,D_FOOTROT,5,30,F2,Swab
Sample-143-B49_SRR12486718,1.0,1.0,1.0,1.0,1.0,1.0,1.0,1.0,1.0,1.0,238.0,257.0,250.0,234.0,231.0,253.0,234.0,252.0,238.0,243.0,357.0,358.0,370.0,354.0,337.0,366.0,354.0,357.0,363.0,353.0,451.0,472.0,462.0,432.0,415.0,446.0,450.0,440.0,429.0,469.0,525.0,494.0,514.0,508.0,504.0,518.0,522.0,511.0,510.0,508.0,568.0,560.0,562.0,551.0,550.0,562.0,559.0,550.0,546.0,540.0,607.0,614.0,615.0,612.0,599.0,587.0,598.0,604.0,627.0,616.0,640.0,637.0,651.0,661.0,656.0,652.0,646.0,652.0,652.0,637.0,696.0,685.0,673.0,684.0,671.0,697.0,675.0,686.0,677.0,693.0,709.0,718.0,713.0,711.0,728.0,707.0,728.0,696.0,699.0,724.0,E_CODD,1,3,Unknown,Biopsy
Sample-143-B49_SRR12514723,1.0,1.0,1.0,1.0,1.0,1.0,1.0,1.0,1.0,1.0,251.0,230.0,235.0,240.0,250.0,238.0,249.0,240.0,237.0,238.0,354.0,374.0,357.0,349.0,340.0,365.0,371.0,342.0,360.0,378.0,456.0,429.0,433.0,439.0,427.0,444.0,434.0,458.0,427.0,464.0,498.0,513.0,518.0,515.0,514.0,521.0,512.0,508.0,494.0,506.0,539.0,559.0,577.0,558.0,563.0,572.0,581.0,572.0,575.0,547.0,608.0,596.0,619.0,627.0,598.0,618.0,601.0,608.0,608.0,614.0,646.0,639.0,643.0,652.0,652.0,636.0,657.0,660.0,652.0,658.0,686.0,670.0,680.0,673.0,670.0,682.0,694.0,687.0,685.0,680.0,700.0,720.0,726.0,701.0,727.0,716.0,707.0,697.0,696.0,732.0,E_CODD,1,3,Unknown,Biopsy
Sample-144-308F3_SRR12486653,1.0,1.0,1.0,1.0,1.0,1.0,1.0,1.0,1.0,1.0,123.0,111.0,109.0,109.0,117.0,115.0,118.0,118.0,121.0,119.0,134.0,139.0,133.0,139.0,135.0,136.0,136.0,135.0,137.0,133.0,144.0,148.0,141.0,150.0,149.0,148.0,147.0,147.0,151.0,142.0,158.0,150.0,147.0,152.0,148.0,152.0,158.0,147.0,148.0,155.0,165.0,154.0,157.0,153.0,157.0,162.0,158.0,156.0,158.0,156.0,160.0,163.0,164.0,161.0,162.0,156.0,159.0,164.0,164.0,168.0,166.0,171.0,163.0,163.0,167.0,163.0,166.0,165.0,161.0,172.0,164.0,165.0,168.0,162.0,172.0,167.0,166.0,167.0,162.0,172.0,174.0,170.0,168.0,165.0,168.0,170.0,167.0,169.0,172.0,167.0,D_FOOTROT,8,30,F3,Swab
Sample-144-308F3_SRR12514658,1.0,1.0,1.0,1.0,1.0,1.0,1.0,1.0,1.0,1.0,133.0,127.0,126.0,124.0,125.0,117.0,120.0,127.0,119.0,131.0,151.0,139.0,148.0,142.0,144.0,147.0,141.0,144.0,148.0,140.0,163.0,160.0,159.0,163.0,162.0,161.0,157.0,154.0,156.0,156.0,169.0,171.0,172.0,167.0,166.0,162.0,163.0,165.0,166.0,172.0,181.0,178.0,162.0,175.0,178.0,173.0,175.0,172.0,183.0,178.0,190.0,178.0,190.0,184.0,186.0,185.0,193.0,182.0,179.0,184.0,185.0,175.0,196.0,190.0,189.0,188.0,195.0,190.0,192.0,183.0,196.0,193.0,193.0,181.0,197.0,195.0,189.0,200.0,185.0,191.0,199.0,202.0,199.0,206.0,212.0,200.0,193.0,202.0,197.0,202.0,D_FOOTROT,8,30,F3,Swab
Sample-144-B50_SRR12486717,1.0,1.0,1.0,1.0,1.0,1.0,1.0,1.0,1.0,1.0,77.0,80.0,72.0,79.0,85.0,71.0,81.0,85.0,86.0,78.0,106.0,97.0,102.0,95.0,98.0,92.0,105.0,108.0,107.0,104.0,120.0,114.0,117.0,127.0,123.0,117.0,122.0,117.0,116.0,116.0,123.0,129.0,140.0,135.0,128.0,131.0,131.0,131.0,135.0,127.0,141.0,145.0,145.0,137.0,142.0,134.0,143.0,141.0,140.0,126.0,146.0,135.0,136.0,145.0,150.0,143.0,148.0,148.0,144.0,141.0,160.0,151.0,154.0,151.0,147.0,147.0,154.0,158.0,150.0,157.0,154.0,150.0,145.0,166.0,160.0,157.0,148.0,169.0,157.0,153.0,168.0,165.0,164.0,159.0,166.0,160.0,166.0,160.0,165.0,167.0,E_CODD,1,7,Unknown,Biopsy
Sample-144-B50_SRR12514722,1.0,1.0,1.0,1.0,1.0,1.0,1.0,1.0,1.0,1.0,78.0,80.0,82.0,89.0,85.0,86.0,79.0,81.0,76.0,78.0,101.0,94.0,99.0,102.0,96.0,102.0,95.0,92.0,101.0,99.0,123.0,122.0,117.0,119.0,121.0,115.0,113.0,115.0,112.0,126.0,138.0,135.0,126.0,142.0,127.0,119.0,139.0,127.0,126.0,136.0,137.0,143.0,140.0,145.0,148.0,124.0,121.0,141.0,133.0,139.0,149.0,145.0,148.0,149.0,146.0,144.0,131.0,148.0,143.0,144.0,142.0,151.0,149.0,150.0,152.0,141.0,156.0,158.0,157.0,153.0,158.0,163.0,157.0,162.0,160.0,159.0,162.0,167.0,156.0,158.0,176.0,168.0,161.0,158.0,171.0,156.0,162.0,166.0,158.0,159.0,E_CODD,1,7,Unknown,Biopsy
Sample-145-B51_SRR12486716,1.0,1.0,1.0,1.0,1.0,1.0,1.0,1.0,1.0,1.0,140.0,142.0,131.0,130.0,140.0,141.0,134.0,133.0,132.0,144.0,164.0,176.0,167.0,172.0,167.0,169.0,174.0,169.0,160.0,164.0,189.0,196.0,192.0,190.0,184.0,197.0,191.0,204.0,202.0,191.0,201.0,208.0,201.0,200.0,205.0,205.0,214.0,203.0,204.0,204.0,210.0,224.0,209.0,222.0,220.0,217.0,218.0,211.0,213.0,226.0,225.0,224.0,228.0,219.0,217.0,221.0,216.0,227.0,216.0,225.0,227.0,230.0,226.0,232.0,222.0,229.0,232.0,219.0,231.0,222.0,232.0,232.0,230.0,233.0,229.0,237.0,237.0,236.0,234.0,238.0,244.0,237.0,239.0,236.0,232.0,232.0,238.0,243.0,238.0,243.0,E_CODD,1,5,Unknown,Biopsy
Sample-145-B51_SRR12514721,1.0,1.0,1.0,1.0,1.0,1.0,1.0,1.0,1.0,1.0,136.0,135.0,140.0,144.0,138.0,144.0,141.0,143.0,150.0,135.0,174.0,166.0,171.0,168.0,172.0,169.0,173.0,169.0,172.0,166.0,186.0,184.0,186.0,195.0,196.0,194.0,194.0,189.0,197.0,194.0,205.0,192.0,198.0,200.0,200.0,202.0,211.0,210.0,202.0,201.0,208.0,209.0,218.0,219.0,212.0,202.0,221.0,211.0,209.0,207.0,218.0,227.0,207.0,214.0,213.0,216.0,216.0,226.0,224.0,218.0,231.0,235.0,232.0,229.0,234.0,233.0,242.0,220.0,223.0,229.0,238.0,229.0,239.0,239.0,238.0,231.0,234.0,243.0,231.0,227.0,240.0,239.0,243.0,238.0,240.0,243.0,243.0,234.0,230.0,238.0,E_CODD,1,5,Unknown,Biopsy
Sample-146-B52_SRR12486715,1.0,1.0,1.0,1.0,1.0,1.0,1.0,1.0,1.0,1.0,204.0,203.0,200.0,214.0,225.0,203.0,222.0,203.0,204.0,213.0,283.0,292.0,281.0,287.0,283.0,288.0,282.0,292.0,274.0,290.0,330.0,333.0,331.0,329.0,331.0,338.0,333.0,338.0,338.0,322.0,386.0,366.0,366.0,378.0,368.0,361.0,348.0,360.0,369.0,388.0,371.0,382.0,409.0,395.0,395.0,401.0,415.0,397.0,406.0,415.0,428.0,427.0,423.0,422.0,431.0,408.0,431.0,427.0,424.0,418.0,449.0,443.0,441.0,459.0,447.0,454.0,443.0,437.0,437.0,444.0,457.0,462.0,458.0,461.0,465.0,460.0,464.0,470.0,454.0,464.0,472.0,479.0,458.0,463.0,490.0,476.0,467.0,485.0,478.0,477.0,E_CODD,1,6,Unknown,Biopsy
Sample-146-B52_SRR12514720,1.0,1.0,1.0,1.0,1.0,1.0,1.0,1.0,1.0,1.0,224.0,227.0,214.0,225.0,207.0,212.0,212.0,207.0,220.0,204.0,280.0,281.0,290.0,291.0,290.0,290.0,300.0,270.0,280.0,277.0,348.0,331.0,349.0,347.0,338.0,317.0,336.0,326.0,327.0,352.0,377.0,351.0,377.0,372.0,367.0,366.0,366.0,357.0,374.0,369.0,407.0,405.0,409.0,427.0,398.0,389.0,405.0,404.0,401.0,413.0,420.0,414.0,432.0,422.0,425.0,430.0,421.0,425.0,429.0,433.0,435.0,439.0,474.0,452.0,432.0,442.0,439.0,441.0,435.0,440.0,456.0,447.0,458.0,473.0,459.0,457.0,458.0,451.0,480.0,454.0,474.0,468.0,483.0,463.0,471.0,473.0,473.0,469.0,464.0,486.0,E_CODD,1,6,Unknown,Biopsy
Sample-147-B53_SRR12486714,1.0,1.0,1.0,1.0,1.0,1.0,1.0,1.0,1.0,1.0,75.0,75.0,68.0,71.0,73.0,73.0,77.0,82.0,78.0,81.0,101.0,95.0,91.0,91.0,88.0,94.0,94.0,90.0,95.0,96.0,106.0,114.0,107.0,100.0,100.0,104.0,100.0,108.0,110.0,104.0,116.0,113.0,114.0,115.0,120.0,108.0,116.0,117.0,110.0,109.0,128.0,122.0,124.0,124.0,120.0,118.0,122.0,121.0,116.0,123.0,120.0,120.0,127.0,128.0,130.0,124.0,128.0,128.0,124.0,124.0,128.0,125.0,134.0,132.0,131.0,123.0,133.0,135.0,126.0,123.0,127.0,137.0,128.0,129.0,137.0,128.0,136.0,128.0,132.0,135.0,141.0,137.0,143.0,136.0,131.0,134.0,133.0,138.0,141.0,141.0,E_CODD,1,2,Unknown,Biopsy
Sample-147-B53_SRR12514719,1.0,1.0,1.0,1.0,1.0,1.0,1.0,1.0,1.0,1.0,75.0,83.0,72.0,67.0,69.0,74.0,81.0,85.0,71.0,71.0,99.0,99.0,103.0,91.0,92.0,93.0,98.0,98.0,91.0,88.0,104.0,101.0,103.0,101.0,100.0,106.0,102.0,99.0,106.0,101.0,116.0,118.0,114.0,116.0,108.0,120.0,115.0,116.0,110.0,110.0,120.0,123.0,125.0,122.0,119.0,121.0,117.0,124.0,115.0,117.0,123.0,130.0,131.0,128.0,129.0,126.0,128.0,132.0,116.0,137.0,128.0,131.0,128.0,132.0,129.0,134.0,127.0,128.0,127.0,124.0,134.0,135.0,138.0,133.0,131.0,135.0,139.0,137.0,131.0,135.0,132.0,135.0,141.0,139.0,146.0,139.0,135.0,133.0,137.0,138.0,E_CODD,1,2,Unknown,Biopsy
Sample-148-B54_SRR12486712,1.0,1.0,1.0,1.0,1.0,1.0,1.0,1.0,1.0,1.0,83.0,82.0,90.0,71.0,83.0,89.0,90.0,89.0,83.0,78.0,113.0,112.0,110.0,105.0,110.0,114.0,112.0,114.0,124.0,103.0,143.0,136.0,137.0,127.0,134.0,141.0,132.0,144.0,139.0,141.0,158.0,150.0,163.0,143.0,152.0,161.0,164.0,149.0,151.0,150.0,177.0,169.0,184.0,166.0,178.0,163.0,173.0,170.0,185.0,173.0,178.0,191.0,178.0,190.0,198.0,195.0,191.0,190.0,179.0,198.0,191.0,190.0,201.0,192.0,206.0,199.0,199.0,183.0,198.0,216.0,215.0,211.0,217.0,199.0,212.0,203.0,206.0,206.0,204.0,219.0,210.0,216.0,218.0,213.0,223.0,218.0,218.0,220.0,218.0,212.0,E_CODD,1,4,Unknown,Biopsy
Sample-148-B54_SRR12514717,1.0,1.0,1.0,1.0,1.0,1.0,1.0,1.0,1.0,1.0,81.0,81.0,83.0,80.0,86.0,92.0,87.0,83.0,92.0,74.0,119.0,119.0,109.0,115.0,109.0,115.0,112.0,121.0,119.0,113.0,140.0,143.0,143.0,136.0,142.0,149.0,143.0,146.0,149.0,148.0,162.0,157.0,166.0,154.0,160.0,167.0,145.0,146.0,149.0,152.0,162.0,162.0,162.0,168.0,160.0,161.0,163.0,179.0,165.0,179.0,185.0,192.0,181.0,174.0,187.0,180.0,184.0,194.0,184.0,172.0,187.0,195.0,201.0,191.0,193.0,207.0,201.0,193.0,201.0,197.0,201.0,200.0,219.0,214.0,200.0,192.0,215.0,219.0,199.0,205.0,210.0,216.0,228.0,214.0,212.0,216.0,218.0,225.0,226.0,209.0,E_CODD,1,4,Unknown,Biopsy
Sample-149-B55_SRR12486711,1.0,1.0,1.0,1.0,1.0,1.0,1.0,1.0,1.0,1.0,58.0,56.0,53.0,53.0,50.0,53.0,59.0,57.0,59.0,58.0,63.0,67.0,61.0,67.0,62.0,63.0,68.0,62.0,65.0,62.0,68.0,76.0,71.0,71.0,66.0,67.0,71.0,69.0,75.0,70.0,75.0,76.0,75.0,74.0,73.0,75.0,70.0,70.0,77.0,68.0,78.0,78.0,75.0,76.0,73.0,79.0,73.0,77.0,75.0,72.0,78.0,79.0,84.0,81.0,78.0,81.0,82.0,79.0,75.0,77.0,78.0,81.0,80.0,75.0,80.0,80.0,81.0,84.0,84.0,79.0,81.0,81.0,86.0,82.0,84.0,85.0,87.0,88.0,84.0,83.0,83.0,83.0,83.0,84.0,84.0,83.0,82.0,81.0,82.0,82.0,E_CODD,1,1,Unknown,Biopsy
Sample-149-B55_SRR12514716,1.0,1.0,1.0,1.0,1.0,1.0,1.0,1.0,1.0,1.0,58.0,57.0,52.0,57.0,61.0,53.0,59.0,58.0,59.0,57.0,65.0,69.0,62.0,67.0,68.0,66.0,62.0,65.0,66.0,65.0,72.0,67.0,67.0,70.0,65.0,69.0,72.0,69.0,68.0,69.0,76.0,72.0,72.0,73.0,76.0,74.0,74.0,71.0,75.0,69.0,81.0,78.0,77.0,75.0,73.0,81.0,72.0,80.0,78.0,77.0,79.0,80.0,81.0,81.0,78.0,79.0,83.0,75.0,78.0,78.0,87.0,83.0,83.0,83.0,88.0,76.0,78.0,81.0,82.0,77.0,82.0,86.0,80.0,83.0,79.0,87.0,82.0,83.0,84.0,81.0,77.0,84.0,84.0,86.0,80.0,85.0,84.0,84.0,86.0,83.0,E_CODD,1,1,Unknown,Biopsy
Sample-150-3112F3_SRR12486652,1.0,1.0,1.0,1.0,1.0,1.0,1.0,1.0,1.0,1.0,214.0,210.0,230.0,217.0,202.0,204.0,206.0,217.0,203.0,212.0,280.0,278.0,283.0,274.0,286.0,276.0,293.0,277.0,277.0,265.0,340.0,327.0,317.0,317.0,310.0,315.0,337.0,298.0,318.0,319.0,343.0,344.0,356.0,349.0,349.0,358.0,349.0,351.0,354.0,345.0,376.0,378.0,371.0,381.0,379.0,373.0,373.0,378.0,368.0,368.0,383.0,392.0,387.0,389.0,411.0,388.0,401.0,396.0,389.0,378.0,398.0,396.0,404.0,403.0,410.0,412.0,392.0,396.0,393.0,412.0,413.0,420.0,418.0,410.0,421.0,416.0,415.0,414.0,408.0,411.0,420.0,421.0,418.0,418.0,416.0,428.0,425.0,418.0,437.0,418.0,D_FOOTROT,12,31,F3,Swab
Sample-150-3112F3_SRR12514657,1.0,1.0,1.0,1.0,1.0,1.0,1.0,1.0,1.0,1.0,215.0,231.0,213.0,202.0,218.0,221.0,221.0,214.0,217.0,221.0,310.0,304.0,296.0,310.0,296.0,310.0,307.0,320.0,309.0,329.0,374.0,386.0,359.0,370.0,381.0,354.0,379.0,366.0,369.0,368.0,403.0,402.0,413.0,402.0,399.0,424.0,416.0,413.0,413.0,400.0,452.0,437.0,442.0,453.0,429.0,437.0,448.0,429.0,445.0,447.0,493.0,472.0,485.0,470.0,477.0,472.0,484.0,461.0,466.0,469.0,496.0,507.0,485.0,500.0,501.0,487.0,491.0,496.0,505.0,509.0,507.0,505.0,521.0,527.0,513.0,518.0,530.0,525.0,505.0,493.0,537.0,541.0,530.0,536.0,517.0,546.0,527.0,528.0,540.0,546.0,D_FOOTROT,12,31,F3,Swab
Sample-150-B56_SRR12486710,1.0,1.0,1.0,1.0,1.0,1.0,1.0,1.0,1.0,1.0,107.0,112.0,103.0,108.0,107.0,112.0,111.0,105.0,109.0,103.0,123.0,130.0,128.0,122.0,124.0,124.0,125.0,130.0,127.0,132.0,147.0,146.0,138.0,132.0,151.0,143.0,155.0,146.0,141.0,137.0,155.0,154.0,158.0,146.0,151.0,155.0,153.0,156.0,155.0,158.0,154.0,165.0,160.0,159.0,158.0,146.0,162.0,162.0,158.0,160.0,166.0,166.0,166.0,168.0,171.0,171.0,173.0,166.0,167.0,166.0,167.0,173.0,176.0,171.0,176.0,170.0,170.0,168.0,174.0,160.0,179.0,177.0,172.0,170.0,172.0,174.0,179.0,172.0,173.0,167.0,171.0,186.0,170.0,172.0,179.0,180.0,179.0,182.0,173.0,176.0,E_CODD,1,8,Unknown,Biopsy
Sample-150-B56_SRR12514715,1.0,1.0,1.0,1.0,1.0,1.0,1.0,1.0,1.0,1.0,106.0,100.0,101.0,106.0,107.0,111.0,108.0,108.0,105.0,101.0,138.0,125.0,126.0,131.0,140.0,116.0,119.0,123.0,127.0,128.0,141.0,142.0,153.0,139.0,145.0,148.0,148.0,140.0,142.0,149.0,149.0,150.0,148.0,148.0,159.0,157.0,151.0,152.0,151.0,144.0,162.0,155.0,158.0,159.0,162.0,169.0,158.0,162.0,152.0,164.0,170.0,168.0,167.0,164.0,160.0,161.0,172.0,159.0,169.0,165.0,169.0,170.0,171.0,168.0,166.0,178.0,169.0,173.0,174.0,171.0,171.0,186.0,179.0,175.0,174.0,172.0,173.0,174.0,177.0,171.0,174.0,177.0,172.0,173.0,175.0,179.0,171.0,177.0,176.0,177.0,E_CODD,1,8,Unknown,Biopsy
Sample-151-B57_SRR12486709,1.0,1.0,1.0,1.0,1.0,1.0,1.0,1.0,1.0,1.0,105.0,94.0,100.0,89.0,97.0,85.0,92.0,94.0,92.0,86.0,114.0,117.0,113.0,116.0,113.0,113.0,125.0,108.0,117.0,107.0,128.0,139.0,134.0,125.0,125.0,132.0,130.0,127.0,130.0,141.0,145.0,141.0,138.0,144.0,141.0,146.0,142.0,130.0,138.0,143.0,153.0,146.0,140.0,158.0,148.0,154.0,152.0,156.0,153.0,154.0,155.0,154.0,136.0,157.0,159.0,151.0,148.0,149.0,152.0,146.0,160.0,161.0,159.0,166.0,153.0,162.0,162.0,154.0,162.0,146.0,159.0,170.0,162.0,161.0,159.0,170.0,169.0,168.0,161.0,168.0,173.0,162.0,169.0,170.0,165.0,163.0,167.0,166.0,169.0,165.0,E_CODD,2,15,F2,Biopsy
Sample-151-B57_SRR12514714,1.0,1.0,1.0,1.0,1.0,1.0,1.0,1.0,1.0,1.0,98.0,88.0,95.0,81.0,92.0,93.0,91.0,90.0,84.0,95.0,114.0,122.0,123.0,125.0,108.0,117.0,115.0,128.0,112.0,116.0,120.0,131.0,129.0,130.0,130.0,124.0,130.0,122.0,122.0,130.0,138.0,139.0,132.0,139.0,141.0,133.0,136.0,149.0,139.0,147.0,151.0,149.0,154.0,145.0,140.0,151.0,145.0,151.0,148.0,150.0,155.0,146.0,150.0,146.0,156.0,147.0,154.0,156.0,156.0,146.0,158.0,160.0,158.0,153.0,161.0,155.0,161.0,151.0,160.0,151.0,162.0,161.0,164.0,167.0,173.0,158.0,166.0,167.0,168.0,167.0,164.0,166.0,169.0,171.0,170.0,175.0,163.0,165.0,170.0,158.0,E_CODD,2,15,F2,Biopsy
Sample-152-B58_SRR12486708,1.0,1.0,1.0,1.0,1.0,1.0,1.0,1.0,1.0,1.0,98.0,101.0,104.0,102.0,98.0,96.0,103.0,97.0,97.0,105.0,116.0,118.0,117.0,119.0,121.0,113.0,120.0,118.0,114.0,115.0,129.0,130.0,131.0,124.0,132.0,131.0,131.0,133.0,126.0,125.0,137.0,135.0,132.0,134.0,130.0,137.0,130.0,131.0,131.0,129.0,145.0,140.0,133.0,139.0,140.0,141.0,136.0,143.0,142.0,135.0,142.0,141.0,145.0,142.0,139.0,139.0,145.0,147.0,151.0,143.0,147.0,144.0,144.0,146.0,145.0,147.0,146.0,150.0,151.0,148.0,149.0,149.0,143.0,150.0,146.0,152.0,148.0,148.0,151.0,150.0,150.0,152.0,148.0,151.0,157.0,149.0,154.0,151.0,147.0,154.0,E_CODD,2,10,F2,Biopsy
Sample-152-B58_SRR12514713,1.0,1.0,1.0,1.0,1.0,1.0,1.0,1.0,1.0,1.0,105.0,93.0,107.0,107.0,103.0,100.0,108.0,107.0,105.0,105.0,123.0,121.0,120.0,121.0,113.0,116.0,122.0,122.0,122.0,111.0,124.0,129.0,130.0,124.0,131.0,119.0,130.0,126.0,128.0,131.0,136.0,136.0,130.0,137.0,126.0,136.0,138.0,130.0,137.0,130.0,146.0,136.0,148.0,138.0,141.0,144.0,142.0,139.0,140.0,137.0,144.0,140.0,145.0,144.0,143.0,144.0,141.0,143.0,139.0,141.0,146.0,146.0,145.0,143.0,142.0,151.0,144.0,145.0,151.0,146.0,147.0,142.0,151.0,147.0,147.0,148.0,146.0,149.0,148.0,151.0,152.0,148.0,150.0,151.0,158.0,148.0,152.0,145.0,155.0,154.0,E_CODD,2,10,F2,Biopsy
Sample-153-B59_SRR12486707,1.0,1.0,1.0,1.0,1.0,1.0,1.0,1.0,1.0,1.0,112.0,110.0,113.0,109.0,110.0,120.0,115.0,121.0,118.0,129.0,148.0,139.0,141.0,145.0,149.0,134.0,139.0,139.0,135.0,146.0,161.0,163.0,171.0,163.0,150.0,162.0,159.0,157.0,166.0,150.0,173.0,167.0,175.0,173.0,166.0,176.0,170.0,164.0,166.0,166.0,186.0,175.0,176.0,172.0,174.0,188.0,174.0,180.0,183.0,170.0,183.0,185.0,186.0,183.0,177.0,190.0,174.0,189.0,182.0,188.0,198.0,190.0,186.0,194.0,189.0,190.0,183.0,197.0,188.0,187.0,202.0,200.0,196.0,188.0,195.0,196.0,195.0,187.0,201.0,196.0,197.0,205.0,194.0,191.0,195.0,199.0,201.0,195.0,199.0,197.0,E_CODD,2,12,F2,Biopsy
Sample-153-B59_SRR12514712,1.0,1.0,1.0,1.0,1.0,1.0,1.0,1.0,1.0,1.0,108.0,115.0,118.0,122.0,110.0,109.0,116.0,116.0,115.0,115.0,139.0,144.0,134.0,140.0,142.0,141.0,144.0,145.0,144.0,137.0,155.0,152.0,165.0,155.0,157.0,157.0,159.0,147.0,156.0,149.0,159.0,164.0,166.0,173.0,175.0,154.0,167.0,174.0,176.0,162.0,176.0,176.0,173.0,172.0,183.0,178.0,181.0,184.0,177.0,185.0,174.0,186.0,186.0,193.0,184.0,184.0,187.0,195.0,186.0,186.0,193.0,195.0,191.0,183.0,185.0,199.0,194.0,195.0,186.0,187.0,204.0,195.0,203.0,187.0,192.0,198.0,196.0,190.0,192.0,198.0,205.0,199.0,202.0,201.0,200.0,200.0,205.0,199.0,200.0,198.0,E_CODD,2,12,F2,Biopsy
Sample-154-315F2_SRR12486651,1.0,1.0,1.0,1.0,1.0,1.0,1.0,1.0,1.0,1.0,171.0,177.0,170.0,171.0,179.0,179.0,173.0,171.0,172.0,179.0,219.0,221.0,218.0,222.0,221.0,217.0,214.0,220.0,218.0,220.0,251.0,238.0,245.0,244.0,248.0,245.0,238.0,254.0,249.0,256.0,264.0,275.0,261.0,255.0,258.0,264.0,261.0,266.0,263.0,260.0,274.0,279.0,281.0,280.0,286.0,285.0,276.0,271.0,271.0,274.0,281.0,291.0,283.0,289.0,279.0,284.0,285.0,283.0,289.0,279.0,301.0,296.0,284.0,289.0,292.0,296.0,299.0,296.0,296.0,293.0,297.0,305.0,290.0,304.0,295.0,302.0,298.0,294.0,299.0,306.0,303.0,303.0,308.0,307.0,305.0,302.0,305.0,297.0,294.0,304.0,D_FOOTROT,5,31,F2,Swab
Sample-154-315F2_SRR12514656,1.0,1.0,1.0,1.0,1.0,1.0,1.0,1.0,1.0,1.0,180.0,187.0,178.0,183.0,184.0,183.0,189.0,179.0,184.0,181.0,248.0,239.0,233.0,251.0,238.0,234.0,240.0,237.0,243.0,238.0,265.0,289.0,281.0,271.0,271.0,273.0,265.0,280.0,270.0,272.0,291.0,293.0,301.0,317.0,293.0,303.0,308.0,295.0,304.0,312.0,309.0,312.0,331.0,316.0,320.0,325.0,321.0,329.0,316.0,322.0,329.0,344.0,342.0,349.0,348.0,332.0,343.0,334.0,336.0,344.0,347.0,349.0,366.0,348.0,348.0,355.0,359.0,358.0,354.0,351.0,377.0,380.0,373.0,355.0,361.0,362.0,349.0,365.0,374.0,347.0,366.0,367.0,389.0,371.0,370.0,367.0,375.0,374.0,368.0,382.0,D_FOOTROT,5,31,F2,Swab
Sample-154-B60_SRR12486706,1.0,1.0,1.0,1.0,1.0,1.0,1.0,1.0,1.0,1.0,62.0,55.0,62.0,61.0,62.0,63.0,60.0,62.0,54.0,58.0,75.0,73.0,69.0,81.0,78.0,67.0,73.0,74.0,74.0,69.0,82.0,86.0,82.0,85.0,81.0,75.0,84.0,85.0,85.0,81.0,83.0,91.0,94.0,88.0,91.0,90.0,85.0,92.0,86.0,84.0,100.0,100.0,93.0,91.0,95.0,93.0,96.0,97.0,104.0,97.0,96.0,103.0,97.0,97.0,98.0,96.0,106.0,104.0,98.0,99.0,106.0,104.0,101.0,99.0,106.0,103.0,104.0,100.0,100.0,109.0,108.0,110.0,108.0,108.0,108.0,109.0,105.0,103.0,108.0,102.0,111.0,106.0,108.0,113.0,107.0,104.0,106.0,105.0,107.0,105.0,E_CODD,2,14,F2,Biopsy
Sample-154-B60_SRR12514711,1.0,1.0,1.0,1.0,1.0,1.0,1.0,1.0,1.0,1.0,55.0,63.0,57.0,63.0,55.0,65.0,67.0,57.0,58.0,56.0,69.0,75.0,77.0,70.0,69.0,80.0,65.0,64.0,76.0,76.0,76.0,82.0,82.0,86.0,81.0,90.0,83.0,85.0,82.0,81.0,93.0,87.0,98.0,91.0,88.0,92.0,95.0,95.0,85.0,85.0,94.0,98.0,87.0,102.0,101.0,98.0,96.0,94.0,98.0,97.0,101.0,98.0,95.0,109.0,108.0,93.0,110.0,101.0,101.0,100.0,105.0,102.0,103.0,103.0,108.0,103.0,96.0,100.0,98.0,111.0,103.0,107.0,109.0,106.0,109.0,113.0,104.0,104.0,100.0,105.0,111.0,111.0,107.0,108.0,111.0,104.0,106.0,107.0,105.0,112.0,E_CODD,2,14,F2,Biopsy
Sample-155-B61_SRR12486705,1.0,1.0,1.0,1.0,1.0,1.0,1.0,1.0,1.0,1.0,61.0,61.0,56.0,64.0,53.0,59.0,64.0,53.0,53.0,58.0,69.0,70.0,68.0,68.0,68.0,74.0,68.0,69.0,67.0,76.0,80.0,83.0,78.0,76.0,79.0,76.0,69.0,83.0,80.0,78.0,80.0,86.0,83.0,81.0,84.0,82.0,86.0,88.0,84.0,88.0,90.0,98.0,85.0,90.0,91.0,94.0,88.0,94.0,86.0,92.0,93.0,91.0,88.0,99.0,93.0,90.0,93.0,89.0,93.0,85.0,96.0,102.0,96.0,94.0,92.0,96.0,89.0,95.0,88.0,91.0,95.0,101.0,98.0,100.0,97.0,96.0,97.0,95.0,102.0,100.0,105.0,100.0,97.0,100.0,101.0,103.0,101.0,97.0,99.0,101.0,E_CODD,2,13,F2,Biopsy
Sample-155-B61_SRR12514710,1.0,1.0,1.0,1.0,1.0,1.0,1.0,1.0,1.0,1.0,59.0,60.0,61.0,62.0,51.0,57.0,55.0,57.0,62.0,56.0,66.0,68.0,73.0,72.0,73.0,73.0,71.0,74.0,68.0,69.0,73.0,82.0,79.0,81.0,77.0,83.0,84.0,73.0,75.0,76.0,89.0,86.0,85.0,90.0,90.0,83.0,83.0,92.0,83.0,79.0,90.0,86.0,85.0,89.0,92.0,88.0,87.0,95.0,95.0,89.0,93.0,89.0,93.0,91.0,86.0,97.0,91.0,99.0,96.0,95.0,100.0,100.0,98.0,94.0,99.0,98.0,99.0,88.0,100.0,96.0,96.0,97.0,102.0,98.0,98.0,101.0,95.0,92.0,98.0,99.0,101.0,97.0,103.0,96.0,98.0,102.0,98.0,94.0,98.0,96.0,E_CODD,2,13,F2,Biopsy
Sample-156-B62_SRR12486704,1.0,1.0,1.0,1.0,1.0,1.0,1.0,1.0,1.0,1.0,55.0,54.0,55.0,53.0,55.0,52.0,51.0,54.0,54.0,55.0,,,,,,,,,,,,,,,,,,,,,,,,,,,,,,,,,,,,,,,,,,,,,,,,,,,,,,,,,,,,,,,,,,,,,,,,,,,,,,,,,E_CODD,2,11,F2,Biopsy
Sample-156-B62_SRR12514709,1.0,1.0,1.0,1.0,1.0,1.0,1.0,1.0,1.0,1.0,55.0,52.0,55.0,53.0,54.0,55.0,52.0,55.0,55.0,55.0,,,,,,,,,,,,,,,,,,,,,,,,,,,,,,,,,,,,,,,,,,,,,,,,,,,,,,,,,,,,,,,,,,,,,,,,,,,,,,,,,E_CODD,2,11,F2,Biopsy
Sample-157-325F2_SRR12486650,1.0,1.0,1.0,1.0,1.0,1.0,1.0,1.0,1.0,1.0,112.0,114.0,113.0,110.0,102.0,112.0,112.0,112.0,99.0,104.0,126.0,128.0,130.0,132.0,131.0,130.0,130.0,127.0,123.0,132.0,147.0,144.0,144.0,146.0,144.0,141.0,150.0,138.0,139.0,138.0,152.0,148.0,150.0,153.0,145.0,146.0,150.0,155.0,150.0,150.0,156.0,155.0,157.0,154.0,159.0,152.0,158.0,158.0,158.0,158.0,156.0,158.0,158.0,161.0,162.0,159.0,161.0,162.0,158.0,164.0,162.0,164.0,165.0,158.0,169.0,163.0,167.0,167.0,167.0,162.0,166.0,164.0,170.0,168.0,166.0,165.0,163.0,170.0,169.0,162.0,167.0,172.0,170.0,167.0,169.0,170.0,168.0,167.0,168.0,168.0,D_FOOTROT,5,32,F2,Swab
Sample-157-325F2_SRR12514655,1.0,1.0,1.0,1.0,1.0,1.0,1.0,1.0,1.0,1.0,116.0,111.0,109.0,113.0,116.0,107.0,113.0,116.0,106.0,116.0,136.0,154.0,140.0,141.0,139.0,153.0,146.0,137.0,141.0,137.0,160.0,146.0,160.0,156.0,156.0,151.0,158.0,158.0,164.0,157.0,170.0,164.0,173.0,166.0,171.0,172.0,169.0,172.0,160.0,168.0,180.0,181.0,186.0,183.0,177.0,185.0,173.0,177.0,183.0,175.0,184.0,181.0,191.0,184.0,186.0,182.0,200.0,182.0,184.0,191.0,196.0,192.0,187.0,196.0,185.0,190.0,199.0,191.0,195.0,193.0,199.0,203.0,194.0,207.0,205.0,193.0,201.0,198.0,196.0,198.0,206.0,204.0,193.0,197.0,207.0,197.0,199.0,210.0,200.0,210.0,D_FOOTROT,5,32,F2,Swab
Sample-157-B63_SRR12486703,1.0,1.0,1.0,1.0,1.0,1.0,1.0,1.0,1.0,1.0,,,,,,,,,,,,,,,,,,,,,,,,,,,,,,,,,,,,,,,,,,,,,,,,,,,,,,,,,,,,,,,,,,,,,,,,,,,,,,,,,,,,,,,,,,,E_CODD,2,9,F2,Biopsy
Sample-157-B63_SRR12514708,1.0,1.0,1.0,1.0,1.0,1.0,1.0,1.0,1.0,1.0,,,,,,,,,,,,,,,,,,,,,,,,,,,,,,,,,,,,,,,,,,,,,,,,,,,,,,,,,,,,,,,,,,,,,,,,,,,,,,,,,,,,,,,,,,,E_CODD,2,9,F2,Biopsy
Sample-158-B64_SRR12486701,1.0,1.0,1.0,1.0,1.0,1.0,1.0,1.0,1.0,1.0,60.0,67.0,59.0,58.0,55.0,58.0,55.0,56.0,57.0,62.0,73.0,77.0,69.0,72.0,77.0,70.0,74.0,67.0,82.0,75.0,83.0,78.0,85.0,83.0,86.0,86.0,78.0,88.0,84.0,87.0,93.0,96.0,94.0,86.0,87.0,95.0,91.0,89.0,93.0,91.0,104.0,97.0,94.0,89.0,93.0,98.0,91.0,97.0,89.0,96.0,97.0,103.0,101.0,102.0,106.0,105.0,101.0,100.0,103.0,103.0,105.0,103.0,108.0,104.0,102.0,107.0,106.0,103.0,105.0,103.0,109.0,106.0,105.0,104.0,104.0,109.0,111.0,104.0,105.0,97.0,112.0,103.0,105.0,104.0,112.0,111.0,110.0,108.0,113.0,108.0,E_CODD,2,16,F2,Biopsy
Sample-158-B64_SRR12514706,1.0,1.0,1.0,1.0,1.0,1.0,1.0,1.0,1.0,1.0,56.0,51.0,60.0,61.0,59.0,59.0,58.0,58.0,50.0,60.0,78.0,79.0,72.0,71.0,70.0,69.0,81.0,74.0,79.0,70.0,83.0,82.0,80.0,82.0,80.0,85.0,85.0,83.0,86.0,86.0,97.0,86.0,96.0,83.0,95.0,93.0,89.0,97.0,99.0,96.0,94.0,91.0,91.0,98.0,93.0,97.0,94.0,96.0,98.0,96.0,104.0,93.0,100.0,100.0,93.0,99.0,92.0,100.0,102.0,95.0,102.0,103.0,104.0,99.0,106.0,107.0,104.0,108.0,105.0,103.0,104.0,102.0,109.0,108.0,105.0,107.0,109.0,108.0,110.0,110.0,109.0,114.0,108.0,109.0,109.0,115.0,105.0,113.0,101.0,107.0,E_CODD,2,16,F2,Biopsy
Sample-159-B65_SRR12486700,1.0,1.0,1.0,1.0,1.0,1.0,1.0,1.0,1.0,1.0,100.0,100.0,94.0,99.0,87.0,101.0,92.0,97.0,93.0,102.0,126.0,117.0,117.0,127.0,116.0,121.0,124.0,125.0,114.0,124.0,142.0,135.0,141.0,137.0,137.0,137.0,138.0,140.0,148.0,142.0,142.0,150.0,143.0,156.0,143.0,148.0,143.0,144.0,147.0,140.0,156.0,159.0,144.0,151.0,152.0,153.0,155.0,155.0,155.0,159.0,169.0,167.0,162.0,158.0,162.0,164.0,163.0,165.0,169.0,161.0,173.0,165.0,178.0,178.0,167.0,171.0,172.0,173.0,173.0,166.0,177.0,181.0,181.0,177.0,176.0,171.0,183.0,172.0,169.0,174.0,181.0,194.0,184.0,183.0,180.0,180.0,175.0,176.0,183.0,185.0,E_CODD,3,19,Unknown,Biopsy
Sample-159-B65_SRR12514705,1.0,1.0,1.0,1.0,1.0,1.0,1.0,1.0,1.0,1.0,94.0,92.0,95.0,92.0,94.0,96.0,101.0,99.0,89.0,99.0,119.0,118.0,126.0,122.0,124.0,126.0,125.0,125.0,125.0,118.0,134.0,138.0,137.0,141.0,134.0,138.0,139.0,137.0,138.0,139.0,139.0,139.0,151.0,157.0,140.0,149.0,143.0,148.0,155.0,139.0,154.0,151.0,166.0,159.0,160.0,163.0,150.0,156.0,153.0,159.0,173.0,167.0,160.0,167.0,163.0,153.0,158.0,163.0,168.0,163.0,167.0,167.0,168.0,173.0,179.0,171.0,173.0,170.0,163.0,161.0,183.0,170.0,179.0,182.0,182.0,177.0,190.0,182.0,171.0,177.0,183.0,174.0,179.0,184.0,188.0,185.0,178.0,177.0,185.0,176.0,E_CODD,3,19,Unknown,Biopsy
Sample-160-B66_SRR12486699,1.0,1.0,1.0,1.0,1.0,1.0,1.0,1.0,1.0,1.0,93.0,94.0,90.0,88.0,86.0,91.0,87.0,85.0,81.0,79.0,106.0,107.0,106.0,108.0,111.0,102.0,109.0,98.0,101.0,104.0,112.0,112.0,124.0,113.0,114.0,113.0,105.0,117.0,112.0,114.0,117.0,127.0,117.0,120.0,122.0,126.0,122.0,122.0,130.0,122.0,126.0,137.0,131.0,134.0,128.0,127.0,126.0,131.0,122.0,130.0,130.0,128.0,133.0,129.0,136.0,136.0,131.0,131.0,131.0,131.0,140.0,139.0,143.0,134.0,133.0,137.0,134.0,136.0,130.0,131.0,142.0,139.0,137.0,140.0,139.0,142.0,138.0,135.0,137.0,143.0,145.0,143.0,144.0,146.0,142.0,146.0,140.0,144.0,134.0,139.0,E_CODD,3,21,Unknown,Biopsy
Sample-160-B66_SRR12514704,1.0,1.0,1.0,1.0,1.0,1.0,1.0,1.0,1.0,1.0,93.0,94.0,85.0,86.0,87.0,81.0,79.0,82.0,78.0,86.0,104.0,102.0,104.0,103.0,107.0,96.0,95.0,109.0,102.0,101.0,115.0,114.0,114.0,110.0,113.0,115.0,117.0,114.0,114.0,107.0,125.0,116.0,124.0,118.0,120.0,117.0,124.0,122.0,122.0,117.0,125.0,130.0,128.0,134.0,131.0,129.0,126.0,133.0,119.0,123.0,135.0,134.0,141.0,127.0,125.0,129.0,132.0,133.0,140.0,134.0,140.0,132.0,143.0,141.0,141.0,133.0,140.0,134.0,136.0,131.0,140.0,146.0,136.0,140.0,142.0,142.0,132.0,142.0,136.0,137.0,139.0,139.0,142.0,142.0,139.0,139.0,138.0,142.0,142.0,144.0,E_CODD,3,21,Unknown,Biopsy
Sample-161-B67_SRR12486698,1.0,1.0,1.0,1.0,1.0,1.0,1.0,1.0,1.0,1.0,96.0,93.0,89.0,95.0,107.0,88.0,90.0,98.0,93.0,96.0,111.0,113.0,118.0,113.0,113.0,113.0,107.0,105.0,116.0,126.0,137.0,125.0,131.0,127.0,135.0,137.0,128.0,129.0,141.0,130.0,136.0,136.0,131.0,135.0,141.0,142.0,132.0,147.0,135.0,147.0,144.0,142.0,150.0,147.0,146.0,140.0,150.0,144.0,149.0,141.0,155.0,149.0,146.0,152.0,148.0,157.0,153.0,147.0,150.0,166.0,159.0,158.0,162.0,159.0,150.0,163.0,165.0,157.0,155.0,149.0,156.0,162.0,164.0,159.0,162.0,165.0,152.0,158.0,162.0,156.0,165.0,165.0,164.0,164.0,166.0,166.0,169.0,161.0,167.0,172.0,E_CODD,3,24,Unknown,Biopsy
Sample-161-B67_SRR12514703,1.0,1.0,1.0,1.0,1.0,1.0,1.0,1.0,1.0,1.0,98.0,88.0,94.0,101.0,91.0,92.0,96.0,97.0,93.0,95.0,110.0,113.0,119.0,127.0,114.0,120.0,120.0,111.0,111.0,121.0,122.0,133.0,134.0,131.0,121.0,133.0,129.0,130.0,124.0,134.0,139.0,137.0,142.0,138.0,138.0,150.0,139.0,132.0,140.0,143.0,147.0,147.0,147.0,150.0,146.0,149.0,144.0,149.0,153.0,152.0,150.0,151.0,158.0,151.0,158.0,149.0,159.0,153.0,151.0,156.0,162.0,157.0,156.0,151.0,154.0,156.0,162.0,144.0,161.0,155.0,155.0,163.0,164.0,165.0,166.0,167.0,162.0,160.0,172.0,157.0,168.0,172.0,172.0,167.0,169.0,168.0,154.0,164.0,162.0,164.0,E_CODD,3,24,Unknown,Biopsy
Sample-162-B68_SRR12486697,1.0,1.0,1.0,1.0,1.0,1.0,1.0,1.0,1.0,1.0,114.0,120.0,108.0,114.0,109.0,111.0,112.0,112.0,113.0,113.0,137.0,132.0,132.0,133.0,130.0,126.0,126.0,134.0,130.0,125.0,138.0,141.0,144.0,139.0,146.0,143.0,132.0,142.0,138.0,139.0,150.0,150.0,145.0,145.0,149.0,149.0,148.0,146.0,142.0,143.0,161.0,149.0,150.0,153.0,150.0,155.0,151.0,154.0,155.0,151.0,163.0,154.0,156.0,153.0,148.0,158.0,157.0,159.0,161.0,155.0,159.0,160.0,156.0,156.0,166.0,161.0,164.0,159.0,159.0,166.0,161.0,162.0,153.0,157.0,159.0,163.0,154.0,160.0,159.0,166.0,163.0,165.0,166.0,161.0,168.0,161.0,167.0,162.0,170.0,158.0,E_CODD,3,17,Unknown,Biopsy
Sample-162-B68_SRR12514702,1.0,1.0,1.0,1.0,1.0,1.0,1.0,1.0,1.0,1.0,110.0,115.0,116.0,116.0,113.0,114.0,116.0,113.0,113.0,115.0,131.0,127.0,134.0,132.0,131.0,135.0,136.0,132.0,130.0,133.0,137.0,139.0,139.0,142.0,142.0,143.0,139.0,143.0,135.0,139.0,145.0,149.0,146.0,147.0,147.0,149.0,141.0,150.0,149.0,145.0,150.0,150.0,155.0,152.0,154.0,156.0,150.0,153.0,146.0,154.0,157.0,156.0,154.0,153.0,155.0,153.0,153.0,159.0,162.0,160.0,162.0,165.0,161.0,164.0,163.0,157.0,149.0,159.0,158.0,157.0,161.0,161.0,164.0,157.0,166.0,160.0,166.0,166.0,163.0,162.0,160.0,167.0,161.0,165.0,171.0,164.0,161.0,164.0,165.0,161.0,E_CODD,3,17,Unknown,Biopsy
Sample-163-B69_SRR12486696,1.0,1.0,1.0,1.0,1.0,1.0,1.0,1.0,1.0,1.0,102.0,108.0,108.0,104.0,103.0,106.0,105.0,104.0,98.0,105.0,115.0,125.0,123.0,118.0,121.0,121.0,114.0,121.0,123.0,118.0,129.0,133.0,129.0,128.0,130.0,134.0,123.0,126.0,125.0,140.0,132.0,131.0,140.0,134.0,137.0,142.0,136.0,135.0,138.0,138.0,143.0,143.0,143.0,145.0,143.0,140.0,142.0,140.0,141.0,142.0,148.0,147.0,147.0,141.0,141.0,149.0,143.0,144.0,146.0,144.0,152.0,149.0,146.0,151.0,149.0,153.0,151.0,151.0,146.0,151.0,156.0,155.0,157.0,149.0,154.0,150.0,150.0,157.0,147.0,153.0,155.0,157.0,155.0,155.0,158.0,155.0,159.0,156.0,158.0,152.0,E_CODD,3,18,Unknown,Biopsy
Sample-163-B69_SRR12514701,1.0,1.0,1.0,1.0,1.0,1.0,1.0,1.0,1.0,1.0,101.0,103.0,102.0,106.0,99.0,103.0,109.0,94.0,103.0,107.0,123.0,119.0,126.0,113.0,122.0,119.0,114.0,125.0,121.0,120.0,123.0,135.0,128.0,131.0,129.0,125.0,131.0,128.0,137.0,127.0,137.0,137.0,134.0,138.0,140.0,135.0,141.0,142.0,132.0,137.0,143.0,137.0,139.0,143.0,143.0,142.0,144.0,145.0,145.0,145.0,145.0,149.0,148.0,141.0,141.0,145.0,142.0,146.0,148.0,145.0,151.0,150.0,160.0,151.0,154.0,148.0,149.0,146.0,147.0,144.0,148.0,151.0,153.0,152.0,157.0,149.0,150.0,155.0,154.0,153.0,153.0,149.0,157.0,152.0,149.0,157.0,155.0,156.0,155.0,158.0,E_CODD,3,18,Unknown,Biopsy
Sample-164-B70_SRR12486695,1.0,1.0,1.0,1.0,1.0,1.0,1.0,1.0,1.0,1.0,94.0,93.0,94.0,91.0,100.0,91.0,104.0,101.0,97.0,99.0,123.0,109.0,124.0,111.0,119.0,112.0,122.0,123.0,113.0,121.0,132.0,131.0,135.0,137.0,133.0,130.0,125.0,122.0,132.0,136.0,143.0,139.0,139.0,134.0,143.0,140.0,135.0,145.0,142.0,134.0,136.0,146.0,143.0,142.0,145.0,142.0,145.0,142.0,146.0,149.0,150.0,156.0,148.0,146.0,154.0,165.0,153.0,150.0,156.0,154.0,165.0,159.0,152.0,154.0,153.0,155.0,150.0,156.0,164.0,159.0,160.0,159.0,158.0,159.0,155.0,153.0,156.0,166.0,162.0,161.0,170.0,159.0,163.0,170.0,161.0,169.0,161.0,162.0,165.0,158.0,E_CODD,3,20,Unknown,Biopsy
Sample-164-B70_SRR12514700,1.0,1.0,1.0,1.0,1.0,1.0,1.0,1.0,1.0,1.0,101.0,99.0,100.0,97.0,99.0,91.0,100.0,92.0,97.0,95.0,122.0,120.0,114.0,118.0,113.0,125.0,114.0,123.0,119.0,115.0,126.0,130.0,130.0,127.0,128.0,131.0,140.0,137.0,133.0,130.0,142.0,138.0,136.0,143.0,129.0,134.0,145.0,134.0,144.0,126.0,147.0,159.0,141.0,154.0,143.0,145.0,148.0,144.0,145.0,145.0,153.0,155.0,158.0,152.0,156.0,155.0,157.0,150.0,154.0,156.0,161.0,160.0,165.0,153.0,152.0,156.0,158.0,159.0,158.0,162.0,165.0,157.0,163.0,159.0,150.0,165.0,164.0,167.0,158.0,159.0,166.0,164.0,156.0,165.0,159.0,160.0,164.0,167.0,161.0,165.0,E_CODD,3,20,Unknown,Biopsy
Sample-165-B71_SRR12486694,1.0,1.0,1.0,1.0,1.0,1.0,1.0,1.0,1.0,1.0,122.0,131.0,126.0,121.0,121.0,140.0,131.0,132.0,128.0,130.0,166.0,161.0,158.0,151.0,156.0,157.0,151.0,151.0,151.0,158.0,172.0,178.0,171.0,175.0,180.0,181.0,161.0,166.0,177.0,173.0,184.0,192.0,184.0,185.0,185.0,185.0,183.0,193.0,191.0,180.0,202.0,199.0,195.0,202.0,197.0,190.0,201.0,203.0,199.0,203.0,219.0,204.0,211.0,206.0,210.0,203.0,204.0,221.0,215.0,204.0,219.0,216.0,219.0,218.0,216.0,212.0,215.0,211.0,215.0,209.0,219.0,221.0,220.0,222.0,219.0,232.0,218.0,221.0,215.0,229.0,239.0,226.0,227.0,224.0,225.0,221.0,222.0,230.0,241.0,230.0,E_CODD,3,22,Unknown,Biopsy
Sample-165-B71_SRR12514699,1.0,1.0,1.0,1.0,1.0,1.0,1.0,1.0,1.0,1.0,123.0,124.0,126.0,125.0,127.0,129.0,131.0,122.0,117.0,135.0,151.0,161.0,157.0,159.0,162.0,156.0,151.0,159.0,169.0,157.0,184.0,172.0,175.0,172.0,186.0,167.0,168.0,171.0,178.0,172.0,196.0,193.0,191.0,189.0,198.0,181.0,191.0,188.0,195.0,193.0,197.0,196.0,199.0,193.0,185.0,207.0,195.0,190.0,195.0,194.0,209.0,207.0,214.0,202.0,207.0,211.0,207.0,203.0,205.0,215.0,214.0,220.0,214.0,212.0,202.0,218.0,214.0,219.0,221.0,222.0,222.0,213.0,227.0,224.0,225.0,229.0,228.0,221.0,221.0,224.0,233.0,233.0,234.0,232.0,238.0,221.0,234.0,235.0,226.0,225.0,E_CODD,3,22,Unknown,Biopsy
Sample-166-B72_SRR12486693,1.0,1.0,1.0,1.0,1.0,1.0,1.0,1.0,1.0,1.0,61.0,59.0,62.0,59.0,56.0,63.0,58.0,67.0,57.0,64.0,74.0,73.0,72.0,68.0,65.0,73.0,70.0,67.0,65.0,69.0,77.0,77.0,76.0,72.0,75.0,73.0,73.0,76.0,74.0,78.0,80.0,78.0,84.0,80.0,77.0,78.0,86.0,75.0,77.0,78.0,80.0,83.0,85.0,77.0,80.0,82.0,87.0,80.0,81.0,81.0,82.0,88.0,81.0,85.0,88.0,80.0,86.0,87.0,87.0,81.0,87.0,89.0,85.0,86.0,84.0,84.0,85.0,85.0,88.0,85.0,87.0,83.0,84.0,86.0,86.0,85.0,84.0,80.0,86.0,86.0,83.0,85.0,90.0,92.0,89.0,85.0,89.0,85.0,82.0,88.0,E_CODD,3,23,Unknown,Biopsy
Sample-166-B72_SRR12514698,1.0,1.0,1.0,1.0,1.0,1.0,1.0,1.0,1.0,1.0,59.0,57.0,59.0,59.0,60.0,61.0,59.0,62.0,66.0,58.0,72.0,67.0,70.0,68.0,71.0,73.0,76.0,67.0,71.0,67.0,72.0,74.0,78.0,75.0,78.0,72.0,75.0,77.0,72.0,73.0,81.0,80.0,73.0,82.0,78.0,77.0,82.0,79.0,81.0,76.0,84.0,82.0,84.0,87.0,81.0,81.0,82.0,78.0,79.0,86.0,83.0,83.0,83.0,85.0,84.0,82.0,81.0,80.0,82.0,82.0,82.0,88.0,85.0,84.0,85.0,86.0,82.0,85.0,86.0,87.0,83.0,88.0,91.0,89.0,90.0,89.0,84.0,86.0,87.0,83.0,88.0,86.0,86.0,86.0,88.0,88.0,86.0,86.0,86.0,87.0,E_CODD,3,23,Unknown,Biopsy
Sample-167-B73_SRR12486692,1.0,1.0,1.0,1.0,1.0,1.0,1.0,1.0,1.0,1.0,92.0,78.0,77.0,80.0,80.0,82.0,86.0,79.0,78.0,80.0,118.0,121.0,129.0,129.0,122.0,112.0,117.0,121.0,112.0,120.0,140.0,150.0,140.0,123.0,143.0,135.0,145.0,145.0,140.0,139.0,165.0,154.0,175.0,162.0,177.0,164.0,166.0,160.0,158.0,146.0,177.0,184.0,172.0,176.0,179.0,183.0,182.0,168.0,174.0,177.0,203.0,197.0,196.0,195.0,191.0,184.0,193.0,186.0,187.0,187.0,203.0,210.0,197.0,188.0,198.0,200.0,202.0,201.0,195.0,188.0,205.0,188.0,202.0,216.0,203.0,206.0,206.0,212.0,218.0,214.0,209.0,223.0,205.0,220.0,220.0,226.0,210.0,218.0,214.0,217.0,E_CODD,4,32,Unknown,Biopsy
Sample-167-B73_SRR12514697,1.0,1.0,1.0,1.0,1.0,1.0,1.0,1.0,1.0,1.0,96.0,94.0,86.0,84.0,77.0,83.0,85.0,79.0,79.0,84.0,125.0,127.0,116.0,111.0,121.0,122.0,123.0,127.0,125.0,128.0,144.0,143.0,144.0,148.0,143.0,144.0,134.0,143.0,137.0,131.0,163.0,162.0,165.0,165.0,169.0,158.0,147.0,156.0,160.0,154.0,181.0,178.0,178.0,171.0,180.0,173.0,179.0,170.0,177.0,186.0,193.0,187.0,192.0,199.0,197.0,195.0,189.0,191.0,189.0,195.0,203.0,197.0,198.0,202.0,193.0,187.0,204.0,200.0,200.0,194.0,216.0,213.0,208.0,211.0,213.0,208.0,208.0,216.0,209.0,211.0,218.0,214.0,219.0,212.0,218.0,214.0,216.0,206.0,229.0,226.0,E_CODD,4,32,Unknown,Biopsy
Sample-169-B75_SRR12486690,1.0,1.0,1.0,1.0,1.0,1.0,1.0,1.0,1.0,1.0,69.0,61.0,70.0,69.0,62.0,72.0,67.0,66.0,66.0,69.0,88.0,81.0,81.0,73.0,88.0,85.0,80.0,80.0,84.0,80.0,91.0,95.0,92.0,88.0,85.0,93.0,90.0,93.0,84.0,97.0,101.0,99.0,105.0,99.0,103.0,98.0,94.0,107.0,99.0,102.0,106.0,104.0,103.0,101.0,102.0,105.0,111.0,102.0,100.0,98.0,103.0,108.0,111.0,109.0,117.0,111.0,105.0,107.0,115.0,111.0,113.0,111.0,117.0,112.0,110.0,113.0,115.0,116.0,114.0,119.0,118.0,110.0,115.0,115.0,111.0,111.0,103.0,108.0,113.0,114.0,118.0,119.0,117.0,119.0,110.0,120.0,120.0,115.0,115.0,116.0,E_CODD,4,29,Unknown,Biopsy
Sample-169-B75_SRR12514695,1.0,1.0,1.0,1.0,1.0,1.0,1.0,1.0,1.0,1.0,68.0,66.0,67.0,62.0,70.0,74.0,72.0,68.0,64.0,65.0,84.0,83.0,90.0,83.0,81.0,86.0,92.0,81.0,90.0,83.0,85.0,90.0,93.0,102.0,93.0,90.0,94.0,88.0,90.0,93.0,97.0,102.0,103.0,102.0,101.0,102.0,103.0,105.0,99.0,100.0,104.0,101.0,99.0,101.0,96.0,106.0,104.0,108.0,108.0,100.0,115.0,108.0,107.0,114.0,114.0,108.0,113.0,108.0,108.0,102.0,117.0,111.0,111.0,107.0,114.0,113.0,111.0,116.0,117.0,111.0,121.0,117.0,116.0,119.0,110.0,116.0,114.0,116.0,118.0,119.0,117.0,125.0,123.0,111.0,117.0,110.0,119.0,117.0,113.0,120.0,E_CODD,4,29,Unknown,Biopsy
Sample-17-1712F3_SRR12486649,1.0,1.0,1.0,1.0,1.0,1.0,1.0,1.0,1.0,1.0,390.0,398.0,395.0,398.0,393.0,402.0,406.0,403.0,416.0,408.0,593.0,567.0,587.0,588.0,600.0,589.0,609.0,567.0,574.0,581.0,715.0,701.0,713.0,724.0,717.0,711.0,737.0,732.0,692.0,717.0,818.0,836.0,799.0,818.0,826.0,803.0,811.0,836.0,792.0,819.0,913.0,918.0,908.0,883.0,882.0,908.0,893.0,888.0,881.0,888.0,954.0,943.0,964.0,960.0,973.0,961.0,969.0,971.0,983.0,934.0,1022.0,1038.0,1036.0,998.0,1039.0,1029.0,1010.0,1020.0,1051.0,1022.0,1091.0,1082.0,1051.0,1064.0,1053.0,1058.0,1074.0,1064.0,1075.0,1093.0,1150.0,1125.0,1140.0,1146.0,1119.0,1112.0,1126.0,1118.0,1124.0,1111.0,A_HEALTHY,12,17,F3,Swab
Sample-17-1712F3_SRR12514654,1.0,1.0,1.0,1.0,1.0,1.0,1.0,1.0,1.0,1.0,408.0,416.0,402.0,402.0,411.0,406.0,412.0,413.0,395.0,414.0,604.0,632.0,611.0,631.0,603.0,633.0,616.0,612.0,646.0,624.0,770.0,779.0,777.0,813.0,801.0,773.0,770.0,787.0,773.0,772.0,878.0,894.0,882.0,924.0,912.0,911.0,910.0,918.0,911.0,918.0,1013.0,995.0,1019.0,1024.0,1029.0,1012.0,996.0,1016.0,970.0,1019.0,1061.0,1080.0,1088.0,1089.0,1087.0,1094.0,1112.0,1112.0,1100.0,1084.0,1159.0,1157.0,1175.0,1193.0,1203.0,1179.0,1183.0,1164.0,1167.0,1198.0,1228.0,1256.0,1266.0,1239.0,1212.0,1264.0,1252.0,1254.0,1244.0,1235.0,1303.0,1332.0,1327.0,1313.0,1342.0,1343.0,1339.0,1305.0,1339.0,1326.0,A_HEALTHY,12,17,F3,Swab
Sample-170-B76_SRR12486689,1.0,1.0,1.0,1.0,1.0,1.0,1.0,1.0,1.0,1.0,106.0,98.0,100.0,101.0,105.0,108.0,104.0,96.0,105.0,100.0,140.0,121.0,123.0,122.0,126.0,132.0,129.0,130.0,128.0,130.0,140.0,138.0,140.0,152.0,147.0,146.0,138.0,145.0,136.0,139.0,151.0,145.0,157.0,153.0,154.0,154.0,151.0,154.0,151.0,150.0,156.0,162.0,164.0,160.0,163.0,159.0,164.0,160.0,165.0,160.0,160.0,165.0,162.0,168.0,167.0,165.0,170.0,173.0,167.0,167.0,174.0,175.0,171.0,176.0,174.0,169.0,176.0,173.0,166.0,176.0,174.0,172.0,180.0,177.0,173.0,177.0,170.0,176.0,180.0,174.0,181.0,175.0,183.0,186.0,170.0,188.0,180.0,177.0,182.0,178.0,E_CODD,4,26,Unknown,Biopsy
Sample-170-B76_SRR12514694,1.0,1.0,1.0,1.0,1.0,1.0,1.0,1.0,1.0,1.0,106.0,103.0,103.0,104.0,104.0,98.0,96.0,105.0,109.0,108.0,126.0,133.0,131.0,122.0,133.0,117.0,120.0,134.0,126.0,122.0,141.0,143.0,141.0,131.0,139.0,143.0,140.0,140.0,139.0,142.0,152.0,160.0,165.0,149.0,152.0,150.0,150.0,147.0,153.0,162.0,158.0,157.0,158.0,158.0,162.0,155.0,166.0,168.0,160.0,153.0,173.0,169.0,162.0,171.0,172.0,169.0,167.0,172.0,169.0,170.0,181.0,172.0,179.0,164.0,176.0,172.0,176.0,170.0,175.0,178.0,177.0,177.0,177.0,169.0,179.0,174.0,180.0,173.0,176.0,173.0,179.0,182.0,182.0,177.0,178.0,178.0,188.0,183.0,176.0,179.0,E_CODD,4,26,Unknown,Biopsy
Sample-171-B77_SRR12486688,1.0,1.0,1.0,1.0,1.0,1.0,1.0,1.0,1.0,1.0,48.0,46.0,45.0,44.0,46.0,47.0,49.0,45.0,45.0,46.0,52.0,52.0,54.0,54.0,56.0,55.0,55.0,57.0,54.0,55.0,61.0,58.0,56.0,59.0,57.0,53.0,63.0,56.0,58.0,57.0,62.0,62.0,57.0,58.0,62.0,59.0,55.0,61.0,61.0,60.0,59.0,64.0,64.0,61.0,66.0,61.0,63.0,62.0,58.0,64.0,66.0,68.0,65.0,59.0,66.0,66.0,65.0,67.0,67.0,69.0,68.0,67.0,64.0,66.0,68.0,60.0,65.0,69.0,68.0,62.0,67.0,65.0,63.0,68.0,68.0,72.0,66.0,70.0,67.0,74.0,68.0,68.0,70.0,67.0,70.0,74.0,68.0,70.0,69.0,69.0,E_CODD,4,30,Unknown,Biopsy
Sample-171-B77_SRR12514693,1.0,1.0,1.0,1.0,1.0,1.0,1.0,1.0,1.0,1.0,48.0,44.0,43.0,49.0,43.0,42.0,41.0,46.0,45.0,49.0,52.0,54.0,54.0,53.0,52.0,56.0,58.0,52.0,48.0,52.0,59.0,56.0,58.0,56.0,52.0,56.0,58.0,57.0,52.0,59.0,58.0,60.0,58.0,58.0,60.0,54.0,64.0,63.0,60.0,59.0,58.0,63.0,64.0,63.0,66.0,66.0,68.0,61.0,66.0,62.0,67.0,67.0,68.0,65.0,58.0,67.0,62.0,65.0,65.0,66.0,62.0,66.0,67.0,63.0,67.0,70.0,66.0,64.0,65.0,64.0,69.0,68.0,71.0,65.0,63.0,70.0,68.0,66.0,69.0,65.0,66.0,68.0,71.0,69.0,65.0,67.0,70.0,69.0,71.0,67.0,E_CODD,4,30,Unknown,Biopsy
Sample-172-B78_SRR12486687,1.0,1.0,1.0,1.0,1.0,1.0,1.0,1.0,1.0,1.0,138.0,150.0,149.0,146.0,150.0,149.0,140.0,146.0,147.0,156.0,197.0,186.0,204.0,205.0,204.0,198.0,196.0,209.0,197.0,203.0,237.0,232.0,229.0,224.0,232.0,228.0,235.0,245.0,222.0,230.0,252.0,248.0,252.0,258.0,240.0,246.0,259.0,266.0,244.0,261.0,270.0,268.0,279.0,269.0,274.0,268.0,261.0,278.0,276.0,276.0,272.0,285.0,290.0,296.0,270.0,277.0,279.0,280.0,298.0,273.0,294.0,298.0,294.0,302.0,299.0,296.0,294.0,301.0,296.0,307.0,311.0,298.0,302.0,301.0,305.0,305.0,291.0,311.0,301.0,304.0,309.0,320.0,307.0,310.0,306.0,311.0,309.0,309.0,317.0,308.0,E_CODD,4,31,Unknown,Biopsy
Sample-172-B78_SRR12514692,1.0,1.0,1.0,1.0,1.0,1.0,1.0,1.0,1.0,1.0,147.0,145.0,143.0,158.0,151.0,148.0,142.0,150.0,149.0,146.0,200.0,198.0,194.0,197.0,189.0,201.0,204.0,190.0,190.0,194.0,221.0,227.0,232.0,248.0,223.0,231.0,229.0,239.0,221.0,230.0,242.0,245.0,266.0,258.0,258.0,239.0,251.0,246.0,265.0,254.0,267.0,270.0,269.0,276.0,276.0,268.0,263.0,254.0,273.0,275.0,290.0,277.0,278.0,289.0,288.0,283.0,289.0,282.0,299.0,268.0,293.0,292.0,281.0,285.0,287.0,287.0,283.0,291.0,281.0,301.0,314.0,305.0,316.0,306.0,307.0,311.0,300.0,308.0,298.0,312.0,317.0,311.0,322.0,306.0,310.0,317.0,319.0,324.0,315.0,304.0,E_CODD,4,31,Unknown,Biopsy
Sample-173-B79_SRR12486686,1.0,1.0,1.0,1.0,1.0,1.0,1.0,1.0,1.0,1.0,139.0,149.0,138.0,151.0,138.0,144.0,137.0,138.0,131.0,147.0,176.0,183.0,173.0,177.0,172.0,185.0,177.0,185.0,182.0,172.0,208.0,195.0,195.0,200.0,202.0,199.0,200.0,187.0,200.0,200.0,206.0,219.0,209.0,213.0,207.0,215.0,215.0,211.0,202.0,222.0,223.0,224.0,220.0,222.0,225.0,230.0,220.0,227.0,219.0,228.0,228.0,237.0,226.0,238.0,237.0,241.0,239.0,225.0,235.0,234.0,232.0,238.0,234.0,239.0,244.0,248.0,247.0,238.0,233.0,238.0,254.0,260.0,251.0,249.0,255.0,247.0,241.0,242.0,249.0,250.0,247.0,254.0,252.0,254.0,256.0,257.0,255.0,255.0,255.0,250.0,E_CODD,4,28,Unknown,Biopsy
Sample-173-B79_SRR12514691,1.0,1.0,1.0,1.0,1.0,1.0,1.0,1.0,1.0,1.0,145.0,142.0,147.0,140.0,132.0,136.0,153.0,148.0,136.0,142.0,175.0,168.0,169.0,173.0,174.0,173.0,180.0,176.0,168.0,191.0,196.0,190.0,206.0,194.0,194.0,194.0,193.0,196.0,196.0,192.0,219.0,203.0,203.0,217.0,224.0,217.0,206.0,215.0,213.0,209.0,234.0,233.0,227.0,222.0,226.0,221.0,216.0,227.0,221.0,225.0,239.0,225.0,239.0,232.0,235.0,234.0,232.0,226.0,243.0,227.0,239.0,240.0,242.0,234.0,236.0,246.0,237.0,243.0,248.0,244.0,246.0,246.0,248.0,256.0,243.0,245.0,255.0,245.0,240.0,256.0,245.0,249.0,246.0,255.0,245.0,254.0,252.0,251.0,262.0,247.0,E_CODD,4,28,Unknown,Biopsy
Sample-174-B80_SRR12486685,1.0,1.0,1.0,1.0,1.0,1.0,1.0,1.0,1.0,1.0,92.0,91.0,92.0,95.0,91.0,88.0,85.0,85.0,90.0,91.0,110.0,101.0,110.0,113.0,102.0,110.0,117.0,113.0,101.0,117.0,123.0,132.0,124.0,121.0,123.0,120.0,128.0,126.0,132.0,126.0,131.0,130.0,141.0,135.0,137.0,129.0,135.0,141.0,136.0,128.0,137.0,139.0,144.0,149.0,147.0,139.0,139.0,146.0,144.0,149.0,147.0,151.0,149.0,150.0,141.0,152.0,154.0,156.0,140.0,161.0,150.0,150.0,158.0,164.0,154.0,160.0,158.0,158.0,160.0,161.0,165.0,159.0,153.0,153.0,154.0,161.0,160.0,165.0,156.0,164.0,165.0,170.0,163.0,163.0,165.0,165.0,162.0,164.0,163.0,162.0,E_CODD,4,27,Unknown,Biopsy
Sample-174-B80_SRR12514690,1.0,1.0,1.0,1.0,1.0,1.0,1.0,1.0,1.0,1.0,87.0,92.0,85.0,93.0,86.0,91.0,85.0,95.0,86.0,93.0,115.0,119.0,105.0,103.0,101.0,111.0,109.0,116.0,112.0,116.0,127.0,131.0,127.0,124.0,119.0,127.0,124.0,132.0,119.0,125.0,127.0,129.0,139.0,134.0,138.0,134.0,136.0,134.0,141.0,150.0,132.0,147.0,138.0,147.0,148.0,148.0,140.0,143.0,144.0,139.0,163.0,150.0,147.0,154.0,156.0,153.0,148.0,146.0,151.0,153.0,158.0,152.0,163.0,154.0,159.0,151.0,155.0,162.0,151.0,153.0,160.0,161.0,158.0,164.0,157.0,168.0,163.0,159.0,147.0,159.0,169.0,162.0,168.0,167.0,169.0,174.0,161.0,160.0,171.0,165.0,E_CODD,4,27,Unknown,Biopsy
Sample-175-11F1_SRR12486648,1.0,1.0,1.0,1.0,1.0,1.0,1.0,1.0,1.0,1.0,517.0,519.0,517.0,512.0,484.0,505.0,517.0,505.0,521.0,499.0,809.0,759.0,755.0,776.0,759.0,759.0,794.0,780.0,807.0,773.0,945.0,938.0,963.0,961.0,955.0,987.0,990.0,959.0,956.0,946.0,1104.0,1136.0,1109.0,1115.0,1107.0,1116.0,1123.0,1091.0,1087.0,1094.0,1201.0,1183.0,1201.0,1210.0,1228.0,1197.0,1199.0,1222.0,1208.0,1208.0,1301.0,1300.0,1299.0,1302.0,1272.0,1256.0,1267.0,1316.0,1259.0,1322.0,1359.0,1353.0,1405.0,1347.0,1375.0,1356.0,1376.0,1364.0,1358.0,1348.0,1435.0,1440.0,1467.0,1402.0,1421.0,1428.0,1427.0,1423.0,1412.0,1433.0,1475.0,1473.0,1466.0,1476.0,1462.0,1466.0,1474.0,1449.0,1486.0,1480.0,A_HEALTHY,1,1,F1,Swab
Sample-175-11F1_SRR12514653,1.0,1.0,1.0,1.0,1.0,1.0,1.0,1.0,1.0,1.0,524.0,527.0,540.0,507.0,529.0,550.0,525.0,484.0,511.0,514.0,838.0,847.0,827.0,823.0,820.0,809.0,819.0,826.0,824.0,797.0,1038.0,1084.0,1053.0,1041.0,1057.0,1036.0,1034.0,1041.0,1061.0,1066.0,1225.0,1220.0,1210.0,1206.0,1230.0,1195.0,1202.0,1249.0,1201.0,1239.0,1346.0,1357.0,1355.0,1370.0,1337.0,1333.0,1366.0,1364.0,1330.0,1352.0,1436.0,1462.0,1476.0,1448.0,1458.0,1483.0,1459.0,1452.0,1467.0,1452.0,1555.0,1527.0,1549.0,1546.0,1583.0,1559.0,1596.0,1590.0,1565.0,1588.0,1656.0,1638.0,1628.0,1662.0,1644.0,1613.0,1671.0,1653.0,1621.0,1617.0,1714.0,1692.0,1706.0,1672.0,1707.0,1712.0,1694.0,1702.0,1699.0,1719.0,A_HEALTHY,1,1,F1,Swab
Sample-176-110F3_SRR12486801,1.0,1.0,1.0,1.0,1.0,1.0,1.0,1.0,1.0,1.0,534.0,532.0,531.0,530.0,516.0,536.0,529.0,538.0,536.0,521.0,768.0,749.0,739.0,738.0,760.0,769.0,751.0,764.0,728.0,748.0,875.0,871.0,872.0,858.0,852.0,883.0,854.0,865.0,843.0,890.0,964.0,971.0,971.0,955.0,956.0,978.0,955.0,929.0,966.0,948.0,992.0,1004.0,1004.0,998.0,995.0,1033.0,1002.0,992.0,1001.0,1010.0,1053.0,1050.0,1045.0,1048.0,1045.0,1034.0,1036.0,1048.0,1057.0,1054.0,1082.0,1076.0,1087.0,1080.0,1089.0,1077.0,1085.0,1091.0,1081.0,1084.0,1091.0,1107.0,1116.0,1103.0,1095.0,1117.0,1109.0,1098.0,1088.0,1098.0,1116.0,1111.0,1131.0,1120.0,1123.0,1117.0,1130.0,1121.0,1118.0,1125.0,A_HEALTHY,10,1,F3,Swab
Sample-176-110F3_SRR12514806,1.0,1.0,1.0,1.0,1.0,1.0,1.0,1.0,1.0,1.0,555.0,560.0,565.0,553.0,552.0,556.0,577.0,585.0,546.0,569.0,814.0,822.0,812.0,801.0,796.0,810.0,811.0,801.0,801.0,827.0,998.0,979.0,968.0,990.0,963.0,976.0,972.0,985.0,993.0,982.0,1059.0,1076.0,1077.0,1076.0,1066.0,1061.0,1084.0,1089.0,1085.0,1102.0,1204.0,1178.0,1161.0,1162.0,1162.0,1168.0,1171.0,1166.0,1141.0,1177.0,1223.0,1232.0,1225.0,1251.0,1250.0,1248.0,1231.0,1211.0,1225.0,1243.0,1276.0,1267.0,1254.0,1280.0,1293.0,1282.0,1278.0,1287.0,1283.0,1269.0,1311.0,1324.0,1335.0,1307.0,1334.0,1340.0,1311.0,1319.0,1312.0,1316.0,1351.0,1320.0,1342.0,1345.0,1378.0,1355.0,1367.0,1370.0,1353.0,1366.0,A_HEALTHY,10,1,F3,Swab
Sample-177-110F4_SRR12486800,1.0,1.0,1.0,1.0,1.0,1.0,1.0,1.0,1.0,1.0,507.0,493.0,478.0,488.0,487.0,537.0,500.0,504.0,493.0,518.0,732.0,730.0,719.0,750.0,721.0,698.0,721.0,727.0,722.0,737.0,842.0,843.0,859.0,864.0,856.0,858.0,826.0,830.0,882.0,834.0,957.0,933.0,973.0,942.0,942.0,916.0,957.0,965.0,948.0,944.0,1039.0,1007.0,1000.0,1011.0,1006.0,1012.0,1035.0,1030.0,1005.0,1000.0,1070.0,1052.0,1063.0,1084.0,1083.0,1047.0,1067.0,1049.0,1074.0,1043.0,1111.0,1095.0,1100.0,1097.0,1088.0,1093.0,1097.0,1113.0,1111.0,1100.0,1152.0,1133.0,1132.0,1129.0,1114.0,1124.0,1144.0,1120.0,1136.0,1134.0,1152.0,1173.0,1172.0,1163.0,1170.0,1155.0,1169.0,1165.0,1138.0,1142.0,A_HEALTHY,10,1,F4,Swab
Sample-177-110F4_SRR12514805,1.0,1.0,1.0,1.0,1.0,1.0,1.0,1.0,1.0,1.0,512.0,541.0,512.0,529.0,529.0,495.0,504.0,543.0,540.0,513.0,775.0,756.0,740.0,760.0,750.0,771.0,746.0,750.0,780.0,770.0,933.0,907.0,924.0,909.0,920.0,892.0,914.0,905.0,928.0,891.0,1011.0,1023.0,1018.0,1038.0,1022.0,1022.0,1016.0,1033.0,1034.0,1026.0,1105.0,1104.0,1108.0,1089.0,1106.0,1091.0,1135.0,1094.0,1085.0,1124.0,1139.0,1185.0,1186.0,1162.0,1169.0,1156.0,1169.0,1164.0,1158.0,1149.0,1229.0,1234.0,1228.0,1235.0,1237.0,1223.0,1209.0,1234.0,1223.0,1229.0,1283.0,1271.0,1260.0,1267.0,1248.0,1259.0,1260.0,1256.0,1270.0,1268.0,1312.0,1323.0,1311.0,1329.0,1298.0,1302.0,1288.0,1302.0,1300.0,1297.0,A_HEALTHY,10,1,F4,Swab
Sample-178-111F4_SRR12486799,1.0,1.0,1.0,1.0,1.0,1.0,1.0,1.0,1.0,1.0,513.0,487.0,489.0,493.0,506.0,502.0,501.0,494.0,492.0,499.0,747.0,768.0,747.0,744.0,736.0,732.0,717.0,735.0,775.0,765.0,923.0,903.0,911.0,936.0,939.0,928.0,910.0,913.0,934.0,911.0,1036.0,1040.0,1038.0,1030.0,1061.0,1044.0,1030.0,1022.0,1042.0,1001.0,1108.0,1133.0,1128.0,1147.0,1114.0,1122.0,1110.0,1140.0,1157.0,1119.0,1188.0,1211.0,1204.0,1198.0,1189.0,1218.0,1191.0,1199.0,1198.0,1191.0,1258.0,1254.0,1234.0,1266.0,1287.0,1265.0,1270.0,1277.0,1268.0,1259.0,1315.0,1319.0,1295.0,1345.0,1317.0,1314.0,1302.0,1309.0,1308.0,1319.0,1356.0,1372.0,1342.0,1354.0,1358.0,1363.0,1356.0,1353.0,1371.0,1349.0,A_HEALTHY,11,1,F4,Swab
Sample-178-111F4_SRR12514804,1.0,1.0,1.0,1.0,1.0,1.0,1.0,1.0,1.0,1.0,514.0,519.0,491.0,516.0,511.0,506.0,496.0,497.0,483.0,512.0,777.0,808.0,780.0,769.0,779.0,785.0,752.0,770.0,788.0,798.0,972.0,955.0,939.0,978.0,992.0,975.0,958.0,982.0,984.0,964.0,1108.0,1077.0,1103.0,1078.0,1106.0,1144.0,1116.0,1115.0,1080.0,1089.0,1203.0,1198.0,1219.0,1239.0,1229.0,1225.0,1196.0,1226.0,1210.0,1198.0,1322.0,1302.0,1292.0,1300.0,1321.0,1328.0,1326.0,1314.0,1310.0,1352.0,1356.0,1364.0,1363.0,1352.0,1332.0,1393.0,1338.0,1370.0,1394.0,1387.0,1448.0,1444.0,1450.0,1425.0,1436.0,1454.0,1447.0,1456.0,1457.0,1451.0,1517.0,1497.0,1470.0,1510.0,1508.0,1498.0,1494.0,1479.0,1496.0,1520.0,A_HEALTHY,11,1,F4,Swab
Sample-179-112F1_SRR12486798,1.0,1.0,1.0,1.0,1.0,1.0,1.0,1.0,1.0,1.0,278.0,282.0,272.0,284.0,298.0,284.0,285.0,276.0,281.0,278.0,331.0,338.0,333.0,335.0,341.0,340.0,336.0,338.0,341.0,338.0,357.0,357.0,355.0,353.0,356.0,357.0,357.0,357.0,356.0,356.0,366.0,361.0,358.0,364.0,363.0,361.0,361.0,362.0,362.0,364.0,366.0,366.0,364.0,366.0,365.0,365.0,366.0,366.0,365.0,366.0,,,,,,,,,,,,,,,,,,,,,,,,,,,,,,,,,,,,,,,,,A_HEALTHY,12,1,F1,Swab
Sample-179-112F1_SRR12514803,1.0,1.0,1.0,1.0,1.0,1.0,1.0,1.0,1.0,1.0,351.0,363.0,352.0,343.0,348.0,363.0,350.0,348.0,335.0,346.0,453.0,437.0,427.0,435.0,438.0,435.0,452.0,450.0,441.0,439.0,478.0,490.0,488.0,481.0,484.0,481.0,479.0,476.0,480.0,476.0,508.0,525.0,505.0,512.0,522.0,506.0,507.0,508.0,506.0,510.0,525.0,516.0,521.0,525.0,519.0,522.0,522.0,521.0,521.0,530.0,538.0,539.0,529.0,530.0,529.0,529.0,529.0,533.0,530.0,521.0,540.0,542.0,543.0,542.0,546.0,537.0,542.0,531.0,539.0,543.0,546.0,550.0,542.0,541.0,545.0,548.0,545.0,546.0,545.0,546.0,547.0,548.0,547.0,550.0,552.0,548.0,545.0,547.0,544.0,546.0,A_HEALTHY,12,1,F1,Swab
Sample-180-112F3_SRR12486797,1.0,1.0,1.0,1.0,1.0,1.0,1.0,1.0,1.0,1.0,458.0,460.0,439.0,466.0,451.0,435.0,463.0,448.0,438.0,449.0,657.0,671.0,667.0,656.0,662.0,678.0,658.0,674.0,664.0,646.0,807.0,791.0,779.0,814.0,793.0,767.0,800.0,790.0,778.0,808.0,888.0,875.0,863.0,901.0,878.0,872.0,868.0,884.0,876.0,877.0,909.0,945.0,954.0,943.0,944.0,955.0,944.0,955.0,939.0,958.0,991.0,994.0,1011.0,1000.0,979.0,1009.0,984.0,987.0,990.0,996.0,1036.0,1015.0,1032.0,1026.0,1033.0,1028.0,1030.0,1037.0,1017.0,1028.0,1039.0,1059.0,1055.0,1064.0,1052.0,1057.0,1055.0,1067.0,1047.0,1077.0,1082.0,1091.0,1081.0,1072.0,1085.0,1097.0,1086.0,1083.0,1077.0,1082.0,A_HEALTHY,12,1,F3,Swab
Sample-180-112F3_SRR12514802,1.0,1.0,1.0,1.0,1.0,1.0,1.0,1.0,1.0,1.0,476.0,485.0,502.0,470.0,473.0,472.0,491.0,487.0,501.0,474.0,745.0,730.0,746.0,726.0,712.0,744.0,749.0,732.0,702.0,729.0,901.0,919.0,917.0,912.0,889.0,897.0,920.0,894.0,891.0,930.0,1033.0,998.0,1015.0,1054.0,1006.0,1023.0,1043.0,1021.0,1018.0,1020.0,1129.0,1095.0,1108.0,1135.0,1115.0,1103.0,1097.0,1118.0,1122.0,1117.0,1201.0,1213.0,1193.0,1177.0,1190.0,1193.0,1192.0,1156.0,1181.0,1187.0,1252.0,1242.0,1282.0,1265.0,1271.0,1272.0,1270.0,1254.0,1257.0,1238.0,1282.0,1299.0,1290.0,1299.0,1321.0,1276.0,1306.0,1298.0,1266.0,1312.0,1362.0,1348.0,1369.0,1350.0,1330.0,1356.0,1353.0,1340.0,1371.0,1337.0,A_HEALTHY,12,1,F3,Swab
Sample-181-113F3_SRR12486796,1.0,1.0,1.0,1.0,1.0,1.0,1.0,1.0,1.0,1.0,439.0,462.0,461.0,475.0,458.0,464.0,451.0,440.0,443.0,450.0,670.0,673.0,658.0,669.0,678.0,661.0,668.0,672.0,671.0,692.0,792.0,791.0,823.0,811.0,790.0,772.0,801.0,818.0,790.0,814.0,884.0,906.0,884.0,877.0,880.0,875.0,883.0,903.0,895.0,870.0,951.0,976.0,965.0,943.0,957.0,956.0,975.0,953.0,971.0,964.0,1005.0,1013.0,1028.0,1019.0,1018.0,1008.0,989.0,1021.0,991.0,991.0,1056.0,1060.0,1051.0,1062.0,1050.0,1065.0,1063.0,1074.0,1036.0,1063.0,1073.0,1082.0,1069.0,1087.0,1094.0,1085.0,1090.0,1084.0,1074.0,1086.0,1119.0,1113.0,1115.0,1105.0,1118.0,1104.0,1117.0,1111.0,1118.0,1111.0,A_HEALTHY,13,1,F3,Swab
Sample-181-113F3_SRR12514801,1.0,1.0,1.0,1.0,1.0,1.0,1.0,1.0,1.0,1.0,496.0,477.0,474.0,477.0,468.0,480.0,478.0,482.0,452.0,465.0,719.0,737.0,717.0,725.0,710.0,692.0,705.0,728.0,725.0,712.0,855.0,866.0,872.0,866.0,875.0,866.0,857.0,901.0,868.0,872.0,975.0,988.0,984.0,1005.0,978.0,985.0,1007.0,995.0,996.0,985.0,1083.0,1091.0,1064.0,1082.0,1076.0,1068.0,1067.0,1064.0,1095.0,1053.0,1171.0,1130.0,1136.0,1127.0,1137.0,1138.0,1168.0,1147.0,1121.0,1147.0,1208.0,1212.0,1225.0,1165.0,1200.0,1216.0,1202.0,1194.0,1206.0,1180.0,1237.0,1251.0,1244.0,1257.0,1276.0,1238.0,1243.0,1270.0,1269.0,1272.0,1310.0,1287.0,1283.0,1291.0,1291.0,1306.0,1303.0,1291.0,1301.0,1321.0,A_HEALTHY,13,1,F3,Swab
Sample-182-114F2_SRR12486795,1.0,1.0,1.0,1.0,1.0,1.0,1.0,1.0,1.0,1.0,420.0,442.0,437.0,442.0,419.0,453.0,430.0,433.0,431.0,432.0,658.0,640.0,638.0,619.0,613.0,628.0,619.0,606.0,652.0,615.0,742.0,758.0,741.0,762.0,761.0,736.0,739.0,739.0,757.0,730.0,819.0,805.0,821.0,814.0,813.0,798.0,830.0,811.0,825.0,816.0,864.0,855.0,892.0,892.0,876.0,868.0,875.0,880.0,880.0,873.0,906.0,900.0,907.0,926.0,897.0,930.0,925.0,909.0,928.0,914.0,945.0,950.0,946.0,938.0,940.0,950.0,944.0,945.0,949.0,951.0,973.0,982.0,954.0,974.0,982.0,957.0,986.0,981.0,986.0,975.0,989.0,993.0,976.0,982.0,993.0,990.0,983.0,997.0,985.0,1001.0,A_HEALTHY,14,1,F2,Swab
Sample-182-114F2_SRR12514800,1.0,1.0,1.0,1.0,1.0,1.0,1.0,1.0,1.0,1.0,487.0,485.0,467.0,459.0,470.0,489.0,483.0,491.0,489.0,500.0,753.0,739.0,741.0,725.0,724.0,744.0,695.0,723.0,726.0,740.0,914.0,920.0,879.0,909.0,925.0,905.0,908.0,891.0,895.0,895.0,1015.0,1009.0,1047.0,1017.0,983.0,1024.0,1029.0,1008.0,1035.0,1005.0,1123.0,1121.0,1140.0,1120.0,1126.0,1119.0,1131.0,1121.0,1114.0,1119.0,1184.0,1175.0,1179.0,1207.0,1184.0,1231.0,1172.0,1184.0,1188.0,1204.0,1289.0,1245.0,1260.0,1227.0,1243.0,1251.0,1258.0,1254.0,1235.0,1226.0,1319.0,1294.0,1281.0,1311.0,1303.0,1312.0,1318.0,1291.0,1299.0,1276.0,1346.0,1339.0,1340.0,1354.0,1327.0,1333.0,1354.0,1345.0,1313.0,1340.0,A_HEALTHY,14,1,F2,Swab
Sample-183-114F3_SRR12486794,1.0,1.0,1.0,1.0,1.0,1.0,1.0,1.0,1.0,1.0,457.0,473.0,433.0,440.0,452.0,440.0,446.0,441.0,444.0,458.0,661.0,640.0,657.0,640.0,647.0,642.0,637.0,643.0,637.0,637.0,771.0,781.0,753.0,733.0,758.0,769.0,774.0,798.0,752.0,758.0,841.0,862.0,830.0,836.0,868.0,844.0,847.0,846.0,847.0,835.0,923.0,902.0,903.0,902.0,898.0,905.0,903.0,891.0,899.0,887.0,950.0,952.0,945.0,956.0,957.0,946.0,952.0,941.0,921.0,936.0,980.0,976.0,991.0,971.0,971.0,962.0,977.0,976.0,980.0,978.0,1011.0,994.0,1002.0,1005.0,992.0,994.0,1006.0,985.0,987.0,1012.0,1020.0,1020.0,1011.0,1016.0,1040.0,1026.0,1020.0,1025.0,1013.0,1018.0,A_HEALTHY,14,1,F3,Swab
Sample-183-114F3_SRR12514799,1.0,1.0,1.0,1.0,1.0,1.0,1.0,1.0,1.0,1.0,491.0,490.0,480.0,478.0,477.0,476.0,494.0,478.0,485.0,474.0,751.0,743.0,721.0,742.0,731.0,727.0,707.0,724.0,720.0,736.0,899.0,880.0,878.0,886.0,874.0,911.0,894.0,873.0,886.0,884.0,1014.0,1013.0,999.0,997.0,1000.0,1014.0,1022.0,1013.0,992.0,1033.0,1105.0,1126.0,1083.0,1090.0,1092.0,1102.0,1072.0,1109.0,1082.0,1089.0,1153.0,1173.0,1156.0,1181.0,1184.0,1160.0,1136.0,1157.0,1162.0,1165.0,1227.0,1222.0,1215.0,1236.0,1239.0,1218.0,1222.0,1223.0,1238.0,1235.0,1265.0,1278.0,1280.0,1267.0,1239.0,1269.0,1290.0,1275.0,1276.0,1296.0,1305.0,1328.0,1304.0,1300.0,1297.0,1297.0,1300.0,1327.0,1312.0,1303.0,A_HEALTHY,14,1,F3,Swab
Sample-184-119F2_SRR12486793,1.0,1.0,1.0,1.0,1.0,1.0,1.0,1.0,1.0,1.0,485.0,475.0,509.0,476.0,488.0,501.0,493.0,493.0,495.0,471.0,716.0,696.0,679.0,697.0,680.0,695.0,673.0,702.0,685.0,697.0,814.0,818.0,822.0,816.0,818.0,804.0,813.0,817.0,816.0,819.0,921.0,888.0,882.0,879.0,873.0,893.0,864.0,896.0,888.0,906.0,964.0,951.0,945.0,957.0,965.0,965.0,966.0,960.0,938.0,946.0,997.0,995.0,992.0,1005.0,995.0,990.0,1001.0,999.0,997.0,999.0,1012.0,1010.0,1038.0,1034.0,1020.0,1017.0,1035.0,1023.0,1037.0,1038.0,1059.0,1058.0,1039.0,1040.0,1036.0,1057.0,1038.0,1063.0,1061.0,1061.0,1058.0,1071.0,1077.0,1061.0,1067.0,1081.0,1065.0,1074.0,1065.0,1069.0,A_HEALTHY,19,1,F2,Swab
Sample-184-119F2_SRR12514798,1.0,1.0,1.0,1.0,1.0,1.0,1.0,1.0,1.0,1.0,545.0,526.0,562.0,553.0,556.0,541.0,534.0,558.0,550.0,542.0,849.0,836.0,832.0,835.0,831.0,841.0,833.0,834.0,813.0,812.0,1021.0,1024.0,1037.0,1003.0,1005.0,1022.0,1018.0,1010.0,1016.0,1046.0,1159.0,1199.0,1136.0,1161.0,1171.0,1193.0,1166.0,1153.0,1152.0,1187.0,1243.0,1247.0,1263.0,1274.0,1245.0,1277.0,1254.0,1269.0,1280.0,1260.0,1338.0,1351.0,1324.0,1320.0,1352.0,1354.0,1345.0,1320.0,1327.0,1339.0,1426.0,1394.0,1425.0,1416.0,1439.0,1428.0,1426.0,1411.0,1425.0,1419.0,1479.0,1443.0,1463.0,1471.0,1440.0,1456.0,1475.0,1491.0,1460.0,1476.0,1528.0,1536.0,1532.0,1501.0,1506.0,1529.0,1485.0,1508.0,1505.0,1527.0,A_HEALTHY,19,1,F2,Swab
Sample-185-12F2_SRR12486792,1.0,1.0,1.0,1.0,1.0,1.0,1.0,1.0,1.0,1.0,393.0,375.0,393.0,374.0,386.0,384.0,393.0,369.0,382.0,384.0,556.0,536.0,536.0,530.0,530.0,521.0,532.0,544.0,545.0,542.0,630.0,629.0,638.0,639.0,625.0,634.0,643.0,633.0,615.0,636.0,691.0,674.0,686.0,680.0,687.0,680.0,687.0,688.0,687.0,677.0,725.0,713.0,722.0,743.0,716.0,733.0,727.0,722.0,725.0,732.0,773.0,755.0,760.0,743.0,753.0,740.0,764.0,758.0,745.0,751.0,785.0,776.0,787.0,783.0,801.0,791.0,789.0,785.0,776.0,779.0,785.0,797.0,809.0,800.0,796.0,786.0,803.0,795.0,799.0,797.0,797.0,814.0,815.0,807.0,809.0,809.0,799.0,807.0,817.0,794.0,A_HEALTHY,2,1,F2,Swab
Sample-185-12F2_SRR12514797,1.0,1.0,1.0,1.0,1.0,1.0,1.0,1.0,1.0,1.0,413.0,432.0,402.0,428.0,432.0,409.0,426.0,434.0,425.0,424.0,611.0,609.0,629.0,641.0,636.0,616.0,595.0,620.0,624.0,602.0,731.0,743.0,765.0,739.0,755.0,743.0,710.0,742.0,720.0,747.0,832.0,847.0,819.0,830.0,820.0,819.0,813.0,825.0,817.0,799.0,900.0,903.0,911.0,900.0,901.0,896.0,899.0,903.0,895.0,887.0,953.0,936.0,948.0,952.0,945.0,914.0,946.0,942.0,936.0,937.0,976.0,980.0,993.0,968.0,998.0,967.0,982.0,978.0,974.0,975.0,1032.0,1000.0,1014.0,996.0,1027.0,1023.0,1025.0,1013.0,1024.0,1022.0,1054.0,1036.0,1034.0,1039.0,1044.0,1025.0,1052.0,1040.0,1042.0,1041.0,A_HEALTHY,2,1,F2,Swab
Sample-186-13F1_SRR12486790,1.0,1.0,1.0,1.0,1.0,1.0,1.0,1.0,1.0,1.0,490.0,453.0,463.0,478.0,472.0,480.0,475.0,482.0,478.0,467.0,696.0,717.0,681.0,704.0,704.0,709.0,702.0,694.0,674.0,703.0,851.0,820.0,846.0,850.0,858.0,851.0,840.0,836.0,861.0,841.0,935.0,929.0,913.0,930.0,901.0,938.0,947.0,930.0,945.0,935.0,1012.0,1014.0,1007.0,1024.0,1010.0,1008.0,997.0,998.0,1011.0,1028.0,1059.0,1056.0,1078.0,1081.0,1056.0,1048.0,1059.0,1046.0,1068.0,1039.0,1104.0,1106.0,1100.0,1087.0,1103.0,1098.0,1097.0,1114.0,1114.0,1106.0,1142.0,1134.0,1112.0,1133.0,1129.0,1145.0,1131.0,1140.0,1147.0,1131.0,1166.0,1137.0,1143.0,1155.0,1170.0,1168.0,1157.0,1153.0,1165.0,1169.0,A_HEALTHY,3,1,F1,Swab
Sample-186-13F1_SRR12514795,1.0,1.0,1.0,1.0,1.0,1.0,1.0,1.0,1.0,1.0,518.0,508.0,508.0,552.0,508.0,515.0,495.0,523.0,539.0,527.0,814.0,809.0,803.0,786.0,793.0,807.0,794.0,817.0,786.0,808.0,972.0,998.0,950.0,1006.0,1002.0,961.0,985.0,989.0,969.0,1005.0,1155.0,1127.0,1149.0,1098.0,1102.0,1103.0,1109.0,1126.0,1143.0,1123.0,1231.0,1262.0,1239.0,1228.0,1240.0,1215.0,1221.0,1257.0,1205.0,1226.0,1329.0,1313.0,1328.0,1317.0,1317.0,1298.0,1308.0,1311.0,1290.0,1328.0,1407.0,1390.0,1390.0,1394.0,1354.0,1386.0,1404.0,1414.0,1388.0,1368.0,1445.0,1446.0,1442.0,1462.0,1446.0,1461.0,1441.0,1459.0,1442.0,1411.0,1505.0,1484.0,1493.0,1473.0,1488.0,1488.0,1482.0,1451.0,1488.0,1510.0,A_HEALTHY,3,1,F1,Swab
Sample-187-15F2_SRR12486789,1.0,1.0,1.0,1.0,1.0,1.0,1.0,1.0,1.0,1.0,456.0,424.0,475.0,427.0,443.0,432.0,434.0,430.0,446.0,439.0,645.0,638.0,650.0,643.0,624.0,630.0,623.0,636.0,631.0,634.0,741.0,729.0,737.0,749.0,761.0,743.0,740.0,742.0,744.0,749.0,811.0,823.0,813.0,826.0,825.0,804.0,826.0,823.0,825.0,820.0,873.0,859.0,864.0,869.0,859.0,883.0,881.0,874.0,855.0,859.0,903.0,903.0,908.0,907.0,904.0,899.0,911.0,909.0,926.0,910.0,943.0,934.0,931.0,949.0,925.0,934.0,944.0,925.0,927.0,939.0,954.0,947.0,945.0,948.0,961.0,946.0,959.0,967.0,964.0,956.0,964.0,968.0,960.0,971.0,977.0,970.0,963.0,977.0,978.0,972.0,A_HEALTHY,5,1,F2,Swab
Sample-187-15F2_SRR12514794,1.0,1.0,1.0,1.0,1.0,1.0,1.0,1.0,1.0,1.0,499.0,503.0,499.0,509.0,519.0,511.0,489.0,517.0,486.0,524.0,766.0,772.0,768.0,793.0,784.0,756.0,778.0,781.0,768.0,773.0,989.0,965.0,955.0,934.0,948.0,934.0,971.0,937.0,947.0,931.0,1091.0,1076.0,1054.0,1084.0,1060.0,1100.0,1092.0,1094.0,1101.0,1075.0,1174.0,1169.0,1182.0,1187.0,1203.0,1180.0,1215.0,1203.0,1188.0,1184.0,1277.0,1264.0,1274.0,1275.0,1253.0,1257.0,1278.0,1252.0,1276.0,1269.0,1337.0,1345.0,1354.0,1354.0,1310.0,1335.0,1345.0,1340.0,1343.0,1325.0,1379.0,1382.0,1338.0,1375.0,1387.0,1356.0,1362.0,1394.0,1372.0,1354.0,1430.0,1424.0,1435.0,1419.0,1455.0,1411.0,1439.0,1445.0,1417.0,1425.0,A_HEALTHY,5,1,F2,Swab
Sample-188-18F3_SRR12486788,1.0,1.0,1.0,1.0,1.0,1.0,1.0,1.0,1.0,1.0,434.0,426.0,422.0,415.0,409.0,418.0,425.0,411.0,410.0,412.0,598.0,630.0,588.0,595.0,597.0,600.0,585.0,604.0,593.0,586.0,711.0,700.0,722.0,693.0,709.0,712.0,700.0,703.0,702.0,705.0,769.0,768.0,760.0,770.0,775.0,752.0,775.0,774.0,788.0,755.0,840.0,826.0,843.0,840.0,817.0,820.0,824.0,836.0,837.0,818.0,841.0,850.0,858.0,850.0,855.0,850.0,863.0,865.0,854.0,870.0,893.0,873.0,856.0,892.0,876.0,875.0,873.0,887.0,875.0,876.0,895.0,898.0,901.0,905.0,904.0,908.0,876.0,907.0,893.0,906.0,921.0,930.0,920.0,938.0,922.0,908.0,923.0,931.0,915.0,923.0,A_HEALTHY,8,1,F3,Swab
Sample-188-18F3_SRR12514793,1.0,1.0,1.0,1.0,1.0,1.0,1.0,1.0,1.0,1.0,444.0,447.0,466.0,430.0,467.0,451.0,455.0,430.0,434.0,437.0,671.0,638.0,623.0,645.0,639.0,659.0,654.0,662.0,658.0,648.0,789.0,797.0,780.0,778.0,777.0,779.0,792.0,773.0,767.0,783.0,879.0,858.0,893.0,873.0,873.0,856.0,865.0,869.0,886.0,844.0,940.0,925.0,916.0,927.0,941.0,920.0,935.0,936.0,926.0,943.0,969.0,985.0,983.0,981.0,962.0,1004.0,993.0,999.0,1004.0,985.0,1032.0,1022.0,1036.0,1014.0,1043.0,1017.0,1033.0,1031.0,1040.0,1030.0,1055.0,1067.0,1079.0,1070.0,1048.0,1071.0,1061.0,1083.0,1074.0,1086.0,1101.0,1116.0,1094.0,1092.0,1102.0,1101.0,1099.0,1104.0,1088.0,1098.0,A_HEALTHY,8,1,F3,Swab
Sample-189-19F1_SRR12486787,1.0,1.0,1.0,1.0,1.0,1.0,1.0,1.0,1.0,1.0,435.0,472.0,438.0,451.0,477.0,440.0,465.0,442.0,445.0,464.0,684.0,688.0,660.0,658.0,670.0,677.0,679.0,670.0,675.0,665.0,813.0,789.0,810.0,789.0,797.0,824.0,788.0,768.0,801.0,800.0,874.0,881.0,888.0,869.0,878.0,901.0,903.0,864.0,876.0,891.0,934.0,955.0,943.0,930.0,944.0,941.0,976.0,941.0,951.0,943.0,977.0,969.0,989.0,977.0,964.0,976.0,987.0,993.0,974.0,981.0,1047.0,1036.0,1024.0,1025.0,1010.0,1033.0,1016.0,1010.0,1029.0,1016.0,1052.0,1054.0,1053.0,1042.0,1050.0,1062.0,1061.0,1050.0,1056.0,1046.0,1067.0,1072.0,1084.0,1077.0,1071.0,1059.0,1065.0,1061.0,1062.0,1080.0,A_HEALTHY,9,1,F1,Swab
Sample-189-19F1_SRR12514792,1.0,1.0,1.0,1.0,1.0,1.0,1.0,1.0,1.0,1.0,512.0,490.0,504.0,504.0,491.0,493.0,505.0,530.0,516.0,513.0,792.0,743.0,745.0,773.0,808.0,766.0,790.0,772.0,770.0,793.0,929.0,968.0,955.0,943.0,937.0,955.0,982.0,963.0,950.0,950.0,1062.0,1081.0,1089.0,1076.0,1064.0,1055.0,1093.0,1096.0,1067.0,1078.0,1181.0,1200.0,1147.0,1181.0,1188.0,1185.0,1191.0,1221.0,1171.0,1169.0,1258.0,1260.0,1259.0,1271.0,1271.0,1267.0,1274.0,1266.0,1256.0,1252.0,1304.0,1307.0,1349.0,1322.0,1328.0,1338.0,1306.0,1315.0,1321.0,1346.0,1366.0,1369.0,1379.0,1371.0,1371.0,1372.0,1366.0,1354.0,1372.0,1379.0,1416.0,1413.0,1420.0,1415.0,1422.0,1438.0,1422.0,1415.0,1406.0,1427.0,A_HEALTHY,9,1,F1,Swab
Sample-190-19F3_SRR12486786,1.0,1.0,1.0,1.0,1.0,1.0,1.0,1.0,1.0,1.0,503.0,481.0,468.0,478.0,496.0,481.0,477.0,475.0,516.0,484.0,708.0,710.0,711.0,737.0,715.0,707.0,713.0,705.0,714.0,697.0,869.0,828.0,817.0,860.0,851.0,852.0,837.0,863.0,839.0,869.0,939.0,952.0,947.0,932.0,941.0,942.0,944.0,958.0,948.0,957.0,1015.0,1008.0,1003.0,1008.0,1017.0,988.0,994.0,996.0,1034.0,1006.0,1077.0,1056.0,1077.0,1053.0,1046.0,1072.0,1065.0,1062.0,1067.0,1070.0,1087.0,1106.0,1096.0,1101.0,1094.0,1115.0,1097.0,1114.0,1109.0,1118.0,1109.0,1122.0,1125.0,1128.0,1123.0,1133.0,1129.0,1135.0,1127.0,1119.0,1146.0,1141.0,1152.0,1154.0,1149.0,1154.0,1145.0,1141.0,1158.0,1160.0,A_HEALTHY,9,1,F3,Swab
Sample-190-19F3_SRR12514791,1.0,1.0,1.0,1.0,1.0,1.0,1.0,1.0,1.0,1.0,544.0,540.0,515.0,526.0,529.0,529.0,534.0,521.0,510.0,516.0,790.0,767.0,839.0,792.0,781.0,802.0,791.0,807.0,790.0,791.0,1002.0,982.0,980.0,991.0,986.0,985.0,982.0,985.0,976.0,1005.0,1106.0,1088.0,1120.0,1126.0,1105.0,1076.0,1130.0,1114.0,1125.0,1110.0,1240.0,1235.0,1223.0,1204.0,1222.0,1231.0,1218.0,1235.0,1208.0,1255.0,1293.0,1281.0,1302.0,1277.0,1315.0,1289.0,1292.0,1304.0,1311.0,1299.0,1363.0,1383.0,1383.0,1335.0,1337.0,1332.0,1373.0,1368.0,1374.0,1363.0,1441.0,1415.0,1422.0,1387.0,1410.0,1404.0,1428.0,1424.0,1408.0,1420.0,1437.0,1479.0,1448.0,1453.0,1463.0,1486.0,1458.0,1467.0,1458.0,1479.0,A_HEALTHY,9,1,F3,Swab
Sample-2-135F2_SRR12486784,1.0,1.0,1.0,1.0,1.0,1.0,1.0,1.0,1.0,1.0,313.0,311.0,294.0,301.0,297.0,296.0,314.0,305.0,320.0,302.0,401.0,394.0,405.0,392.0,390.0,398.0,403.0,403.0,414.0,378.0,453.0,459.0,456.0,458.0,453.0,447.0,451.0,437.0,462.0,459.0,492.0,484.0,486.0,494.0,487.0,491.0,483.0,494.0,493.0,476.0,493.0,518.0,515.0,513.0,510.0,510.0,516.0,505.0,503.0,515.0,527.0,524.0,525.0,519.0,524.0,521.0,534.0,531.0,523.0,526.0,536.0,540.0,533.0,537.0,543.0,540.0,532.0,527.0,547.0,539.0,547.0,542.0,544.0,548.0,550.0,546.0,546.0,551.0,544.0,548.0,554.0,548.0,549.0,548.0,557.0,551.0,553.0,556.0,549.0,551.0,A_HEALTHY,5,13,F2,Swab
Sample-2-135F2_SRR12514789,1.0,1.0,1.0,1.0,1.0,1.0,1.0,1.0,1.0,1.0,343.0,350.0,348.0,335.0,352.0,359.0,369.0,354.0,360.0,342.0,479.0,479.0,494.0,469.0,498.0,468.0,497.0,511.0,485.0,497.0,578.0,579.0,578.0,568.0,578.0,564.0,592.0,576.0,589.0,576.0,653.0,644.0,656.0,644.0,647.0,648.0,639.0,630.0,617.0,639.0,696.0,701.0,701.0,685.0,680.0,695.0,677.0,681.0,696.0,662.0,721.0,721.0,714.0,720.0,723.0,739.0,726.0,719.0,721.0,715.0,746.0,736.0,751.0,752.0,758.0,733.0,748.0,743.0,750.0,761.0,761.0,775.0,774.0,766.0,755.0,777.0,767.0,789.0,775.0,764.0,783.0,787.0,794.0,782.0,801.0,800.0,779.0,793.0,783.0,796.0,A_HEALTHY,5,13,F2,Swab
Sample-20-1714F3_SRR12486783,1.0,1.0,1.0,1.0,1.0,1.0,1.0,1.0,1.0,1.0,382.0,393.0,367.0,383.0,377.0,379.0,377.0,386.0,382.0,400.0,537.0,527.0,514.0,532.0,523.0,540.0,529.0,523.0,548.0,551.0,619.0,618.0,636.0,638.0,616.0,621.0,618.0,596.0,601.0,601.0,685.0,680.0,690.0,676.0,663.0,683.0,667.0,656.0,688.0,668.0,711.0,711.0,736.0,713.0,709.0,717.0,714.0,725.0,706.0,729.0,750.0,763.0,757.0,767.0,761.0,775.0,758.0,738.0,769.0,753.0,764.0,773.0,765.0,774.0,782.0,797.0,774.0,795.0,791.0,794.0,805.0,793.0,800.0,792.0,801.0,797.0,806.0,797.0,813.0,793.0,807.0,807.0,810.0,814.0,823.0,806.0,806.0,814.0,806.0,817.0,A_HEALTHY,14,17,F3,Swab
Sample-20-1714F3_SRR12514788,1.0,1.0,1.0,1.0,1.0,1.0,1.0,1.0,1.0,1.0,417.0,407.0,420.0,409.0,431.0,408.0,423.0,438.0,437.0,404.0,592.0,627.0,606.0,599.0,626.0,606.0,598.0,584.0,616.0,641.0,739.0,725.0,741.0,754.0,727.0,716.0,732.0,734.0,723.0,749.0,822.0,859.0,822.0,824.0,828.0,820.0,845.0,825.0,825.0,837.0,910.0,924.0,924.0,911.0,883.0,907.0,909.0,917.0,868.0,881.0,961.0,979.0,970.0,974.0,980.0,964.0,974.0,970.0,951.0,965.0,1008.0,1014.0,996.0,982.0,990.0,1015.0,995.0,1003.0,1011.0,995.0,1052.0,1034.0,1055.0,1053.0,1024.0,1061.0,1034.0,1063.0,1071.0,1062.0,1069.0,1086.0,1069.0,1074.0,1092.0,1070.0,1100.0,1056.0,1110.0,1090.0,A_HEALTHY,14,17,F3,Swab
Sample-22-172F2_SRR12486782,1.0,1.0,1.0,1.0,1.0,1.0,1.0,1.0,1.0,1.0,265.0,274.0,275.0,270.0,274.0,261.0,277.0,267.0,253.0,271.0,344.0,348.0,340.0,338.0,338.0,350.0,348.0,369.0,345.0,337.0,386.0,405.0,373.0,392.0,381.0,406.0,383.0,388.0,387.0,399.0,416.0,413.0,410.0,405.0,408.0,416.0,417.0,409.0,420.0,414.0,433.0,434.0,434.0,427.0,440.0,426.0,427.0,427.0,428.0,426.0,443.0,441.0,436.0,445.0,440.0,444.0,450.0,440.0,438.0,435.0,447.0,449.0,450.0,456.0,445.0,449.0,447.0,454.0,450.0,445.0,459.0,459.0,454.0,454.0,452.0,454.0,458.0,456.0,454.0,458.0,451.0,463.0,460.0,463.0,463.0,460.0,463.0,462.0,462.0,455.0,A_HEALTHY,2,17,F2,Swab
Sample-22-172F2_SRR12514787,1.0,1.0,1.0,1.0,1.0,1.0,1.0,1.0,1.0,1.0,305.0,298.0,307.0,285.0,288.0,299.0,284.0,291.0,288.0,292.0,399.0,413.0,396.0,401.0,412.0,389.0,404.0,404.0,409.0,402.0,467.0,488.0,465.0,475.0,458.0,451.0,469.0,468.0,468.0,471.0,514.0,512.0,525.0,521.0,504.0,520.0,517.0,521.0,516.0,532.0,545.0,547.0,552.0,546.0,546.0,552.0,549.0,536.0,539.0,525.0,573.0,579.0,584.0,580.0,581.0,570.0,584.0,572.0,582.0,574.0,608.0,595.0,605.0,603.0,595.0,592.0,590.0,591.0,600.0,594.0,612.0,599.0,607.0,605.0,613.0,603.0,617.0,608.0,613.0,603.0,633.0,637.0,634.0,618.0,619.0,629.0,620.0,624.0,625.0,622.0,A_HEALTHY,2,17,F2,Swab
Sample-24-175F2_SRR12486781,1.0,1.0,1.0,1.0,1.0,1.0,1.0,1.0,1.0,1.0,382.0,410.0,411.0,401.0,423.0,396.0,397.0,402.0,393.0,409.0,555.0,553.0,544.0,536.0,540.0,555.0,549.0,546.0,551.0,548.0,626.0,628.0,622.0,623.0,631.0,629.0,633.0,633.0,628.0,639.0,686.0,665.0,671.0,700.0,671.0,684.0,681.0,667.0,681.0,668.0,736.0,714.0,707.0,719.0,719.0,730.0,711.0,712.0,715.0,707.0,728.0,731.0,729.0,747.0,730.0,731.0,743.0,736.0,741.0,731.0,753.0,748.0,762.0,769.0,752.0,751.0,767.0,755.0,754.0,755.0,768.0,763.0,759.0,771.0,772.0,764.0,771.0,777.0,763.0,775.0,779.0,781.0,779.0,780.0,781.0,783.0,785.0,773.0,770.0,781.0,A_HEALTHY,5,17,F2,Swab
Sample-24-175F2_SRR12514786,1.0,1.0,1.0,1.0,1.0,1.0,1.0,1.0,1.0,1.0,449.0,458.0,438.0,447.0,475.0,447.0,451.0,463.0,464.0,455.0,638.0,681.0,659.0,672.0,661.0,676.0,659.0,676.0,664.0,669.0,802.0,791.0,782.0,767.0,802.0,798.0,787.0,803.0,800.0,775.0,874.0,917.0,898.0,897.0,879.0,889.0,880.0,897.0,868.0,893.0,964.0,937.0,937.0,973.0,958.0,956.0,961.0,948.0,965.0,946.0,1023.0,1008.0,986.0,1002.0,1010.0,1018.0,1020.0,1017.0,1007.0,1026.0,1051.0,1054.0,1054.0,1057.0,1062.0,1049.0,1059.0,1044.0,1056.0,1053.0,1097.0,1101.0,1097.0,1092.0,1080.0,1080.0,1099.0,1104.0,1105.0,1110.0,1125.0,1112.0,1135.0,1115.0,1107.0,1125.0,1131.0,1120.0,1119.0,1119.0,A_HEALTHY,5,17,F2,Swab
Sample-25-178F3_SRR12486779,1.0,1.0,1.0,1.0,1.0,1.0,1.0,1.0,1.0,1.0,414.0,390.0,437.0,412.0,397.0,423.0,421.0,414.0,401.0,418.0,569.0,569.0,566.0,571.0,574.0,582.0,563.0,595.0,575.0,574.0,669.0,681.0,667.0,671.0,668.0,693.0,667.0,668.0,674.0,660.0,742.0,740.0,735.0,744.0,745.0,746.0,761.0,731.0,738.0,739.0,783.0,768.0,782.0,795.0,782.0,793.0,774.0,777.0,777.0,784.0,803.0,817.0,815.0,817.0,819.0,826.0,826.0,822.0,825.0,822.0,830.0,837.0,829.0,844.0,848.0,858.0,846.0,833.0,837.0,826.0,865.0,863.0,867.0,865.0,856.0,863.0,848.0,861.0,863.0,864.0,884.0,876.0,865.0,867.0,873.0,880.0,885.0,893.0,880.0,881.0,A_HEALTHY,8,17,F3,Swab
Sample-25-178F3_SRR12514784,1.0,1.0,1.0,1.0,1.0,1.0,1.0,1.0,1.0,1.0,500.0,479.0,494.0,479.0,495.0,481.0,463.0,481.0,480.0,480.0,709.0,722.0,743.0,729.0,703.0,697.0,723.0,674.0,706.0,719.0,877.0,888.0,873.0,877.0,871.0,896.0,884.0,848.0,912.0,891.0,994.0,986.0,984.0,981.0,974.0,992.0,970.0,968.0,1008.0,999.0,1104.0,1079.0,1086.0,1098.0,1118.0,1072.0,1100.0,1099.0,1078.0,1081.0,1154.0,1167.0,1160.0,1157.0,1153.0,1153.0,1134.0,1150.0,1164.0,1159.0,1223.0,1228.0,1200.0,1195.0,1211.0,1234.0,1209.0,1191.0,1192.0,1178.0,1265.0,1274.0,1255.0,1265.0,1281.0,1289.0,1255.0,1258.0,1292.0,1275.0,1293.0,1317.0,1287.0,1289.0,1294.0,1317.0,1274.0,1312.0,1304.0,1287.0,A_HEALTHY,8,17,F3,Swab
Sample-26-179F1_SRR12486778,1.0,1.0,1.0,1.0,1.0,1.0,1.0,1.0,1.0,1.0,300.0,303.0,296.0,304.0,311.0,302.0,304.0,286.0,298.0,307.0,397.0,393.0,402.0,409.0,389.0,380.0,392.0,411.0,392.0,394.0,444.0,451.0,459.0,463.0,438.0,435.0,447.0,455.0,451.0,445.0,493.0,480.0,485.0,495.0,491.0,488.0,485.0,478.0,490.0,500.0,499.0,507.0,503.0,506.0,511.0,514.0,509.0,515.0,495.0,502.0,522.0,521.0,529.0,524.0,519.0,526.0,530.0,528.0,518.0,519.0,537.0,540.0,539.0,535.0,546.0,545.0,534.0,546.0,534.0,533.0,545.0,552.0,548.0,550.0,546.0,545.0,561.0,545.0,549.0,546.0,551.0,546.0,548.0,544.0,554.0,554.0,556.0,555.0,560.0,563.0,A_HEALTHY,9,17,F1,Swab
Sample-26-179F1_SRR12514783,1.0,1.0,1.0,1.0,1.0,1.0,1.0,1.0,1.0,1.0,352.0,361.0,348.0,326.0,329.0,326.0,345.0,340.0,344.0,337.0,472.0,485.0,503.0,491.0,466.0,469.0,483.0,491.0,489.0,490.0,554.0,564.0,577.0,570.0,583.0,580.0,581.0,560.0,565.0,548.0,641.0,625.0,626.0,621.0,623.0,642.0,622.0,596.0,637.0,637.0,672.0,692.0,684.0,676.0,672.0,659.0,682.0,674.0,666.0,659.0,726.0,712.0,691.0,682.0,699.0,700.0,722.0,703.0,686.0,705.0,718.0,731.0,752.0,724.0,733.0,742.0,739.0,739.0,742.0,720.0,753.0,756.0,754.0,747.0,754.0,740.0,769.0,740.0,770.0,754.0,776.0,781.0,747.0,761.0,786.0,775.0,772.0,778.0,774.0,775.0,A_HEALTHY,9,17,F1,Swab
Sample-29-185F2_SRR12486777,1.0,1.0,1.0,1.0,1.0,1.0,1.0,1.0,1.0,1.0,391.0,407.0,404.0,396.0,417.0,409.0,386.0,405.0,401.0,390.0,604.0,582.0,574.0,584.0,562.0,583.0,584.0,595.0,579.0,580.0,699.0,687.0,696.0,715.0,704.0,711.0,689.0,707.0,685.0,688.0,786.0,783.0,776.0,801.0,780.0,779.0,793.0,796.0,751.0,782.0,849.0,859.0,824.0,862.0,844.0,877.0,849.0,847.0,852.0,832.0,895.0,875.0,894.0,877.0,888.0,891.0,877.0,880.0,895.0,898.0,944.0,915.0,939.0,943.0,933.0,933.0,929.0,923.0,915.0,921.0,940.0,972.0,981.0,973.0,955.0,947.0,963.0,955.0,976.0,960.0,977.0,977.0,994.0,979.0,989.0,995.0,994.0,992.0,992.0,973.0,C_ID,5,18,F2,Swab
Sample-29-185F2_SRR12514782,1.0,1.0,1.0,1.0,1.0,1.0,1.0,1.0,1.0,1.0,455.0,444.0,439.0,453.0,447.0,436.0,431.0,423.0,415.0,423.0,630.0,629.0,648.0,638.0,654.0,636.0,633.0,656.0,645.0,671.0,802.0,843.0,811.0,797.0,836.0,803.0,793.0,796.0,794.0,787.0,937.0,901.0,917.0,934.0,952.0,930.0,924.0,940.0,933.0,914.0,1062.0,1036.0,1017.0,1054.0,1006.0,997.0,983.0,1012.0,1045.0,1028.0,1087.0,1096.0,1130.0,1107.0,1105.0,1095.0,1096.0,1086.0,1103.0,1121.0,1153.0,1143.0,1178.0,1163.0,1176.0,1192.0,1163.0,1157.0,1176.0,1195.0,1273.0,1218.0,1220.0,1227.0,1221.0,1222.0,1218.0,1221.0,1211.0,1229.0,1279.0,1281.0,1271.0,1306.0,1275.0,1298.0,1310.0,1290.0,1278.0,1288.0,C_ID,5,18,F2,Swab
Sample-33-1912F3_SRR12486776,1.0,1.0,1.0,1.0,1.0,1.0,1.0,1.0,1.0,1.0,517.0,533.0,515.0,531.0,546.0,554.0,534.0,571.0,544.0,547.0,789.0,794.0,807.0,828.0,815.0,794.0,803.0,808.0,801.0,789.0,967.0,961.0,971.0,970.0,989.0,970.0,973.0,976.0,964.0,950.0,1095.0,1101.0,1107.0,1112.0,1079.0,1104.0,1093.0,1125.0,1109.0,1124.0,1196.0,1193.0,1192.0,1209.0,1199.0,1197.0,1226.0,1221.0,1204.0,1205.0,1282.0,1279.0,1276.0,1253.0,1291.0,1277.0,1281.0,1301.0,1288.0,1279.0,1339.0,1341.0,1327.0,1326.0,1338.0,1342.0,1333.0,1337.0,1337.0,1364.0,1387.0,1395.0,1388.0,1367.0,1419.0,1413.0,1390.0,1384.0,1395.0,1411.0,1427.0,1439.0,1421.0,1435.0,1457.0,1431.0,1413.0,1439.0,1422.0,1408.0,A_HEALTHY,12,19,F3,Swab
Sample-33-1912F3_SRR12514781,1.0,1.0,1.0,1.0,1.0,1.0,1.0,1.0,1.0,1.0,598.0,583.0,579.0,588.0,553.0,596.0,602.0,568.0,582.0,569.0,918.0,915.0,918.0,909.0,904.0,887.0,920.0,919.0,901.0,922.0,1140.0,1186.0,1158.0,1163.0,1148.0,1169.0,1139.0,1107.0,1146.0,1153.0,1302.0,1337.0,1337.0,1332.0,1355.0,1350.0,1308.0,1313.0,1312.0,1329.0,1476.0,1511.0,1503.0,1483.0,1502.0,1500.0,1469.0,1487.0,1486.0,1454.0,1577.0,1612.0,1636.0,1588.0,1615.0,1625.0,1571.0,1613.0,1606.0,1583.0,1734.0,1732.0,1649.0,1715.0,1697.0,1741.0,1701.0,1712.0,1706.0,1694.0,1794.0,1841.0,1808.0,1797.0,1819.0,1791.0,1798.0,1820.0,1804.0,1786.0,1861.0,1869.0,1864.0,1905.0,1886.0,1886.0,1892.0,1888.0,1874.0,1895.0,A_HEALTHY,12,19,F3,Swab
Sample-36-1914F3_SRR12486775,1.0,1.0,1.0,1.0,1.0,1.0,1.0,1.0,1.0,1.0,291.0,294.0,298.0,305.0,304.0,302.0,282.0,284.0,299.0,291.0,391.0,373.0,394.0,382.0,379.0,371.0,394.0,383.0,395.0,392.0,448.0,447.0,447.0,437.0,451.0,439.0,437.0,457.0,448.0,428.0,478.0,476.0,477.0,476.0,481.0,481.0,490.0,476.0,491.0,477.0,503.0,504.0,494.0,495.0,497.0,501.0,508.0,493.0,503.0,493.0,518.0,523.0,523.0,505.0,511.0,516.0,516.0,514.0,521.0,517.0,525.0,535.0,541.0,534.0,533.0,533.0,531.0,529.0,522.0,537.0,544.0,535.0,537.0,538.0,536.0,538.0,548.0,536.0,543.0,545.0,547.0,538.0,549.0,538.0,555.0,541.0,549.0,544.0,541.0,544.0,TRANSITION,14,19,F3,Swab
Sample-36-1914F3_SRR12514780,1.0,1.0,1.0,1.0,1.0,1.0,1.0,1.0,1.0,1.0,334.0,324.0,355.0,329.0,325.0,325.0,339.0,340.0,338.0,347.0,475.0,458.0,460.0,457.0,445.0,459.0,462.0,465.0,448.0,463.0,560.0,568.0,549.0,548.0,550.0,558.0,545.0,548.0,539.0,561.0,614.0,606.0,618.0,597.0,620.0,593.0,630.0,612.0,601.0,621.0,644.0,658.0,655.0,649.0,650.0,647.0,662.0,656.0,660.0,652.0,687.0,700.0,690.0,701.0,690.0,700.0,703.0,699.0,722.0,694.0,733.0,719.0,717.0,718.0,718.0,725.0,733.0,731.0,732.0,743.0,749.0,745.0,738.0,728.0,765.0,747.0,737.0,730.0,753.0,736.0,754.0,763.0,762.0,767.0,767.0,766.0,766.0,756.0,775.0,776.0,TRANSITION,14,19,F3,Swab
Sample-38-192F2_SRR12486774,1.0,1.0,1.0,1.0,1.0,1.0,1.0,1.0,1.0,1.0,352.0,338.0,331.0,337.0,331.0,342.0,342.0,330.0,318.0,346.0,423.0,418.0,426.0,432.0,430.0,439.0,422.0,438.0,431.0,423.0,473.0,495.0,486.0,493.0,474.0,482.0,479.0,483.0,485.0,490.0,518.0,519.0,523.0,511.0,520.0,516.0,522.0,516.0,522.0,507.0,537.0,531.0,541.0,537.0,523.0,535.0,538.0,527.0,531.0,528.0,544.0,549.0,549.0,538.0,549.0,549.0,547.0,539.0,545.0,547.0,554.0,559.0,556.0,554.0,559.0,560.0,550.0,551.0,558.0,546.0,564.0,560.0,554.0,562.0,563.0,563.0,560.0,561.0,561.0,557.0,566.0,560.0,562.0,564.0,561.0,563.0,561.0,564.0,568.0,565.0,TRANSITION,2,19,F2,Swab
Sample-38-192F2_SRR12514779,1.0,1.0,1.0,1.0,1.0,1.0,1.0,1.0,1.0,1.0,398.0,391.0,421.0,409.0,389.0,414.0,406.0,382.0,404.0,417.0,552.0,577.0,573.0,552.0,573.0,580.0,568.0,582.0,543.0,550.0,667.0,649.0,663.0,667.0,674.0,669.0,648.0,664.0,659.0,677.0,718.0,712.0,749.0,737.0,734.0,717.0,714.0,723.0,732.0,731.0,775.0,777.0,781.0,775.0,792.0,784.0,776.0,787.0,771.0,762.0,810.0,806.0,799.0,822.0,802.0,808.0,814.0,809.0,809.0,807.0,840.0,836.0,851.0,856.0,845.0,849.0,843.0,839.0,842.0,842.0,860.0,857.0,866.0,860.0,857.0,864.0,858.0,868.0,866.0,853.0,881.0,871.0,888.0,870.0,870.0,887.0,876.0,882.0,898.0,862.0,TRANSITION,2,19,F2,Swab
Sample-40-195F2_SRR12486773,1.0,1.0,1.0,1.0,1.0,1.0,1.0,1.0,1.0,1.0,354.0,346.0,332.0,353.0,332.0,329.0,311.0,343.0,351.0,344.0,458.0,448.0,432.0,447.0,448.0,452.0,435.0,440.0,471.0,441.0,528.0,533.0,512.0,522.0,548.0,534.0,517.0,536.0,524.0,527.0,597.0,588.0,569.0,569.0,578.0,590.0,579.0,576.0,573.0,575.0,621.0,624.0,615.0,630.0,616.0,608.0,586.0,606.0,601.0,610.0,638.0,634.0,634.0,640.0,645.0,648.0,652.0,639.0,627.0,640.0,645.0,650.0,664.0,662.0,666.0,656.0,644.0,645.0,657.0,653.0,675.0,666.0,677.0,678.0,671.0,677.0,687.0,661.0,679.0,674.0,689.0,701.0,688.0,686.0,688.0,679.0,683.0,687.0,678.0,684.0,C_ID,5,19,F2,Swab
Sample-40-195F2_SRR12514778,1.0,1.0,1.0,1.0,1.0,1.0,1.0,1.0,1.0,1.0,382.0,363.0,363.0,355.0,367.0,374.0,383.0,390.0,362.0,384.0,533.0,540.0,553.0,527.0,517.0,542.0,539.0,545.0,540.0,522.0,640.0,625.0,670.0,625.0,626.0,633.0,649.0,627.0,646.0,632.0,730.0,727.0,733.0,729.0,731.0,733.0,721.0,724.0,752.0,720.0,803.0,802.0,789.0,768.0,804.0,800.0,807.0,787.0,784.0,770.0,844.0,826.0,844.0,848.0,857.0,840.0,849.0,851.0,804.0,833.0,868.0,884.0,910.0,887.0,907.0,900.0,923.0,869.0,899.0,877.0,935.0,927.0,925.0,911.0,921.0,928.0,918.0,937.0,920.0,925.0,938.0,960.0,962.0,949.0,937.0,971.0,944.0,970.0,949.0,960.0,C_ID,5,19,F2,Swab
Sample-41-198F3_SRR12486772,1.0,1.0,1.0,1.0,1.0,1.0,1.0,1.0,1.0,1.0,347.0,355.0,371.0,362.0,357.0,385.0,367.0,379.0,382.0,367.0,536.0,535.0,544.0,532.0,528.0,530.0,516.0,527.0,535.0,532.0,642.0,645.0,628.0,625.0,624.0,648.0,633.0,634.0,624.0,631.0,718.0,711.0,730.0,708.0,725.0,723.0,728.0,706.0,728.0,724.0,790.0,776.0,795.0,759.0,776.0,776.0,768.0,763.0,781.0,765.0,830.0,816.0,840.0,814.0,835.0,801.0,830.0,836.0,821.0,815.0,875.0,872.0,865.0,858.0,874.0,858.0,870.0,857.0,875.0,833.0,917.0,872.0,888.0,865.0,902.0,891.0,913.0,902.0,885.0,910.0,920.0,919.0,895.0,914.0,896.0,923.0,918.0,915.0,914.0,908.0,TRANSITION,8,19,F3,Swab
Sample-41-198F3_SRR12514777,1.0,1.0,1.0,1.0,1.0,1.0,1.0,1.0,1.0,1.0,389.0,396.0,381.0,410.0,377.0,371.0,382.0,389.0,405.0,385.0,599.0,559.0,583.0,583.0,593.0,594.0,589.0,617.0,588.0,576.0,731.0,740.0,719.0,737.0,742.0,723.0,736.0,721.0,738.0,735.0,830.0,845.0,852.0,861.0,845.0,851.0,846.0,816.0,856.0,836.0,946.0,932.0,898.0,940.0,933.0,966.0,918.0,902.0,955.0,947.0,1005.0,1063.0,1017.0,1016.0,986.0,977.0,1031.0,1013.0,1014.0,1016.0,1092.0,1084.0,1100.0,1078.0,1075.0,1106.0,1095.0,1079.0,1089.0,1062.0,1134.0,1141.0,1146.0,1131.0,1133.0,1154.0,1140.0,1135.0,1131.0,1116.0,1189.0,1201.0,1184.0,1165.0,1179.0,1181.0,1173.0,1199.0,1183.0,1183.0,TRANSITION,8,19,F3,Swab
Sample-42-199F1_SRR12486771,1.0,1.0,1.0,1.0,1.0,1.0,1.0,1.0,1.0,1.0,334.0,351.0,337.0,353.0,352.0,371.0,347.0,367.0,357.0,382.0,503.0,489.0,499.0,506.0,488.0,478.0,508.0,504.0,516.0,507.0,571.0,588.0,578.0,605.0,592.0,587.0,579.0,593.0,585.0,599.0,650.0,636.0,654.0,667.0,651.0,666.0,653.0,642.0,660.0,633.0,723.0,715.0,710.0,721.0,694.0,714.0,698.0,711.0,718.0,723.0,730.0,746.0,735.0,736.0,742.0,754.0,753.0,733.0,734.0,743.0,782.0,775.0,782.0,770.0,771.0,779.0,778.0,778.0,772.0,757.0,792.0,796.0,803.0,802.0,789.0,789.0,791.0,783.0,798.0,797.0,812.0,813.0,813.0,817.0,802.0,815.0,812.0,813.0,821.0,825.0,A_HEALTHY,9,19,F1,Swab
Sample-42-199F1_SRR12514776,1.0,1.0,1.0,1.0,1.0,1.0,1.0,1.0,1.0,1.0,370.0,405.0,396.0,374.0,388.0,382.0,385.0,380.0,376.0,358.0,580.0,549.0,571.0,570.0,540.0,535.0,575.0,568.0,551.0,543.0,685.0,695.0,675.0,675.0,694.0,682.0,678.0,669.0,704.0,697.0,762.0,780.0,769.0,781.0,770.0,795.0,773.0,771.0,803.0,785.0,871.0,866.0,857.0,853.0,870.0,874.0,846.0,865.0,834.0,856.0,925.0,931.0,957.0,932.0,913.0,920.0,923.0,916.0,922.0,887.0,975.0,989.0,985.0,976.0,973.0,965.0,989.0,983.0,957.0,950.0,1006.0,1014.0,1016.0,1006.0,987.0,1006.0,1024.0,1012.0,1006.0,1019.0,1055.0,1069.0,1067.0,1045.0,1052.0,1035.0,1038.0,1059.0,1046.0,1068.0,A_HEALTHY,9,19,F1,Swab
Sample-46-205F2_SRR12486770,1.0,1.0,1.0,1.0,1.0,1.0,1.0,1.0,1.0,1.0,307.0,316.0,304.0,311.0,314.0,303.0,295.0,311.0,319.0,318.0,396.0,416.0,401.0,409.0,409.0,410.0,392.0,402.0,408.0,394.0,446.0,454.0,461.0,458.0,465.0,446.0,458.0,448.0,447.0,459.0,464.0,484.0,473.0,482.0,488.0,477.0,479.0,479.0,488.0,483.0,494.0,498.0,512.0,501.0,504.0,504.0,511.0,519.0,498.0,502.0,524.0,531.0,517.0,525.0,528.0,524.0,512.0,514.0,520.0,522.0,537.0,540.0,538.0,534.0,536.0,528.0,536.0,534.0,527.0,533.0,540.0,544.0,542.0,535.0,540.0,544.0,533.0,541.0,546.0,528.0,544.0,546.0,546.0,550.0,549.0,548.0,546.0,550.0,549.0,550.0,C_ID,5,20,F2,Swab
Sample-46-205F2_SRR12514775,1.0,1.0,1.0,1.0,1.0,1.0,1.0,1.0,1.0,1.0,331.0,353.0,353.0,344.0,345.0,332.0,333.0,360.0,326.0,360.0,495.0,461.0,488.0,463.0,485.0,471.0,471.0,472.0,487.0,463.0,560.0,558.0,565.0,557.0,563.0,562.0,559.0,562.0,566.0,552.0,633.0,615.0,630.0,633.0,629.0,618.0,617.0,638.0,614.0,631.0,671.0,681.0,677.0,699.0,659.0,653.0,666.0,658.0,657.0,682.0,698.0,708.0,712.0,711.0,690.0,708.0,700.0,698.0,705.0,688.0,732.0,742.0,731.0,732.0,725.0,716.0,734.0,722.0,720.0,722.0,758.0,757.0,757.0,748.0,751.0,744.0,727.0,758.0,754.0,750.0,784.0,784.0,782.0,783.0,767.0,779.0,768.0,766.0,755.0,777.0,C_ID,5,20,F2,Swab
Sample-50-2112F3_SRR12486768,1.0,1.0,1.0,1.0,1.0,1.0,1.0,1.0,1.0,1.0,392.0,392.0,390.0,394.0,401.0,393.0,402.0,381.0,389.0,383.0,534.0,504.0,532.0,503.0,517.0,524.0,511.0,519.0,520.0,526.0,576.0,580.0,586.0,586.0,590.0,580.0,569.0,568.0,583.0,586.0,612.0,633.0,618.0,619.0,628.0,612.0,618.0,619.0,620.0,619.0,633.0,641.0,644.0,649.0,659.0,644.0,641.0,646.0,642.0,646.0,653.0,658.0,662.0,672.0,664.0,653.0,651.0,659.0,661.0,661.0,664.0,670.0,670.0,673.0,670.0,673.0,668.0,673.0,670.0,670.0,676.0,679.0,678.0,680.0,673.0,678.0,681.0,679.0,679.0,678.0,680.0,681.0,681.0,679.0,677.0,681.0,684.0,677.0,681.0,683.0,TRANSITION,12,21,F3,Swab
Sample-50-2112F3_SRR12514773,1.0,1.0,1.0,1.0,1.0,1.0,1.0,1.0,1.0,1.0,454.0,429.0,448.0,461.0,428.0,456.0,449.0,438.0,452.0,456.0,643.0,637.0,615.0,630.0,630.0,613.0,630.0,629.0,640.0,632.0,734.0,747.0,711.0,747.0,759.0,739.0,726.0,743.0,761.0,724.0,819.0,819.0,822.0,798.0,805.0,824.0,816.0,803.0,808.0,815.0,851.0,866.0,834.0,839.0,842.0,856.0,842.0,862.0,876.0,852.0,902.0,890.0,890.0,875.0,912.0,897.0,890.0,894.0,895.0,896.0,934.0,932.0,906.0,935.0,925.0,919.0,929.0,927.0,940.0,935.0,948.0,936.0,952.0,943.0,948.0,957.0,940.0,955.0,941.0,950.0,952.0,959.0,950.0,956.0,979.0,972.0,951.0,957.0,964.0,956.0,TRANSITION,12,21,F3,Swab
Sample-53-2114F3_SRR12486767,1.0,1.0,1.0,1.0,1.0,1.0,1.0,1.0,1.0,1.0,398.0,367.0,394.0,413.0,414.0,389.0,394.0,390.0,403.0,414.0,584.0,594.0,599.0,557.0,558.0,569.0,586.0,565.0,555.0,579.0,673.0,692.0,683.0,672.0,680.0,664.0,690.0,685.0,687.0,670.0,783.0,768.0,760.0,737.0,760.0,753.0,758.0,760.0,765.0,783.0,810.0,836.0,811.0,805.0,821.0,809.0,790.0,809.0,825.0,829.0,853.0,845.0,882.0,862.0,851.0,857.0,864.0,862.0,870.0,876.0,901.0,920.0,911.0,893.0,865.0,899.0,886.0,904.0,889.0,895.0,929.0,931.0,923.0,926.0,914.0,933.0,929.0,937.0,932.0,923.0,932.0,950.0,961.0,938.0,934.0,946.0,948.0,935.0,956.0,946.0,TRANSITION,14,21,F3,Swab
Sample-53-2114F3_SRR12514772,1.0,1.0,1.0,1.0,1.0,1.0,1.0,1.0,1.0,1.0,431.0,426.0,415.0,425.0,431.0,417.0,423.0,454.0,442.0,460.0,657.0,663.0,655.0,650.0,621.0,644.0,655.0,636.0,654.0,635.0,816.0,796.0,837.0,802.0,802.0,806.0,794.0,809.0,811.0,803.0,919.0,946.0,910.0,935.0,939.0,934.0,921.0,947.0,926.0,904.0,986.0,1007.0,1023.0,986.0,1020.0,1021.0,1020.0,1007.0,1004.0,1013.0,1085.0,1089.0,1100.0,1118.0,1094.0,1089.0,1096.0,1103.0,1096.0,1099.0,1158.0,1177.0,1179.0,1177.0,1154.0,1159.0,1197.0,1149.0,1168.0,1160.0,1206.0,1239.0,1216.0,1211.0,1224.0,1253.0,1253.0,1230.0,1217.0,1213.0,1268.0,1265.0,1275.0,1263.0,1276.0,1266.0,1268.0,1278.0,1281.0,1271.0,TRANSITION,14,21,F3,Swab
Sample-55-212F2_SRR12486766,1.0,1.0,1.0,1.0,1.0,1.0,1.0,1.0,1.0,1.0,445.0,461.0,439.0,452.0,452.0,436.0,420.0,446.0,444.0,462.0,642.0,646.0,648.0,676.0,646.0,650.0,665.0,644.0,630.0,655.0,801.0,802.0,811.0,782.0,794.0,788.0,765.0,814.0,786.0,779.0,915.0,867.0,933.0,908.0,926.0,879.0,910.0,924.0,921.0,938.0,1011.0,998.0,985.0,998.0,982.0,1019.0,1009.0,1010.0,1001.0,988.0,1058.0,1071.0,1068.0,1079.0,1089.0,1077.0,1066.0,1072.0,1077.0,1077.0,1130.0,1104.0,1138.0,1143.0,1147.0,1136.0,1133.0,1139.0,1131.0,1122.0,1196.0,1176.0,1193.0,1202.0,1165.0,1192.0,1171.0,1177.0,1154.0,1174.0,1223.0,1262.0,1234.0,1233.0,1219.0,1204.0,1230.0,1215.0,1253.0,1246.0,TRANSITION,2,21,F2,Swab
Sample-55-212F2_SRR12514771,1.0,1.0,1.0,1.0,1.0,1.0,1.0,1.0,1.0,1.0,447.0,452.0,454.0,466.0,471.0,453.0,454.0,453.0,440.0,465.0,715.0,666.0,689.0,661.0,670.0,694.0,705.0,684.0,684.0,678.0,860.0,874.0,872.0,853.0,851.0,853.0,852.0,865.0,891.0,860.0,984.0,998.0,1027.0,994.0,996.0,1027.0,1016.0,1016.0,1014.0,1001.0,1108.0,1130.0,1113.0,1106.0,1082.0,1091.0,1131.0,1120.0,1109.0,1128.0,1211.0,1201.0,1220.0,1245.0,1215.0,1230.0,1228.0,1191.0,1208.0,1195.0,1331.0,1282.0,1340.0,1269.0,1316.0,1292.0,1297.0,1302.0,1342.0,1299.0,1407.0,1376.0,1387.0,1367.0,1393.0,1403.0,1363.0,1404.0,1395.0,1403.0,1464.0,1472.0,1449.0,1448.0,1394.0,1473.0,1436.0,1464.0,1419.0,1463.0,TRANSITION,2,21,F2,Swab
Sample-57-215F2_SRR12486765,1.0,1.0,1.0,1.0,1.0,1.0,1.0,1.0,1.0,1.0,400.0,405.0,418.0,382.0,394.0,413.0,396.0,404.0,392.0,399.0,538.0,517.0,513.0,536.0,525.0,522.0,528.0,544.0,551.0,531.0,596.0,597.0,605.0,603.0,593.0,616.0,599.0,600.0,609.0,591.0,625.0,635.0,640.0,653.0,640.0,643.0,633.0,636.0,640.0,635.0,665.0,668.0,660.0,666.0,659.0,661.0,671.0,668.0,653.0,663.0,671.0,682.0,688.0,675.0,674.0,676.0,675.0,689.0,682.0,677.0,699.0,694.0,697.0,693.0,694.0,686.0,693.0,690.0,689.0,695.0,707.0,702.0,709.0,705.0,704.0,704.0,704.0,702.0,703.0,698.0,713.0,711.0,712.0,714.0,712.0,708.0,704.0,707.0,707.0,713.0,TRANSITION,5,21,F2,Swab
Sample-57-215F2_SRR12514770,1.0,1.0,1.0,1.0,1.0,1.0,1.0,1.0,1.0,1.0,482.0,461.0,458.0,464.0,459.0,464.0,476.0,449.0,465.0,462.0,678.0,680.0,679.0,683.0,687.0,680.0,678.0,679.0,679.0,671.0,804.0,793.0,781.0,780.0,788.0,803.0,803.0,797.0,824.0,790.0,906.0,882.0,886.0,876.0,871.0,885.0,901.0,888.0,873.0,873.0,932.0,939.0,943.0,943.0,954.0,958.0,943.0,952.0,952.0,960.0,984.0,1008.0,1009.0,990.0,995.0,1017.0,993.0,981.0,988.0,987.0,1009.0,1043.0,1038.0,1047.0,1044.0,1037.0,1055.0,1052.0,1038.0,1041.0,1067.0,1064.0,1036.0,1070.0,1060.0,1070.0,1055.0,1054.0,1056.0,1067.0,1095.0,1099.0,1088.0,1068.0,1096.0,1125.0,1100.0,1070.0,1062.0,1083.0,TRANSITION,5,21,F2,Swab
Sample-58-218F3_SRR12486764,1.0,1.0,1.0,1.0,1.0,1.0,1.0,1.0,1.0,1.0,302.0,308.0,291.0,293.0,304.0,299.0,283.0,304.0,292.0,295.0,401.0,420.0,418.0,414.0,429.0,412.0,413.0,420.0,411.0,417.0,511.0,489.0,476.0,500.0,497.0,479.0,478.0,499.0,484.0,482.0,573.0,550.0,542.0,548.0,540.0,541.0,554.0,543.0,530.0,550.0,587.0,584.0,572.0,616.0,578.0,589.0,583.0,574.0,591.0,594.0,609.0,617.0,622.0,616.0,614.0,628.0,606.0,632.0,618.0,621.0,653.0,651.0,657.0,643.0,649.0,654.0,643.0,641.0,648.0,653.0,679.0,665.0,680.0,663.0,650.0,676.0,662.0,680.0,672.0,676.0,683.0,683.0,684.0,684.0,696.0,687.0,682.0,693.0,686.0,691.0,TRANSITION,8,21,F3,Swab
Sample-58-218F3_SRR12514769,1.0,1.0,1.0,1.0,1.0,1.0,1.0,1.0,1.0,1.0,299.0,320.0,341.0,309.0,314.0,325.0,326.0,306.0,325.0,303.0,463.0,443.0,480.0,485.0,488.0,460.0,492.0,468.0,475.0,460.0,576.0,586.0,576.0,571.0,558.0,581.0,566.0,586.0,597.0,583.0,650.0,664.0,674.0,663.0,642.0,660.0,681.0,652.0,660.0,648.0,729.0,718.0,717.0,728.0,736.0,749.0,734.0,717.0,719.0,723.0,767.0,776.0,789.0,782.0,787.0,785.0,786.0,785.0,770.0,765.0,838.0,825.0,819.0,817.0,810.0,824.0,830.0,816.0,805.0,819.0,876.0,880.0,873.0,867.0,849.0,842.0,877.0,852.0,853.0,884.0,926.0,893.0,926.0,890.0,899.0,893.0,904.0,875.0,890.0,906.0,TRANSITION,8,21,F3,Swab
Sample-59-219F1_SRR12486763,1.0,1.0,1.0,1.0,1.0,1.0,1.0,1.0,1.0,1.0,487.0,483.0,505.0,492.0,498.0,518.0,499.0,503.0,499.0,506.0,674.0,702.0,696.0,701.0,706.0,713.0,705.0,691.0,693.0,689.0,806.0,806.0,804.0,812.0,803.0,799.0,804.0,803.0,792.0,806.0,880.0,871.0,876.0,886.0,875.0,881.0,875.0,855.0,871.0,890.0,926.0,931.0,920.0,904.0,922.0,923.0,911.0,934.0,945.0,916.0,948.0,977.0,965.0,965.0,963.0,968.0,958.0,952.0,978.0,968.0,981.0,988.0,1000.0,988.0,1000.0,985.0,971.0,1004.0,991.0,981.0,1009.0,1004.0,1017.0,1019.0,1012.0,1016.0,1019.0,1020.0,1021.0,1018.0,1037.0,1041.0,1023.0,1048.0,1037.0,1026.0,1038.0,1044.0,1047.0,1039.0,TRANSITION,9,21,F1,Swab
Sample-59-219F1_SRR12514768,1.0,1.0,1.0,1.0,1.0,1.0,1.0,1.0,1.0,1.0,551.0,559.0,544.0,558.0,541.0,572.0,552.0,538.0,532.0,554.0,820.0,835.0,799.0,812.0,800.0,783.0,796.0,808.0,808.0,800.0,1000.0,984.0,980.0,997.0,1009.0,993.0,997.0,982.0,985.0,989.0,1102.0,1092.0,1094.0,1111.0,1142.0,1100.0,1118.0,1100.0,1110.0,1117.0,1197.0,1214.0,1228.0,1198.0,1213.0,1188.0,1214.0,1203.0,1184.0,1201.0,1287.0,1278.0,1281.0,1254.0,1260.0,1247.0,1261.0,1278.0,1273.0,1252.0,1347.0,1349.0,1331.0,1327.0,1329.0,1304.0,1337.0,1324.0,1331.0,1335.0,1380.0,1378.0,1387.0,1394.0,1375.0,1406.0,1377.0,1391.0,1371.0,1371.0,1413.0,1434.0,1417.0,1412.0,1436.0,1433.0,1422.0,1446.0,1449.0,1432.0,TRANSITION,9,21,F1,Swab
Sample-6-1512F3_SRR12486762,1.0,1.0,1.0,1.0,1.0,1.0,1.0,1.0,1.0,1.0,364.0,354.0,379.0,351.0,360.0,365.0,361.0,358.0,358.0,372.0,485.0,476.0,483.0,495.0,478.0,469.0,469.0,480.0,481.0,478.0,550.0,586.0,566.0,557.0,566.0,567.0,560.0,559.0,560.0,563.0,634.0,630.0,632.0,628.0,636.0,601.0,626.0,625.0,628.0,621.0,673.0,659.0,658.0,658.0,677.0,666.0,660.0,656.0,670.0,666.0,683.0,687.0,692.0,686.0,684.0,673.0,690.0,696.0,680.0,676.0,721.0,717.0,722.0,710.0,721.0,706.0,715.0,719.0,700.0,711.0,734.0,740.0,728.0,732.0,727.0,756.0,733.0,726.0,723.0,723.0,733.0,748.0,751.0,735.0,754.0,750.0,744.0,744.0,755.0,756.0,A_HEALTHY,12,15,F3,Swab
Sample-6-1512F3_SRR12514767,1.0,1.0,1.0,1.0,1.0,1.0,1.0,1.0,1.0,1.0,398.0,413.0,382.0,399.0,397.0,385.0,376.0,396.0,395.0,405.0,570.0,562.0,559.0,580.0,562.0,569.0,576.0,560.0,554.0,559.0,686.0,711.0,690.0,685.0,692.0,679.0,676.0,678.0,681.0,690.0,807.0,780.0,784.0,794.0,782.0,798.0,783.0,790.0,795.0,774.0,834.0,859.0,868.0,860.0,833.0,845.0,847.0,843.0,860.0,860.0,917.0,893.0,904.0,947.0,913.0,900.0,875.0,891.0,910.0,869.0,965.0,967.0,960.0,942.0,948.0,966.0,971.0,960.0,955.0,942.0,1005.0,982.0,1002.0,1010.0,1016.0,977.0,982.0,995.0,1003.0,987.0,1016.0,1022.0,1022.0,1016.0,1051.0,1025.0,1016.0,1026.0,1033.0,1011.0,A_HEALTHY,12,15,F3,Swab
Sample-62-2212F3_SRR12486761,1.0,1.0,1.0,1.0,1.0,1.0,1.0,1.0,1.0,1.0,230.0,244.0,255.0,249.0,275.0,234.0,250.0,260.0,258.0,254.0,333.0,325.0,323.0,334.0,326.0,335.0,332.0,332.0,336.0,339.0,369.0,369.0,375.0,359.0,373.0,357.0,369.0,366.0,360.0,367.0,389.0,383.0,392.0,391.0,397.0,398.0,394.0,388.0,389.0,391.0,408.0,412.0,406.0,418.0,406.0,408.0,408.0,400.0,405.0,416.0,413.0,426.0,424.0,426.0,422.0,415.0,407.0,423.0,421.0,412.0,427.0,428.0,431.0,425.0,424.0,426.0,427.0,427.0,428.0,425.0,436.0,426.0,431.0,432.0,434.0,432.0,428.0,433.0,433.0,430.0,437.0,437.0,436.0,435.0,437.0,437.0,438.0,435.0,438.0,434.0,C_ID,12,22,F3,Swab
Sample-62-2212F3_SRR12514766,1.0,1.0,1.0,1.0,1.0,1.0,1.0,1.0,1.0,1.0,285.0,285.0,286.0,272.0,280.0,287.0,256.0,295.0,301.0,288.0,406.0,405.0,411.0,404.0,402.0,391.0,392.0,404.0,386.0,397.0,474.0,465.0,455.0,465.0,475.0,466.0,492.0,446.0,473.0,458.0,515.0,510.0,515.0,505.0,504.0,503.0,514.0,507.0,507.0,504.0,523.0,542.0,541.0,539.0,538.0,545.0,543.0,559.0,534.0,550.0,548.0,575.0,571.0,567.0,569.0,588.0,561.0,553.0,556.0,580.0,589.0,590.0,604.0,598.0,587.0,596.0,585.0,600.0,583.0,594.0,592.0,601.0,610.0,599.0,607.0,619.0,607.0,604.0,606.0,594.0,620.0,611.0,617.0,611.0,611.0,622.0,627.0,628.0,635.0,604.0,C_ID,12,22,F3,Swab
Sample-66-2312F3_SRR12486760,1.0,1.0,1.0,1.0,1.0,1.0,1.0,1.0,1.0,1.0,436.0,448.0,436.0,450.0,447.0,456.0,441.0,458.0,439.0,451.0,621.0,629.0,628.0,616.0,618.0,634.0,626.0,626.0,613.0,634.0,733.0,720.0,737.0,714.0,745.0,725.0,736.0,720.0,725.0,726.0,796.0,798.0,818.0,795.0,805.0,812.0,784.0,792.0,809.0,814.0,849.0,829.0,844.0,872.0,846.0,829.0,841.0,840.0,842.0,853.0,904.0,886.0,895.0,903.0,902.0,868.0,895.0,893.0,896.0,906.0,924.0,939.0,927.0,917.0,925.0,920.0,925.0,932.0,912.0,918.0,946.0,940.0,951.0,951.0,965.0,935.0,942.0,946.0,940.0,944.0,975.0,979.0,960.0,965.0,971.0,961.0,968.0,981.0,980.0,975.0,TRANSITION,12,23,F3,Swab
Sample-66-2312F3_SRR12514765,1.0,1.0,1.0,1.0,1.0,1.0,1.0,1.0,1.0,1.0,497.0,494.0,486.0,476.0,462.0,468.0,472.0,481.0,467.0,488.0,710.0,723.0,695.0,694.0,707.0,709.0,678.0,696.0,693.0,678.0,876.0,843.0,839.0,870.0,852.0,844.0,846.0,835.0,856.0,860.0,989.0,998.0,941.0,942.0,949.0,961.0,958.0,946.0,939.0,982.0,1078.0,1050.0,1050.0,1023.0,1042.0,1043.0,1043.0,1051.0,1065.0,1069.0,1120.0,1132.0,1099.0,1098.0,1116.0,1097.0,1108.0,1106.0,1132.0,1135.0,1163.0,1185.0,1169.0,1156.0,1181.0,1209.0,1169.0,1189.0,1168.0,1180.0,1224.0,1190.0,1198.0,1235.0,1209.0,1212.0,1201.0,1211.0,1243.0,1237.0,1224.0,1257.0,1240.0,1254.0,1253.0,1252.0,1251.0,1265.0,1263.0,1270.0,TRANSITION,12,23,F3,Swab
Sample-69-2314F3_SRR12486759,1.0,1.0,1.0,1.0,1.0,1.0,1.0,1.0,1.0,1.0,333.0,321.0,325.0,343.0,310.0,318.0,331.0,311.0,316.0,335.0,443.0,422.0,430.0,442.0,437.0,428.0,436.0,444.0,427.0,431.0,494.0,510.0,501.0,502.0,486.0,515.0,477.0,486.0,491.0,490.0,527.0,522.0,537.0,537.0,522.0,537.0,529.0,535.0,530.0,535.0,554.0,553.0,556.0,555.0,571.0,563.0,546.0,556.0,563.0,547.0,564.0,566.0,581.0,577.0,576.0,568.0,566.0,574.0,578.0,573.0,574.0,583.0,580.0,579.0,593.0,591.0,596.0,591.0,584.0,578.0,593.0,597.0,598.0,597.0,592.0,595.0,595.0,591.0,592.0,598.0,609.0,605.0,600.0,602.0,599.0,609.0,604.0,598.0,606.0,601.0,C_ID,14,23,F3,Swab
Sample-69-2314F3_SRR12514764,1.0,1.0,1.0,1.0,1.0,1.0,1.0,1.0,1.0,1.0,390.0,388.0,351.0,385.0,355.0,373.0,395.0,386.0,380.0,389.0,521.0,566.0,533.0,523.0,541.0,558.0,546.0,526.0,518.0,528.0,634.0,620.0,637.0,590.0,645.0,633.0,634.0,635.0,605.0,635.0,713.0,698.0,689.0,698.0,703.0,690.0,710.0,693.0,717.0,682.0,740.0,763.0,744.0,742.0,762.0,757.0,741.0,739.0,754.0,744.0,783.0,782.0,785.0,791.0,776.0,777.0,792.0,790.0,786.0,787.0,797.0,825.0,831.0,828.0,824.0,825.0,825.0,804.0,804.0,822.0,830.0,826.0,857.0,838.0,853.0,837.0,848.0,843.0,843.0,850.0,854.0,848.0,857.0,858.0,866.0,869.0,847.0,863.0,863.0,855.0,C_ID,14,23,F3,Swab
Sample-71-232F2_SRR12486757,1.0,1.0,1.0,1.0,1.0,1.0,1.0,1.0,1.0,1.0,343.0,338.0,346.0,353.0,329.0,358.0,326.0,352.0,348.0,353.0,493.0,486.0,496.0,488.0,491.0,493.0,487.0,481.0,510.0,495.0,580.0,580.0,578.0,563.0,576.0,591.0,561.0,578.0,575.0,577.0,627.0,613.0,637.0,642.0,634.0,661.0,636.0,632.0,639.0,648.0,672.0,685.0,669.0,684.0,686.0,680.0,667.0,669.0,695.0,675.0,710.0,710.0,726.0,707.0,706.0,723.0,717.0,705.0,721.0,706.0,740.0,752.0,755.0,744.0,736.0,744.0,740.0,746.0,753.0,745.0,744.0,766.0,752.0,769.0,770.0,762.0,762.0,761.0,762.0,783.0,778.0,782.0,800.0,787.0,773.0,788.0,784.0,801.0,800.0,793.0,C_ID,2,23,F2,Swab
Sample-71-232F2_SRR12514762,1.0,1.0,1.0,1.0,1.0,1.0,1.0,1.0,1.0,1.0,375.0,378.0,367.0,332.0,350.0,356.0,368.0,376.0,385.0,357.0,549.0,533.0,534.0,549.0,552.0,546.0,527.0,532.0,547.0,527.0,651.0,647.0,667.0,650.0,662.0,658.0,656.0,655.0,664.0,620.0,729.0,740.0,744.0,744.0,747.0,741.0,729.0,711.0,756.0,769.0,841.0,833.0,807.0,841.0,833.0,810.0,844.0,825.0,824.0,831.0,900.0,876.0,876.0,884.0,888.0,884.0,849.0,886.0,860.0,863.0,923.0,948.0,944.0,939.0,918.0,945.0,920.0,945.0,916.0,916.0,969.0,975.0,950.0,986.0,961.0,958.0,962.0,963.0,986.0,968.0,1017.0,1022.0,987.0,998.0,1015.0,1051.0,1021.0,1012.0,1002.0,1022.0,C_ID,2,23,F2,Swab
Sample-73-235F2_SRR12486756,1.0,1.0,1.0,1.0,1.0,1.0,1.0,1.0,1.0,1.0,323.0,318.0,317.0,328.0,333.0,302.0,311.0,328.0,306.0,317.0,425.0,438.0,406.0,418.0,424.0,418.0,427.0,409.0,421.0,413.0,474.0,456.0,477.0,477.0,467.0,481.0,455.0,485.0,471.0,463.0,510.0,514.0,497.0,501.0,493.0,501.0,502.0,483.0,505.0,503.0,526.0,518.0,518.0,514.0,519.0,502.0,520.0,512.0,528.0,516.0,537.0,530.0,528.0,537.0,536.0,535.0,532.0,537.0,540.0,540.0,546.0,542.0,541.0,547.0,544.0,542.0,545.0,536.0,542.0,547.0,557.0,543.0,549.0,549.0,550.0,548.0,549.0,554.0,551.0,546.0,554.0,557.0,560.0,560.0,553.0,556.0,562.0,559.0,558.0,559.0,TRANSITION,5,23,F2,Swab
Sample-73-235F2_SRR12514761,1.0,1.0,1.0,1.0,1.0,1.0,1.0,1.0,1.0,1.0,366.0,371.0,382.0,365.0,371.0,359.0,373.0,380.0,380.0,368.0,501.0,521.0,515.0,508.0,513.0,513.0,524.0,503.0,512.0,503.0,605.0,585.0,607.0,607.0,615.0,599.0,600.0,605.0,606.0,585.0,673.0,670.0,688.0,655.0,667.0,662.0,668.0,654.0,679.0,667.0,728.0,714.0,705.0,726.0,687.0,723.0,712.0,720.0,715.0,729.0,755.0,732.0,737.0,736.0,756.0,750.0,732.0,741.0,760.0,746.0,782.0,777.0,777.0,780.0,768.0,784.0,773.0,783.0,769.0,772.0,805.0,792.0,788.0,796.0,787.0,795.0,791.0,796.0,804.0,804.0,804.0,797.0,807.0,805.0,823.0,814.0,810.0,817.0,802.0,817.0,TRANSITION,5,23,F2,Swab
Sample-74-238F3_SRR12486755,1.0,1.0,1.0,1.0,1.0,1.0,1.0,1.0,1.0,1.0,306.0,321.0,289.0,300.0,303.0,306.0,303.0,314.0,302.0,297.0,403.0,392.0,398.0,393.0,389.0,383.0,406.0,395.0,394.0,401.0,437.0,436.0,448.0,443.0,438.0,439.0,445.0,430.0,448.0,446.0,464.0,465.0,459.0,470.0,474.0,456.0,470.0,468.0,476.0,467.0,483.0,484.0,484.0,481.0,486.0,478.0,488.0,470.0,476.0,483.0,493.0,488.0,490.0,495.0,491.0,486.0,489.0,496.0,489.0,495.0,498.0,498.0,494.0,493.0,496.0,493.0,502.0,505.0,499.0,506.0,503.0,502.0,504.0,507.0,500.0,506.0,504.0,503.0,508.0,506.0,505.0,503.0,510.0,509.0,506.0,504.0,505.0,508.0,507.0,507.0,TRANSITION,8,23,F3,Swab
Sample-74-238F3_SRR12514760,1.0,1.0,1.0,1.0,1.0,1.0,1.0,1.0,1.0,1.0,380.0,367.0,342.0,372.0,364.0,363.0,345.0,367.0,357.0,370.0,504.0,498.0,488.0,495.0,488.0,481.0,500.0,496.0,517.0,472.0,581.0,567.0,589.0,591.0,599.0,576.0,579.0,579.0,562.0,572.0,629.0,625.0,626.0,633.0,638.0,633.0,631.0,637.0,643.0,642.0,674.0,687.0,692.0,671.0,670.0,669.0,672.0,667.0,674.0,674.0,702.0,700.0,707.0,717.0,697.0,689.0,703.0,713.0,693.0,704.0,727.0,733.0,724.0,735.0,730.0,719.0,728.0,716.0,723.0,728.0,744.0,752.0,744.0,733.0,749.0,745.0,745.0,741.0,739.0,754.0,756.0,759.0,758.0,769.0,759.0,768.0,767.0,763.0,765.0,765.0,TRANSITION,8,23,F3,Swab
Sample-75-239F1_SRR12486754,1.0,1.0,1.0,1.0,1.0,1.0,1.0,1.0,1.0,1.0,403.0,398.0,415.0,409.0,392.0,404.0,421.0,419.0,419.0,393.0,558.0,547.0,546.0,550.0,547.0,536.0,573.0,544.0,541.0,545.0,627.0,625.0,615.0,621.0,621.0,628.0,625.0,647.0,630.0,614.0,674.0,669.0,664.0,677.0,678.0,661.0,672.0,656.0,689.0,663.0,697.0,705.0,714.0,705.0,702.0,700.0,704.0,688.0,702.0,707.0,724.0,724.0,734.0,728.0,713.0,736.0,726.0,737.0,725.0,729.0,740.0,759.0,744.0,744.0,726.0,746.0,734.0,739.0,744.0,739.0,762.0,754.0,746.0,754.0,763.0,753.0,758.0,751.0,766.0,752.0,756.0,760.0,771.0,760.0,765.0,765.0,768.0,764.0,772.0,775.0,TRANSITION,9,23,F1,Swab
Sample-75-239F1_SRR12514759,1.0,1.0,1.0,1.0,1.0,1.0,1.0,1.0,1.0,1.0,474.0,466.0,446.0,464.0,480.0,463.0,460.0,477.0,477.0,451.0,659.0,664.0,678.0,660.0,667.0,661.0,652.0,676.0,684.0,683.0,810.0,780.0,794.0,795.0,786.0,773.0,793.0,798.0,803.0,836.0,858.0,888.0,885.0,900.0,897.0,882.0,874.0,889.0,887.0,880.0,952.0,941.0,959.0,945.0,966.0,961.0,940.0,969.0,938.0,938.0,1011.0,1011.0,1004.0,1006.0,1002.0,986.0,998.0,1000.0,1010.0,1001.0,1044.0,1038.0,1050.0,1052.0,1027.0,1047.0,1045.0,1033.0,1058.0,1027.0,1063.0,1078.0,1072.0,1069.0,1084.0,1062.0,1073.0,1065.0,1074.0,1076.0,1101.0,1120.0,1108.0,1110.0,1103.0,1112.0,1087.0,1106.0,1105.0,1088.0,TRANSITION,9,23,F1,Swab
Sample-78-2414F3_SRR12486753,1.0,1.0,1.0,1.0,1.0,1.0,1.0,1.0,1.0,1.0,420.0,415.0,419.0,396.0,418.0,425.0,426.0,415.0,413.0,409.0,571.0,593.0,574.0,579.0,579.0,562.0,555.0,557.0,571.0,568.0,659.0,647.0,666.0,646.0,665.0,665.0,651.0,665.0,669.0,651.0,718.0,718.0,725.0,720.0,711.0,705.0,732.0,700.0,709.0,719.0,757.0,773.0,775.0,759.0,750.0,759.0,757.0,756.0,762.0,762.0,794.0,792.0,787.0,791.0,786.0,791.0,798.0,796.0,785.0,787.0,815.0,822.0,811.0,815.0,800.0,811.0,794.0,820.0,816.0,810.0,815.0,832.0,822.0,833.0,827.0,824.0,832.0,830.0,830.0,833.0,855.0,839.0,848.0,842.0,843.0,838.0,840.0,842.0,837.0,847.0,C_ID,14,24,F3,Swab
Sample-78-2414F3_SRR12514758,1.0,1.0,1.0,1.0,1.0,1.0,1.0,1.0,1.0,1.0,452.0,440.0,459.0,446.0,458.0,443.0,462.0,453.0,457.0,450.0,654.0,659.0,693.0,667.0,669.0,653.0,645.0,671.0,679.0,659.0,789.0,794.0,813.0,791.0,770.0,783.0,783.0,808.0,810.0,807.0,909.0,894.0,906.0,897.0,887.0,878.0,918.0,908.0,904.0,875.0,968.0,958.0,969.0,965.0,966.0,962.0,972.0,959.0,972.0,985.0,1014.0,1029.0,1032.0,1029.0,1013.0,1037.0,1003.0,1022.0,1032.0,1019.0,1069.0,1060.0,1065.0,1056.0,1060.0,1095.0,1052.0,1062.0,1061.0,1059.0,1094.0,1102.0,1109.0,1123.0,1104.0,1094.0,1103.0,1110.0,1106.0,1119.0,1139.0,1124.0,1151.0,1154.0,1133.0,1130.0,1139.0,1147.0,1143.0,1132.0,C_ID,14,24,F3,Swab
Sample-79-242F2_SRR12486752,1.0,1.0,1.0,1.0,1.0,1.0,1.0,1.0,1.0,1.0,271.0,268.0,268.0,279.0,282.0,275.0,266.0,269.0,266.0,263.0,351.0,346.0,357.0,346.0,360.0,347.0,351.0,358.0,357.0,351.0,403.0,390.0,404.0,404.0,404.0,393.0,405.0,382.0,387.0,388.0,429.0,444.0,431.0,427.0,423.0,432.0,427.0,433.0,431.0,442.0,449.0,441.0,461.0,452.0,462.0,464.0,447.0,460.0,448.0,457.0,478.0,482.0,470.0,463.0,468.0,469.0,478.0,480.0,471.0,482.0,475.0,480.0,484.0,491.0,490.0,482.0,492.0,494.0,489.0,490.0,496.0,490.0,494.0,493.0,489.0,491.0,492.0,499.0,487.0,505.0,489.0,507.0,494.0,501.0,497.0,498.0,500.0,501.0,500.0,495.0,C_ID,2,24,F2,Swab
Sample-79-242F2_SRR12514757,1.0,1.0,1.0,1.0,1.0,1.0,1.0,1.0,1.0,1.0,296.0,283.0,287.0,305.0,290.0,291.0,277.0,279.0,300.0,306.0,411.0,402.0,409.0,397.0,408.0,404.0,393.0,387.0,413.0,408.0,462.0,503.0,509.0,495.0,471.0,498.0,481.0,474.0,486.0,480.0,543.0,528.0,527.0,522.0,524.0,530.0,526.0,538.0,531.0,550.0,575.0,582.0,562.0,590.0,586.0,566.0,576.0,582.0,583.0,559.0,619.0,600.0,604.0,618.0,604.0,614.0,617.0,608.0,603.0,628.0,631.0,638.0,637.0,650.0,630.0,640.0,626.0,636.0,633.0,641.0,655.0,667.0,667.0,663.0,657.0,666.0,659.0,646.0,688.0,664.0,678.0,669.0,682.0,676.0,687.0,693.0,686.0,682.0,662.0,687.0,C_ID,2,24,F2,Swab
Sample-80-249F1_SRR12486751,1.0,1.0,1.0,1.0,1.0,1.0,1.0,1.0,1.0,1.0,117.0,124.0,127.0,113.0,117.0,117.0,118.0,123.0,123.0,121.0,147.0,143.0,135.0,144.0,140.0,139.0,138.0,137.0,135.0,134.0,154.0,152.0,154.0,155.0,152.0,151.0,147.0,146.0,155.0,142.0,159.0,159.0,159.0,166.0,163.0,157.0,159.0,160.0,158.0,158.0,165.0,163.0,163.0,162.0,160.0,162.0,160.0,164.0,168.0,159.0,166.0,165.0,169.0,168.0,168.0,166.0,167.0,165.0,166.0,164.0,168.0,172.0,168.0,169.0,168.0,169.0,171.0,168.0,169.0,169.0,174.0,166.0,172.0,171.0,172.0,173.0,170.0,168.0,169.0,168.0,174.0,172.0,173.0,170.0,171.0,172.0,174.0,173.0,173.0,170.0,C_ID,9,24,F1,Swab
Sample-80-249F1_SRR12514756,1.0,1.0,1.0,1.0,1.0,1.0,1.0,1.0,1.0,1.0,126.0,135.0,131.0,136.0,131.0,139.0,128.0,128.0,130.0,135.0,156.0,155.0,160.0,153.0,151.0,152.0,163.0,152.0,156.0,160.0,161.0,157.0,176.0,169.0,161.0,172.0,172.0,177.0,163.0,170.0,184.0,182.0,178.0,180.0,189.0,191.0,189.0,189.0,187.0,185.0,195.0,194.0,201.0,196.0,190.0,200.0,199.0,188.0,189.0,195.0,194.0,199.0,197.0,198.0,199.0,205.0,190.0,206.0,204.0,209.0,214.0,211.0,206.0,203.0,214.0,208.0,209.0,213.0,215.0,212.0,203.0,213.0,214.0,215.0,206.0,217.0,209.0,212.0,218.0,217.0,215.0,215.0,216.0,217.0,215.0,217.0,226.0,215.0,221.0,218.0,C_ID,9,24,F1,Swab
Sample-86-2512F3_SRR12486750,1.0,1.0,1.0,1.0,1.0,1.0,1.0,1.0,1.0,1.0,228.0,228.0,229.0,230.0,219.0,236.0,225.0,217.0,236.0,225.0,276.0,275.0,295.0,287.0,291.0,283.0,287.0,287.0,292.0,283.0,312.0,303.0,320.0,308.0,320.0,308.0,321.0,317.0,318.0,315.0,343.0,333.0,331.0,332.0,333.0,337.0,342.0,331.0,333.0,346.0,342.0,358.0,351.0,348.0,357.0,343.0,352.0,354.0,349.0,353.0,349.0,360.0,359.0,360.0,360.0,359.0,360.0,356.0,358.0,356.0,359.0,362.0,361.0,362.0,360.0,363.0,364.0,366.0,363.0,362.0,364.0,367.0,369.0,368.0,364.0,366.0,366.0,360.0,369.0,368.0,366.0,368.0,368.0,371.0,375.0,369.0,372.0,373.0,373.0,371.0,C_ID,12,25,F3,Swab
Sample-86-2512F3_SRR12514755,1.0,1.0,1.0,1.0,1.0,1.0,1.0,1.0,1.0,1.0,250.0,253.0,263.0,258.0,249.0,259.0,267.0,266.0,273.0,271.0,346.0,354.0,343.0,358.0,344.0,357.0,357.0,353.0,362.0,350.0,410.0,403.0,428.0,416.0,416.0,398.0,406.0,429.0,432.0,400.0,459.0,448.0,460.0,444.0,454.0,452.0,459.0,445.0,442.0,446.0,470.0,492.0,480.0,463.0,485.0,479.0,465.0,463.0,483.0,482.0,500.0,513.0,504.0,498.0,503.0,499.0,504.0,496.0,495.0,496.0,525.0,511.0,513.0,530.0,523.0,514.0,531.0,523.0,522.0,510.0,525.0,531.0,522.0,534.0,525.0,529.0,523.0,526.0,541.0,521.0,540.0,548.0,544.0,535.0,546.0,540.0,540.0,545.0,543.0,538.0,C_ID,12,25,F3,Swab
Sample-89-2514F3_SRR12486749,1.0,1.0,1.0,1.0,1.0,1.0,1.0,1.0,1.0,1.0,412.0,431.0,420.0,403.0,426.0,416.0,426.0,427.0,433.0,415.0,610.0,586.0,603.0,632.0,597.0,593.0,615.0,601.0,602.0,603.0,733.0,720.0,704.0,714.0,714.0,720.0,715.0,693.0,731.0,715.0,787.0,799.0,804.0,813.0,791.0,805.0,789.0,796.0,800.0,790.0,845.0,855.0,880.0,861.0,851.0,846.0,860.0,864.0,843.0,865.0,907.0,909.0,889.0,885.0,891.0,890.0,917.0,915.0,902.0,895.0,936.0,925.0,935.0,933.0,931.0,953.0,950.0,941.0,940.0,947.0,966.0,952.0,970.0,975.0,972.0,960.0,956.0,958.0,973.0,973.0,995.0,993.0,989.0,985.0,997.0,1007.0,993.0,1002.0,980.0,1006.0,C_ID,14,25,F3,Swab
Sample-89-2514F3_SRR12514754,1.0,1.0,1.0,1.0,1.0,1.0,1.0,1.0,1.0,1.0,435.0,472.0,444.0,452.0,441.0,456.0,458.0,461.0,437.0,450.0,670.0,674.0,671.0,656.0,682.0,668.0,659.0,635.0,672.0,666.0,822.0,821.0,805.0,838.0,842.0,813.0,842.0,860.0,835.0,811.0,959.0,951.0,955.0,926.0,946.0,954.0,971.0,948.0,956.0,955.0,1018.0,1032.0,1062.0,1028.0,1045.0,1039.0,1039.0,1058.0,1051.0,1059.0,1119.0,1108.0,1115.0,1128.0,1126.0,1124.0,1130.0,1141.0,1124.0,1125.0,1191.0,1198.0,1183.0,1182.0,1166.0,1168.0,1191.0,1189.0,1198.0,1173.0,1246.0,1247.0,1221.0,1263.0,1246.0,1243.0,1237.0,1246.0,1254.0,1240.0,1289.0,1294.0,1306.0,1297.0,1293.0,1300.0,1304.0,1296.0,1310.0,1302.0,C_ID,14,25,F3,Swab
Sample-9-1514F3_SRR12486748,1.0,1.0,1.0,1.0,1.0,1.0,1.0,1.0,1.0,1.0,374.0,348.0,340.0,366.0,389.0,367.0,365.0,360.0,366.0,349.0,506.0,504.0,516.0,517.0,491.0,509.0,528.0,529.0,532.0,505.0,618.0,597.0,580.0,582.0,610.0,573.0,586.0,586.0,586.0,588.0,638.0,641.0,626.0,643.0,642.0,642.0,643.0,651.0,637.0,630.0,685.0,697.0,679.0,677.0,690.0,682.0,692.0,688.0,688.0,664.0,716.0,708.0,712.0,706.0,711.0,710.0,711.0,702.0,712.0,708.0,718.0,715.0,725.0,728.0,726.0,719.0,730.0,731.0,729.0,740.0,735.0,740.0,730.0,743.0,731.0,751.0,747.0,743.0,731.0,739.0,752.0,754.0,757.0,759.0,757.0,755.0,755.0,748.0,752.0,763.0,A_HEALTHY,14,15,F3,Swab
Sample-9-1514F3_SRR12514753,1.0,1.0,1.0,1.0,1.0,1.0,1.0,1.0,1.0,1.0,403.0,400.0,418.0,416.0,414.0,407.0,423.0,419.0,422.0,416.0,602.0,613.0,604.0,599.0,587.0,573.0,611.0,581.0,594.0,592.0,720.0,722.0,749.0,728.0,743.0,709.0,719.0,723.0,734.0,690.0,802.0,832.0,827.0,806.0,810.0,830.0,823.0,811.0,783.0,808.0,870.0,881.0,875.0,885.0,858.0,863.0,868.0,888.0,872.0,886.0,939.0,948.0,954.0,929.0,945.0,933.0,932.0,939.0,928.0,941.0,990.0,973.0,971.0,987.0,957.0,989.0,983.0,988.0,967.0,989.0,1024.0,1000.0,1023.0,997.0,1000.0,1015.0,1011.0,1018.0,1018.0,1015.0,1042.0,1060.0,1035.0,1028.0,1043.0,1020.0,1041.0,1041.0,1050.0,1057.0,A_HEALTHY,14,15,F3,Swab
Sample-91-252F2_SRR12486746,1.0,1.0,1.0,1.0,1.0,1.0,1.0,1.0,1.0,1.0,395.0,396.0,402.0,389.0,409.0,418.0,398.0,397.0,418.0,400.0,599.0,589.0,615.0,604.0,585.0,601.0,597.0,567.0,574.0,595.0,714.0,696.0,691.0,697.0,698.0,700.0,696.0,702.0,717.0,707.0,767.0,772.0,761.0,775.0,785.0,780.0,773.0,784.0,763.0,784.0,843.0,828.0,835.0,816.0,870.0,824.0,851.0,848.0,844.0,836.0,869.0,885.0,875.0,894.0,873.0,892.0,891.0,874.0,881.0,861.0,923.0,926.0,917.0,913.0,928.0,907.0,923.0,921.0,915.0,920.0,932.0,941.0,940.0,940.0,964.0,955.0,926.0,957.0,948.0,945.0,957.0,967.0,970.0,967.0,964.0,977.0,972.0,998.0,966.0,974.0,C_ID,2,25,F2,Swab
Sample-91-252F2_SRR12514751,1.0,1.0,1.0,1.0,1.0,1.0,1.0,1.0,1.0,1.0,436.0,435.0,463.0,426.0,439.0,429.0,427.0,443.0,463.0,408.0,646.0,661.0,686.0,673.0,641.0,678.0,675.0,657.0,673.0,659.0,819.0,828.0,817.0,799.0,849.0,812.0,825.0,810.0,840.0,808.0,904.0,941.0,931.0,940.0,911.0,925.0,913.0,916.0,938.0,957.0,1021.0,1027.0,1046.0,1015.0,1013.0,1030.0,1027.0,1039.0,1034.0,1007.0,1131.0,1113.0,1101.0,1080.0,1066.0,1133.0,1086.0,1109.0,1128.0,1097.0,1154.0,1152.0,1163.0,1149.0,1171.0,1171.0,1168.0,1196.0,1152.0,1187.0,1227.0,1214.0,1200.0,1223.0,1226.0,1233.0,1200.0,1208.0,1216.0,1227.0,1273.0,1287.0,1302.0,1246.0,1272.0,1256.0,1258.0,1225.0,1277.0,1268.0,C_ID,2,25,F2,Swab
Sample-92-255F2_SRR12486745,1.0,1.0,1.0,1.0,1.0,1.0,1.0,1.0,1.0,1.0,323.0,317.0,326.0,333.0,322.0,330.0,307.0,325.0,326.0,317.0,418.0,406.0,410.0,409.0,411.0,406.0,428.0,409.0,409.0,420.0,455.0,471.0,481.0,463.0,475.0,450.0,468.0,460.0,470.0,459.0,497.0,485.0,489.0,494.0,505.0,489.0,488.0,484.0,497.0,489.0,519.0,524.0,525.0,518.0,522.0,526.0,521.0,523.0,510.0,517.0,531.0,538.0,542.0,535.0,519.0,543.0,526.0,529.0,526.0,532.0,554.0,543.0,551.0,540.0,543.0,547.0,545.0,543.0,545.0,546.0,555.0,549.0,547.0,548.0,550.0,543.0,548.0,552.0,547.0,554.0,550.0,561.0,558.0,558.0,561.0,554.0,562.0,561.0,549.0,559.0,C_ID,5,25,F2,Swab
Sample-92-255F2_SRR12514750,1.0,1.0,1.0,1.0,1.0,1.0,1.0,1.0,1.0,1.0,333.0,323.0,342.0,344.0,347.0,343.0,334.0,335.0,345.0,346.0,479.0,490.0,452.0,461.0,475.0,464.0,489.0,460.0,485.0,459.0,545.0,526.0,544.0,571.0,529.0,521.0,521.0,556.0,533.0,540.0,607.0,593.0,607.0,597.0,597.0,618.0,605.0,599.0,615.0,597.0,633.0,644.0,635.0,628.0,641.0,640.0,627.0,618.0,651.0,625.0,674.0,661.0,686.0,665.0,661.0,675.0,658.0,679.0,660.0,658.0,697.0,686.0,700.0,694.0,686.0,685.0,678.0,682.0,680.0,688.0,711.0,715.0,698.0,703.0,697.0,703.0,720.0,707.0,722.0,709.0,738.0,728.0,740.0,708.0,722.0,733.0,715.0,730.0,709.0,723.0,C_ID,5,25,F2,Swab
Sample-93-258F3_SRR12486744,1.0,1.0,1.0,1.0,1.0,1.0,1.0,1.0,1.0,1.0,211.0,207.0,209.0,215.0,211.0,219.0,212.0,219.0,212.0,220.0,255.0,257.0,246.0,259.0,266.0,262.0,258.0,263.0,261.0,261.0,279.0,279.0,280.0,283.0,281.0,280.0,285.0,276.0,272.0,284.0,288.0,294.0,289.0,291.0,295.0,293.0,289.0,292.0,293.0,287.0,296.0,296.0,293.0,296.0,298.0,301.0,292.0,300.0,298.0,296.0,301.0,302.0,303.0,301.0,301.0,302.0,300.0,299.0,302.0,300.0,302.0,303.0,302.0,302.0,303.0,303.0,303.0,303.0,302.0,302.0,303.0,303.0,303.0,303.0,303.0,303.0,303.0,303.0,303.0,303.0,,,,,,,,,,,C_ID,8,25,F3,Swab
Sample-93-258F3_SRR12514749,1.0,1.0,1.0,1.0,1.0,1.0,1.0,1.0,1.0,1.0,256.0,264.0,251.0,271.0,265.0,261.0,248.0,252.0,248.0,263.0,344.0,319.0,343.0,344.0,328.0,326.0,339.0,330.0,343.0,334.0,376.0,386.0,375.0,387.0,376.0,394.0,378.0,379.0,366.0,368.0,398.0,400.0,403.0,407.0,406.0,399.0,412.0,405.0,417.0,411.0,416.0,433.0,441.0,434.0,428.0,434.0,425.0,420.0,424.0,423.0,440.0,438.0,438.0,441.0,435.0,442.0,441.0,443.0,436.0,439.0,453.0,446.0,453.0,447.0,456.0,444.0,449.0,450.0,450.0,448.0,459.0,461.0,461.0,456.0,462.0,456.0,469.0,456.0,458.0,465.0,467.0,459.0,460.0,467.0,459.0,464.0,464.0,460.0,462.0,460.0,C_ID,8,25,F3,Swab
Sample-94-259F1_SRR12486743,1.0,1.0,1.0,1.0,1.0,1.0,1.0,1.0,1.0,1.0,392.0,419.0,402.0,409.0,407.0,405.0,395.0,392.0,394.0,411.0,586.0,584.0,588.0,581.0,571.0,593.0,577.0,558.0,582.0,573.0,699.0,734.0,695.0,694.0,716.0,705.0,695.0,695.0,708.0,729.0,820.0,811.0,794.0,755.0,799.0,786.0,795.0,801.0,775.0,799.0,862.0,899.0,874.0,864.0,878.0,884.0,878.0,867.0,881.0,873.0,925.0,935.0,939.0,922.0,908.0,954.0,933.0,903.0,912.0,903.0,963.0,969.0,997.0,965.0,986.0,971.0,967.0,983.0,972.0,975.0,1039.0,991.0,1031.0,1022.0,1002.0,1019.0,1036.0,1016.0,1031.0,1022.0,1050.0,1033.0,1058.0,1047.0,1054.0,1044.0,1074.0,1056.0,1053.0,1035.0,C_ID,9,25,F1,Swab
Sample-94-259F1_SRR12514748,1.0,1.0,1.0,1.0,1.0,1.0,1.0,1.0,1.0,1.0,376.0,395.0,431.0,433.0,395.0,422.0,406.0,414.0,441.0,415.0,591.0,651.0,615.0,635.0,636.0,650.0,635.0,616.0,636.0,643.0,770.0,822.0,788.0,773.0,807.0,805.0,825.0,806.0,779.0,791.0,911.0,913.0,901.0,930.0,940.0,897.0,923.0,910.0,894.0,928.0,1050.0,1033.0,1022.0,1008.0,1000.0,1013.0,1038.0,1001.0,1010.0,1026.0,1091.0,1079.0,1074.0,1104.0,1119.0,1137.0,1094.0,1115.0,1115.0,1089.0,1171.0,1187.0,1191.0,1186.0,1192.0,1191.0,1176.0,1152.0,1179.0,1154.0,1266.0,1261.0,1228.0,1269.0,1254.0,1240.0,1264.0,1243.0,1255.0,1250.0,1325.0,1310.0,1344.0,1334.0,1292.0,1278.0,1305.0,1310.0,1290.0,1330.0,C_ID,9,25,F1,Swab
Sample-95-B1_SRR12486740,1.0,1.0,1.0,1.0,1.0,1.0,1.0,1.0,1.0,1.0,416.0,410.0,436.0,426.0,394.0,379.0,388.0,398.0,398.0,397.0,580.0,582.0,599.0,569.0,595.0,586.0,593.0,595.0,556.0,586.0,707.0,711.0,707.0,691.0,701.0,697.0,703.0,701.0,689.0,728.0,799.0,792.0,796.0,799.0,804.0,825.0,805.0,800.0,817.0,787.0,881.0,867.0,875.0,863.0,883.0,869.0,885.0,870.0,864.0,892.0,937.0,937.0,954.0,926.0,921.0,901.0,927.0,959.0,946.0,941.0,999.0,1006.0,987.0,998.0,990.0,987.0,976.0,986.0,985.0,997.0,1014.0,1001.0,1045.0,1020.0,1034.0,1017.0,1031.0,998.0,1036.0,1004.0,1066.0,1048.0,1069.0,1051.0,1050.0,1052.0,1063.0,1052.0,1066.0,1064.0,TRANSITION,2,21,F2,Swab
Sample-95-B1_SRR12514745,1.0,1.0,1.0,1.0,1.0,1.0,1.0,1.0,1.0,1.0,393.0,395.0,407.0,402.0,422.0,384.0,405.0,423.0,420.0,395.0,583.0,574.0,553.0,587.0,579.0,594.0,586.0,599.0,583.0,574.0,697.0,723.0,695.0,703.0,702.0,688.0,712.0,713.0,717.0,692.0,790.0,793.0,814.0,824.0,809.0,803.0,767.0,813.0,795.0,801.0,892.0,884.0,846.0,894.0,885.0,876.0,875.0,895.0,870.0,868.0,961.0,936.0,924.0,942.0,934.0,905.0,947.0,925.0,944.0,915.0,972.0,996.0,995.0,991.0,972.0,984.0,995.0,994.0,975.0,984.0,1022.0,1009.0,1017.0,1003.0,1017.0,1029.0,1045.0,1035.0,1036.0,1029.0,1049.0,1059.0,1068.0,1055.0,1052.0,1057.0,1070.0,1084.0,1069.0,1083.0,TRANSITION,2,21,F2,Swab
Sample-96-B2_SRR12486684,1.0,1.0,1.0,1.0,1.0,1.0,1.0,1.0,1.0,1.0,377.0,355.0,383.0,346.0,369.0,371.0,375.0,367.0,372.0,366.0,537.0,580.0,534.0,544.0,558.0,539.0,536.0,558.0,543.0,538.0,659.0,632.0,652.0,634.0,651.0,650.0,654.0,640.0,637.0,649.0,750.0,732.0,753.0,730.0,729.0,732.0,739.0,720.0,737.0,744.0,840.0,801.0,826.0,835.0,831.0,825.0,786.0,812.0,831.0,804.0,855.0,873.0,892.0,884.0,860.0,872.0,886.0,885.0,839.0,901.0,925.0,911.0,904.0,903.0,934.0,894.0,909.0,895.0,922.0,942.0,934.0,956.0,960.0,936.0,920.0,964.0,962.0,959.0,963.0,959.0,1002.0,995.0,1013.0,982.0,993.0,997.0,988.0,991.0,990.0,987.0,E_CODD,2,29,F2,Swab
Sample-96-B2_SRR12514689,1.0,1.0,1.0,1.0,1.0,1.0,1.0,1.0,1.0,1.0,376.0,367.0,356.0,371.0,365.0,352.0,376.0,372.0,364.0,368.0,539.0,538.0,554.0,557.0,537.0,528.0,523.0,516.0,552.0,514.0,648.0,627.0,628.0,631.0,673.0,663.0,683.0,652.0,650.0,671.0,752.0,746.0,739.0,743.0,726.0,737.0,743.0,733.0,749.0,758.0,823.0,831.0,817.0,811.0,817.0,814.0,798.0,803.0,819.0,806.0,866.0,868.0,888.0,864.0,865.0,852.0,870.0,876.0,888.0,857.0,922.0,912.0,930.0,915.0,899.0,912.0,903.0,908.0,900.0,922.0,968.0,957.0,929.0,946.0,929.0,944.0,977.0,959.0,957.0,945.0,1006.0,994.0,982.0,1004.0,990.0,989.0,989.0,997.0,1004.0,1012.0,E_CODD,2,29,F2,Swab
Sample-97-2612F3_SRR12486742,1.0,1.0,1.0,1.0,1.0,1.0,1.0,1.0,1.0,1.0,176.0,174.0,185.0,177.0,177.0,176.0,191.0,168.0,166.0,180.0,224.0,218.0,221.0,219.0,216.0,221.0,228.0,226.0,224.0,217.0,248.0,251.0,245.0,251.0,250.0,247.0,243.0,249.0,242.0,250.0,256.0,256.0,253.0,254.0,273.0,262.0,262.0,267.0,266.0,273.0,275.0,277.0,275.0,276.0,282.0,278.0,273.0,274.0,279.0,280.0,287.0,286.0,287.0,287.0,284.0,288.0,285.0,285.0,286.0,290.0,296.0,295.0,296.0,294.0,288.0,286.0,285.0,296.0,309.0,293.0,299.0,302.0,298.0,297.0,306.0,296.0,306.0,304.0,307.0,300.0,300.0,307.0,308.0,298.0,308.0,306.0,312.0,302.0,304.0,306.0,C_ID,12,26,F3,Swab
Sample-97-2612F3_SRR12514747,1.0,1.0,1.0,1.0,1.0,1.0,1.0,1.0,1.0,1.0,160.0,183.0,173.0,185.0,180.0,181.0,186.0,176.0,178.0,171.0,256.0,244.0,253.0,227.0,235.0,243.0,235.0,247.0,241.0,249.0,277.0,276.0,286.0,282.0,285.0,273.0,281.0,274.0,275.0,260.0,303.0,299.0,304.0,309.0,306.0,302.0,306.0,295.0,299.0,298.0,324.0,316.0,327.0,324.0,323.0,307.0,323.0,314.0,331.0,326.0,336.0,355.0,334.0,338.0,338.0,352.0,354.0,344.0,352.0,342.0,345.0,350.0,341.0,359.0,360.0,358.0,367.0,355.0,360.0,356.0,380.0,372.0,366.0,375.0,373.0,377.0,374.0,368.0,376.0,367.0,377.0,378.0,375.0,374.0,390.0,384.0,380.0,378.0,380.0,386.0,C_ID,12,26,F3,Swab
Sample-97-B3_SRR12486683,1.0,1.0,1.0,1.0,1.0,1.0,1.0,1.0,1.0,1.0,167.0,166.0,156.0,153.0,162.0,167.0,154.0,160.0,154.0,151.0,209.0,212.0,209.0,203.0,212.0,207.0,204.0,202.0,213.0,208.0,248.0,249.0,246.0,242.0,226.0,220.0,249.0,245.0,239.0,243.0,275.0,261.0,274.0,263.0,262.0,259.0,254.0,266.0,267.0,246.0,292.0,278.0,288.0,291.0,283.0,283.0,274.0,277.0,285.0,290.0,312.0,287.0,308.0,303.0,304.0,297.0,298.0,297.0,299.0,305.0,306.0,311.0,323.0,325.0,323.0,303.0,318.0,304.0,302.0,312.0,319.0,326.0,319.0,316.0,317.0,331.0,329.0,335.0,338.0,330.0,341.0,327.0,341.0,341.0,337.0,334.0,317.0,323.0,323.0,327.0,E_CODD,2,33,F2,Swab
Sample-97-B3_SRR12514688,1.0,1.0,1.0,1.0,1.0,1.0,1.0,1.0,1.0,1.0,154.0,145.0,164.0,153.0,165.0,163.0,154.0,161.0,162.0,155.0,202.0,206.0,221.0,219.0,204.0,223.0,205.0,211.0,214.0,203.0,230.0,236.0,239.0,241.0,239.0,249.0,243.0,253.0,247.0,246.0,267.0,271.0,262.0,278.0,273.0,255.0,265.0,257.0,253.0,282.0,274.0,279.0,292.0,276.0,283.0,274.0,297.0,281.0,285.0,281.0,292.0,301.0,307.0,305.0,299.0,288.0,308.0,307.0,292.0,292.0,311.0,327.0,310.0,320.0,319.0,317.0,307.0,305.0,307.0,324.0,311.0,325.0,327.0,323.0,333.0,323.0,318.0,325.0,330.0,325.0,323.0,332.0,345.0,340.0,329.0,338.0,330.0,337.0,337.0,331.0,E_CODD,2,33,F2,Swab
Sample-98-262F2_SRR12486741,1.0,1.0,1.0,1.0,1.0,1.0,1.0,1.0,1.0,1.0,179.0,179.0,190.0,176.0,180.0,174.0,189.0,188.0,182.0,170.0,232.0,234.0,230.0,224.0,227.0,233.0,243.0,221.0,244.0,226.0,262.0,254.0,265.0,277.0,254.0,265.0,254.0,256.0,259.0,251.0,281.0,275.0,286.0,272.0,278.0,270.0,283.0,276.0,278.0,270.0,293.0,291.0,287.0,293.0,291.0,292.0,295.0,288.0,297.0,284.0,288.0,296.0,290.0,297.0,303.0,294.0,301.0,298.0,305.0,294.0,302.0,303.0,312.0,304.0,310.0,301.0,302.0,310.0,303.0,307.0,308.0,313.0,311.0,311.0,312.0,307.0,309.0,304.0,310.0,311.0,309.0,311.0,315.0,308.0,311.0,312.0,315.0,313.0,313.0,311.0,D_FOOTROT,2,26,F2,Swab
Sample-98-262F2_SRR12514746,1.0,1.0,1.0,1.0,1.0,1.0,1.0,1.0,1.0,1.0,209.0,198.0,204.0,213.0,205.0,202.0,201.0,207.0,200.0,198.0,268.0,253.0,258.0,259.0,261.0,268.0,255.0,264.0,258.0,267.0,295.0,308.0,299.0,299.0,307.0,314.0,289.0,308.0,298.0,312.0,342.0,337.0,330.0,333.0,336.0,331.0,324.0,338.0,337.0,331.0,356.0,353.0,355.0,353.0,360.0,358.0,346.0,356.0,352.0,355.0,378.0,374.0,365.0,375.0,365.0,365.0,358.0,364.0,373.0,375.0,395.0,388.0,383.0,382.0,386.0,385.0,381.0,382.0,397.0,399.0,395.0,401.0,399.0,394.0,398.0,399.0,405.0,412.0,406.0,400.0,399.0,410.0,412.0,415.0,402.0,408.0,405.0,416.0,403.0,416.0,D_FOOTROT,2,26,F2,Swab
Sample-98-B4_SRR12486682,1.0,1.0,1.0,1.0,1.0,1.0,1.0,1.0,1.0,1.0,335.0,323.0,352.0,327.0,334.0,340.0,353.0,353.0,337.0,343.0,462.0,446.0,473.0,482.0,476.0,454.0,473.0,452.0,471.0,478.0,537.0,536.0,519.0,560.0,561.0,532.0,540.0,539.0,520.0,554.0,604.0,575.0,604.0,595.0,608.0,595.0,593.0,583.0,611.0,596.0,643.0,637.0,635.0,614.0,619.0,636.0,628.0,646.0,627.0,649.0,659.0,665.0,665.0,665.0,677.0,656.0,647.0,666.0,670.0,661.0,700.0,672.0,688.0,696.0,688.0,663.0,680.0,695.0,685.0,697.0,707.0,710.0,695.0,698.0,708.0,709.0,706.0,718.0,706.0,713.0,724.0,731.0,718.0,704.0,732.0,725.0,723.0,736.0,716.0,722.0,E_CODD,2,35,F2,Swab
Sample-98-B4_SRR12514687,1.0,1.0,1.0,1.0,1.0,1.0,1.0,1.0,1.0,1.0,352.0,340.0,339.0,335.0,334.0,334.0,330.0,343.0,340.0,331.0,481.0,462.0,458.0,468.0,465.0,458.0,453.0,452.0,473.0,486.0,541.0,533.0,531.0,561.0,537.0,528.0,515.0,555.0,530.0,559.0,606.0,607.0,582.0,594.0,606.0,574.0,590.0,597.0,619.0,584.0,630.0,628.0,629.0,632.0,621.0,640.0,629.0,621.0,636.0,633.0,653.0,669.0,673.0,664.0,675.0,671.0,673.0,673.0,649.0,659.0,687.0,681.0,679.0,687.0,667.0,685.0,682.0,675.0,679.0,678.0,714.0,708.0,705.0,703.0,690.0,705.0,707.0,709.0,709.0,710.0,724.0,717.0,728.0,715.0,715.0,715.0,729.0,734.0,712.0,721.0,E_CODD,2,35,F2,Swab
Sample-99-B5_SRR12486681,1.0,1.0,1.0,1.0,1.0,1.0,1.0,1.0,1.0,1.0,157.0,147.0,147.0,153.0,141.0,151.0,153.0,146.0,155.0,152.0,213.0,191.0,199.0,194.0,201.0,194.0,200.0,198.0,199.0,190.0,229.0,241.0,237.0,246.0,236.0,235.0,235.0,235.0,239.0,249.0,254.0,257.0,261.0,252.0,252.0,264.0,260.0,266.0,256.0,252.0,275.0,273.0,274.0,287.0,276.0,277.0,265.0,292.0,282.0,281.0,286.0,296.0,291.0,294.0,288.0,294.0,300.0,285.0,300.0,301.0,291.0,310.0,298.0,310.0,301.0,305.0,316.0,301.0,303.0,298.0,325.0,321.0,309.0,318.0,312.0,315.0,315.0,316.0,315.0,306.0,332.0,325.0,322.0,321.0,329.0,313.0,325.0,316.0,316.0,325.0,E_CODD,2,39,F2,Swab
Sample-99-B5_SRR12514686,1.0,1.0,1.0,1.0,1.0,1.0,1.0,1.0,1.0,1.0,141.0,139.0,153.0,139.0,140.0,159.0,146.0,154.0,139.0,143.0,220.0,216.0,195.0,212.0,203.0,198.0,196.0,209.0,214.0,207.0,234.0,229.0,236.0,239.0,238.0,235.0,238.0,225.0,237.0,234.0,277.0,271.0,256.0,267.0,255.0,266.0,262.0,261.0,261.0,255.0,275.0,280.0,277.0,283.0,260.0,284.0,280.0,277.0,280.0,277.0,293.0,299.0,291.0,290.0,307.0,302.0,299.0,300.0,286.0,305.0,312.0,306.0,319.0,314.0,294.0,302.0,320.0,298.0,298.0,298.0,312.0,313.0,315.0,322.0,307.0,316.0,312.0,314.0,327.0,320.0,319.0,325.0,326.0,320.0,323.0,323.0,315.0,339.0,325.0,323.0,E_CODD,2,39,F2,Swab
