Run,Assay Type,AvgSpotLen,Bases,BioProject,BioSample,BioSampleModel,Bytes,Center Name,Collection_Date,Consent,DATASTORE filetype,DATASTORE provider,DATASTORE region,disease_state,Experiment,geo_loc_name_country,geo_loc_name_country_continent,geo_loc_name,HOST,Instrument,isolation_source,lat_lon,Library Name,LibraryLayout,LibrarySelection,LibrarySource,Organism,Platform,ReleaseDate,create_date,version,sample_ID,Sample Name,Sheep_ID,SRA Study,visit_sheep_foot
SRR12514653,AMPLICON,493,149690982,PRJNA658364,SAMN15867654,Metagenome or environmental,74037553,UNIVERSITY OF LIVERPOOL,not collected,public,"fastq,run.zq,sra","s3,ncbi,gs","ncbi.public,s3.us-east-1,gs.us-east1",A_HEALTHY,SRX9005420,United Kingdom,Europe,United Kingdom: Cheshire,Ovis aries,Illumina MiSeq,Foot,51.244399 N 2.12202 W,175-11F1,PAIRED,PCR,METAGENOMIC,metagenome,ILLUMINA,2021-12-31T00:00:00Z,2020-08-25T12:30:00Z,1,Sample-175-11F1,Sample-175-11F1,1,SRP278242,1-1-F1
SRR12514654,AMPLICON,496,200516515,PRJNA658364,SAMN15867592,Metagenome or environmental,96953503,UNIVERSITY OF LIVERPOOL,not collected,public,"fastq,run.zq,sra","ncbi,gs,s3","ncbi.public,gs.us-east1,s3.us-east-1",A_HEALTHY,SRX9005419,United Kingdom,Europe,United Kingdom: Cheshire,Ovis aries,Illumina MiSeq,Foot,51.244399 N 2.12202 W,17-1712F3,PAIRED,PCR,METAGENOMIC,metagenome,ILLUMINA,2021-12-31T00:00:00Z,2020-08-25T12:30:00Z,1,Sample-17-1712F3,Sample-17-1712F3,12,SRP278242,17-12-F3
SRR12514655,AMPLICON,487,47520860,PRJNA658364,SAMN15867591,Metagenome or environmental,25192511,UNIVERSITY OF LIVERPOOL,not collected,public,"fastq,run.zq,sra","ncbi,s3,gs","s3.us-east-1,ncbi.public,gs.us-east1",D_FOOTROT,SRX9005418,United Kingdom,Europe,United Kingdom: Cheshire,Ovis aries,Illumina MiSeq,Foot,51.244399 N 2.12202 W,157-325F2,PAIRED,PCR,METAGENOMIC,metagenome,ILLUMINA,2021-12-31T00:00:00Z,2020-08-25T12:30:00Z,1,Sample-157-325F2,Sample-157-325F2,5,SRP278242,32-5-F2
SRR12514656,AMPLICON,494,55586587,PRJNA658364,SAMN15867590,Metagenome or environmental,27669947,UNIVERSITY OF LIVERPOOL,not collected,public,"fastq,run.zq,sra","ncbi,s3,gs","s3.us-east-1,gs.us-east1,ncbi.public",D_FOOTROT,SRX9005417,United Kingdom,Europe,United Kingdom: Cheshire,Ovis aries,Illumina MiSeq,Foot,51.244399 N 2.12202 W,154-315F2,PAIRED,PCR,METAGENOMIC,metagenome,ILLUMINA,2021-12-31T00:00:00Z,2020-08-25T12:30:00Z,1,Sample-154-315F2,Sample-154-315F2,5,SRP278242,31-5-F2
SRR12514657,AMPLICON,493,60771989,PRJNA658364,SAMN15867589,Metagenome or environmental,30216234,UNIVERSITY OF LIVERPOOL,not collected,public,"sra,fastq,run.zq","s3,gs,ncbi","s3.us-east-1,ncbi.public,gs.us-east1",D_FOOTROT,SRX9005416,United Kingdom,Europe,United Kingdom: Cheshire,Ovis aries,Illumina MiSeq,Foot,51.244399 N 2.12202 W,150-3112F3,PAIRED,PCR,METAGENOMIC,metagenome,ILLUMINA,2021-12-31T00:00:00Z,2020-08-25T12:30:00Z,1,Sample-150-3112F3,Sample-150-3112F3,12,SRP278242,31-12-F3
SRR12514658,AMPLICON,494,46466396,PRJNA658364,SAMN15867588,Metagenome or environmental,23118782,UNIVERSITY OF LIVERPOOL,not collected,public,"sra,fastq,run.zq","s3,gs,ncbi","ncbi.public,gs.us-east1,s3.us-east-1",D_FOOTROT,SRX9005415,United Kingdom,Europe,United Kingdom: Cheshire,Ovis aries,Illumina MiSeq,Foot,51.244399 N 2.12202 W,144-308F3,PAIRED,PCR,METAGENOMIC,metagenome,ILLUMINA,2021-12-31T00:00:00Z,2020-08-25T12:30:00Z,1,Sample-144-308F3,Sample-144-308F3,8,SRP278242,30-8-F3
SRR12514659,AMPLICON,487,54740343,PRJNA658364,SAMN15867587,Metagenome or environmental,28714842,UNIVERSITY OF LIVERPOOL,not collected,public,"run.zq,fastq,sra","s3,gs,ncbi","s3.us-east-1,gs.us-east1,ncbi.public",D_FOOTROT,SRX9005414,United Kingdom,Europe,United Kingdom: Cheshire,Ovis aries,Illumina MiSeq,Foot,51.244399 N 2.12202 W,143-305F2,PAIRED,PCR,METAGENOMIC,metagenome,ILLUMINA,2021-12-31T00:00:00Z,2020-08-25T12:30:00Z,1,Sample-143-305F2,Sample-143-305F2,5,SRP278242,30-5-F2
SRR12514660,AMPLICON,491,45261939,PRJNA658364,SAMN15867585,Metagenome or environmental,23545097,UNIVERSITY OF LIVERPOOL,not collected,public,"run.zq,sra,fastq","s3,gs,ncbi","gs.us-east1,ncbi.public,s3.us-east-1",D_FOOTROT,SRX9005413,United Kingdom,Europe,United Kingdom: Cheshire,Ovis aries,Illumina MiSeq,Foot,51.244399 N 2.12202 W,141-3012F3,PAIRED,PCR,METAGENOMIC,metagenome,ILLUMINA,2021-12-31T00:00:00Z,2020-08-25T12:30:00Z,1,Sample-141-3012F3,Sample-141-3012F3,12,SRP278242,30-12-F3
SRR12514661,AMPLICON,493,52795978,PRJNA658364,SAMN15867583,Metagenome or environmental,26882791,UNIVERSITY OF LIVERPOOL,not collected,public,"sra,fastq,run.zq","s3,gs,ncbi","ncbi.public,gs.us-east1,s3.us-east-1",D_FOOTROT,SRX9005412,United Kingdom,Europe,United Kingdom: Cheshire,Ovis aries,Illumina MiSeq,Foot,51.244399 N 2.12202 W,139-299F1,PAIRED,PCR,METAGENOMIC,metagenome,ILLUMINA,2021-12-31T00:00:00Z,2020-08-25T12:30:00Z,1,Sample-139-299F1,Sample-139-299F1,9,SRP278242,29-9-F1
SRR12514662,AMPLICON,492,59362834,PRJNA658364,SAMN15867581,Metagenome or environmental,30887458,UNIVERSITY OF LIVERPOOL,not collected,public,"fastq,sra,run.zq","s3,ncbi,gs","gs.us-east1,ncbi.public,s3.us-east-1",D_FOOTROT,SRX9005411,United Kingdom,Europe,United Kingdom: Cheshire,Ovis aries,Illumina MiSeq,Foot,51.244399 N 2.12202 W,138-298F3,PAIRED,PCR,METAGENOMIC,metagenome,ILLUMINA,2021-12-31T00:00:00Z,2020-08-25T12:30:00Z,1,Sample-138-298F3,Sample-138-298F3,8,SRP278242,29-8-F3
SRR12514663,AMPLICON,494,41026977,PRJNA658364,SAMN15867554,Metagenome or environmental,20403623,UNIVERSITY OF LIVERPOOL,not collected,public,"run.zq,fastq,sra","ncbi,gs,s3","s3.us-east-1,gs.us-east1,ncbi.public",E_CODD,SRX9005410,United Kingdom,Europe,United Kingdom: Cheshire,Ovis aries,Illumina MiSeq,Foot,51.244399 N 2.12202 W,111-B17,PAIRED,PCR,METAGENOMIC,metagenome,ILLUMINA,2021-12-31T00:00:00Z,2020-08-25T12:30:00Z,1,Sample-111-B17,Sample-111-B17,8,SRP278242,43-8-F3
SRR12514664,AMPLICON,482,38770645,PRJNA658364,SAMN15867579,Metagenome or environmental,21483627,UNIVERSITY OF LIVERPOOL,not collected,public,"sra,fastq,run.zq","gs,s3,ncbi","gs.us-east1,ncbi.public,s3.us-east-1",D_FOOTROT,SRX9005409,United Kingdom,Europe,United Kingdom: Cheshire,Ovis aries,Illumina MiSeq,Foot,51.244399 N 2.12202 W,137-295F2,PAIRED,PCR,METAGENOMIC,metagenome,ILLUMINA,2021-12-31T00:00:00Z,2020-08-25T12:30:00Z,1,Sample-137-295F2,Sample-137-295F2,5,SRP278242,29-5-F2
SRR12514665,AMPLICON,489,40089973,PRJNA658364,SAMN15867576,Metagenome or environmental,21143961,UNIVERSITY OF LIVERPOOL,not collected,public,"sra,fastq,run.zq","ncbi,s3,gs","gs.us-east1,s3.us-east-1,ncbi.public",D_FOOTROT,SRX9005408,United Kingdom,Europe,United Kingdom: Cheshire,Ovis aries,Illumina MiSeq,Foot,51.244399 N 2.12202 W,134-2914F3,PAIRED,PCR,METAGENOMIC,metagenome,ILLUMINA,2021-12-31T00:00:00Z,2020-08-25T12:30:00Z,1,Sample-134-2914F3,Sample-134-2914F3,14,SRP278242,29-14-F3
SRR12514666,AMPLICON,490,54613723,PRJNA658364,SAMN15867571,Metagenome or environmental,28305412,UNIVERSITY OF LIVERPOOL,not collected,public,"sra,run.zq,fastq","ncbi,gs,s3","ncbi.public,s3.us-east-1,gs.us-east1",D_FOOTROT,SRX9005407,United Kingdom,Europe,United Kingdom: Cheshire,Ovis aries,Illumina MiSeq,Foot,51.244399 N 2.12202 W,131-2912F3,PAIRED,PCR,METAGENOMIC,metagenome,ILLUMINA,2021-12-31T00:00:00Z,2020-08-25T12:30:00Z,1,Sample-131-2912F3,Sample-131-2912F3,12,SRP278242,29-12-F3
SRR12514667,AMPLICON,495,40871400,PRJNA658364,SAMN15867572,Metagenome or environmental,20366437,UNIVERSITY OF LIVERPOOL,not collected,public,"run.zq,fastq,sra","s3,gs,ncbi","s3.us-east-1,gs.us-east1,ncbi.public",A_HEALTHY,SRX9005406,United Kingdom,Europe,United Kingdom: Cheshire,Ovis aries,Illumina MiSeq,Foot,51.244399 N 2.12202 W,13-158F3,PAIRED,PCR,METAGENOMIC,metagenome,ILLUMINA,2021-12-31T00:00:00Z,2020-08-25T12:30:00Z,1,Sample-13-158F3,Sample-13-158F3,8,SRP278242,15-8-F3
SRR12514668,AMPLICON,492,55355117,PRJNA658364,SAMN15867565,Metagenome or environmental,28140327,UNIVERSITY OF LIVERPOOL,not collected,public,"run.zq,sra,fastq","gs,s3,ncbi","s3.us-east-1,gs.us-east1,ncbi.public",D_FOOTROT,SRX9005405,United Kingdom,Europe,United Kingdom: Cheshire,Ovis aries,Illumina MiSeq,Foot,51.244399 N 2.12202 W,124-289F1,PAIRED,PCR,METAGENOMIC,metagenome,ILLUMINA,2021-12-31T00:00:00Z,2020-08-25T12:30:00Z,1,Sample-124-289F1,Sample-124-289F1,9,SRP278242,28-9-F1
SRR12514669,AMPLICON,485,35936284,PRJNA658364,SAMN15867564,Metagenome or environmental,19594191,UNIVERSITY OF LIVERPOOL,not collected,public,"sra,run.zq,fastq","s3,gs,ncbi","ncbi.public,s3.us-east-1,gs.us-east1",D_FOOTROT,SRX9005404,United Kingdom,Europe,United Kingdom: Cheshire,Ovis aries,Illumina MiSeq,Foot,51.244399 N 2.12202 W,123-288F3,PAIRED,PCR,METAGENOMIC,metagenome,ILLUMINA,2021-12-31T00:00:00Z,2020-08-25T12:30:00Z,1,Sample-123-288F3,Sample-123-288F3,8,SRP278242,28-8-F3
SRR12514670,AMPLICON,491,41432094,PRJNA658364,SAMN15867563,Metagenome or environmental,21151824,UNIVERSITY OF LIVERPOOL,not collected,public,"sra,run.zq,fastq","ncbi,s3,gs","gs.us-east1,s3.us-east-1,ncbi.public",C_ID,SRX9005403,United Kingdom,Europe,United Kingdom: Cheshire,Ovis aries,Illumina MiSeq,Foot,51.244399 N 2.12202 W,122-285F2,PAIRED,PCR,METAGENOMIC,metagenome,ILLUMINA,2021-12-31T00:00:00Z,2020-08-25T12:30:00Z,1,Sample-122-285F2,Sample-122-285F2,5,SRP278242,28-5-F2
SRR12514671,AMPLICON,489,33743859,PRJNA658364,SAMN15867560,Metagenome or environmental,17838962,UNIVERSITY OF LIVERPOOL,not collected,public,"sra,fastq,run.zq","ncbi,s3,gs","gs.us-east1,ncbi.public,s3.us-east-1",D_FOOTROT,SRX9005402,United Kingdom,Europe,United Kingdom: Cheshire,Ovis aries,Illumina MiSeq,Foot,51.244399 N 2.12202 W,120-282F2,PAIRED,PCR,METAGENOMIC,metagenome,ILLUMINA,2021-12-31T00:00:00Z,2020-08-25T12:30:00Z,1,Sample-120-282F2,Sample-120-282F2,2,SRP278242,28-2-F2
SRR12514672,AMPLICON,495,274138651,PRJNA658364,SAMN15867561,Metagenome or environmental,134873973,UNIVERSITY OF LIVERPOOL,not collected,public,"run.zq,fastq,sra","ncbi,gs,s3","gs.us-east1,s3.us-east-1,ncbi.public",A_HEALTHY,SRX9005401,United Kingdom,Europe,United Kingdom: Cheshire,Ovis aries,Illumina MiSeq,Foot,51.244399 N 2.12202 W,12-155F2,PAIRED,PCR,METAGENOMIC,metagenome,ILLUMINA,2021-12-31T00:00:00Z,2020-08-25T12:30:00Z,1,Sample-12-155F2,Sample-12-155F2,5,SRP278242,15-5-F2
SRR12514673,AMPLICON,486,42871198,PRJNA658364,SAMN15867559,Metagenome or environmental,22875398,UNIVERSITY OF LIVERPOOL,not collected,public,"run.zq,sra,fastq","gs,s3,ncbi","ncbi.public,gs.us-east1,s3.us-east-1",D_FOOTROT,SRX9005400,United Kingdom,Europe,United Kingdom: Cheshire,Ovis aries,Illumina MiSeq,Foot,51.244399 N 2.12202 W,119-2814F3,PAIRED,PCR,METAGENOMIC,metagenome,ILLUMINA,2021-12-31T00:00:00Z,2020-08-25T12:30:00Z,1,Sample-119-2814F3,Sample-119-2814F3,14,SRP278242,28-14-F3
SRR12514674,AMPLICON,495,21678481,PRJNA658364,SAMN15867550,Metagenome or environmental,10439734,UNIVERSITY OF LIVERPOOL,not collected,public,"fastq,sra,run.zq","s3,gs,ncbi","ncbi.public,gs.us-east1,s3.us-east-1",E_CODD,SRX9005399,United Kingdom,Europe,United Kingdom: Cheshire,Ovis aries,Illumina MiSeq,Foot,51.244399 N 2.12202 W,110-B16,PAIRED,PCR,METAGENOMIC,metagenome,ILLUMINA,2021-12-31T00:00:00Z,2020-08-25T12:29:00Z,1,Sample-110-B16,Sample-110-B16,8,SRP278242,38-8-F3
SRR12514675,AMPLICON,491,57549754,PRJNA658364,SAMN15867558,Metagenome or environmental,29658979,UNIVERSITY OF LIVERPOOL,not collected,public,"fastq,run.zq,sra","s3,gs,ncbi","ncbi.public,s3.us-east-1,gs.us-east1",D_FOOTROT,SRX9005398,United Kingdom,Europe,United Kingdom: Cheshire,Ovis aries,Illumina MiSeq,Foot,51.244399 N 2.12202 W,118-2812F3,PAIRED,PCR,METAGENOMIC,metagenome,ILLUMINA,2021-12-31T00:00:00Z,2020-08-25T12:30:00Z,1,Sample-118-2812F3,Sample-118-2812F3,12,SRP278242,28-12-F3
SRR12514676,AMPLICON,494,55813543,PRJNA658364,SAMN15867557,Metagenome or environmental,27530135,UNIVERSITY OF LIVERPOOL,not collected,public,"sra,run.zq,fastq","gs,ncbi,s3","ncbi.public,s3.us-east-1,gs.us-east1",D_FOOTROT,SRX9005397,United Kingdom,Europe,United Kingdom: Cheshire,Ovis aries,Illumina MiSeq,Foot,51.244399 N 2.12202 W,115-279F1,PAIRED,PCR,METAGENOMIC,metagenome,ILLUMINA,2021-12-31T00:00:00Z,2020-08-25T12:30:00Z,1,Sample-115-279F1,Sample-115-279F1,9,SRP278242,27-9-F1
SRR12514677,AMPLICON,486,59092146,PRJNA658364,SAMN15867556,Metagenome or environmental,31430944,UNIVERSITY OF LIVERPOOL,not collected,public,"fastq,sra,run.zq","gs,s3,ncbi","s3.us-east-1,ncbi.public,gs.us-east1",C_ID,SRX9005396,United Kingdom,Europe,United Kingdom: Cheshire,Ovis aries,Illumina MiSeq,Foot,51.244399 N 2.12202 W,114-278F3,PAIRED,PCR,METAGENOMIC,metagenome,ILLUMINA,2021-12-31T00:00:00Z,2020-08-25T12:30:00Z,1,Sample-114-278F3,Sample-114-278F3,8,SRP278242,27-8-F3
SRR12514678,AMPLICON,492,74316647,PRJNA658364,SAMN15867555,Metagenome or environmental,37663496,UNIVERSITY OF LIVERPOOL,not collected,public,"run.zq,sra,fastq","s3,gs,ncbi","gs.us-east1,ncbi.public,s3.us-east-1",C_ID,SRX9005395,United Kingdom,Europe,United Kingdom: Cheshire,Ovis aries,Illumina MiSeq,Foot,51.244399 N 2.12202 W,113-275F2,PAIRED,PCR,METAGENOMIC,metagenome,ILLUMINA,2021-12-31T00:00:00Z,2020-08-25T12:30:00Z,1,Sample-113-275F2,Sample-113-275F2,5,SRP278242,27-5-F2
SRR12514679,AMPLICON,494,38723081,PRJNA658364,SAMN15867551,Metagenome or environmental,19422670,UNIVERSITY OF LIVERPOOL,not collected,public,"sra,run.zq,fastq","ncbi,s3,gs","ncbi.public,s3.us-east-1,gs.us-east1",D_FOOTROT,SRX9005394,United Kingdom,Europe,United Kingdom: Cheshire,Ovis aries,Illumina MiSeq,Foot,51.244399 N 2.12202 W,111-272F2,PAIRED,PCR,METAGENOMIC,metagenome,ILLUMINA,2021-12-31T00:00:00Z,2020-08-25T12:30:00Z,1,Sample-111-272F2,Sample-111-272F2,2,SRP278242,27-2-F2
SRR12514680,AMPLICON,495,38218154,PRJNA658364,SAMN15867552,Metagenome or environmental,19055229,UNIVERSITY OF LIVERPOOL,not collected,public,"run.zq,sra,fastq","gs,s3,ncbi","s3.us-east-1,ncbi.public,gs.us-east1",A_HEALTHY,SRX9005393,United Kingdom,Europe,United Kingdom: Cheshire,Ovis aries,Illumina MiSeq,Foot,51.244399 N 2.12202 W,11-152F2,PAIRED,PCR,METAGENOMIC,metagenome,ILLUMINA,2021-12-31T00:00:00Z,2020-08-25T12:30:00Z,1,Sample-11-152F2,Sample-11-152F2,2,SRP278242,15-2-F2
SRR12514681,AMPLICON,493,44943258,PRJNA658364,SAMN15867548,Metagenome or environmental,22644864,UNIVERSITY OF LIVERPOOL,not collected,public,"sra,run.zq,fastq","ncbi,gs,s3","gs.us-east1,ncbi.public,s3.us-east-1",C_ID,SRX9005392,United Kingdom,Europe,United Kingdom: Cheshire,Ovis aries,Illumina MiSeq,Foot,51.244399 N 2.12202 W,109-2714F3,PAIRED,PCR,METAGENOMIC,metagenome,ILLUMINA,2021-12-31T00:00:00Z,2020-08-25T12:30:00Z,1,Sample-109-2714F3,Sample-109-2714F3,14,SRP278242,27-14-F3
SRR12514682,AMPLICON,491,58846539,PRJNA658364,SAMN15867545,Metagenome or environmental,30068221,UNIVERSITY OF LIVERPOOL,not collected,public,"fastq,sra,run.zq","gs,ncbi,s3","s3.us-east-1,gs.us-east1,ncbi.public",D_FOOTROT,SRX9005391,United Kingdom,Europe,United Kingdom: Cheshire,Ovis aries,Illumina MiSeq,Foot,51.244399 N 2.12202 W,106-2712F3,PAIRED,PCR,METAGENOMIC,metagenome,ILLUMINA,2021-12-31T00:00:00Z,2020-08-25T12:30:00Z,1,Sample-106-2712F3,Sample-106-2712F3,12,SRP278242,27-12-F3
SRR12514683,AMPLICON,493,35225012,PRJNA658364,SAMN15867539,Metagenome or environmental,17732502,UNIVERSITY OF LIVERPOOL,not collected,public,"run.zq,sra,fastq","ncbi,gs,s3","ncbi.public,s3.us-east-1,gs.us-east1",C_ID,SRX9005390,United Kingdom,Europe,United Kingdom: Cheshire,Ovis aries,Illumina MiSeq,Foot,51.244399 N 2.12202 W,100-269F1,PAIRED,PCR,METAGENOMIC,metagenome,ILLUMINA,2021-12-31T00:00:00Z,2020-08-25T12:30:00Z,1,Sample-100-269F1,Sample-100-269F1,9,SRP278242,26-9-F1
SRR12514684,AMPLICON,495,54844190,PRJNA658364,SAMN15867553,Metagenome or environmental,27321032,UNIVERSITY OF LIVERPOOL,not collected,public,"run.zq,fastq,sra","s3,ncbi,gs","ncbi.public,s3.us-east-1,gs.us-east1",A_HEALTHY,SRX9005389,United Kingdom,Europe,United Kingdom: Cheshire,Ovis aries,Illumina MiSeq,Foot,51.244399 N 2.12202 W,1-115F2,PAIRED,PCR,METAGENOMIC,metagenome,ILLUMINA,2021-12-31T00:00:00Z,2020-08-25T12:30:00Z,1,Sample-1-115F2,Sample-1-115F2,5,SRP278242,11-5-F2
SRR12514685,AMPLICON,494,44978868,PRJNA658364,SAMN15867549,Metagenome or environmental,21610466,UNIVERSITY OF LIVERPOOL,not collected,public,"fastq,sra,run.zq","s3,gs,ncbi","s3.us-east-1,ncbi.public,gs.us-east1",E_CODD,SRX9005388,United Kingdom,Europe,United Kingdom: Cheshire,Ovis aries,Illumina MiSeq,Foot,51.244399 N 2.12202 W,109-B15,PAIRED,PCR,METAGENOMIC,metagenome,ILLUMINA,2021-12-31T00:00:00Z,2020-08-25T12:30:00Z,1,Sample-109-B15,Sample-109-B15,8,SRP278242,34-8-F3
SRR12514686,AMPLICON,496,29859515,PRJNA658364,SAMN15867643,Metagenome or environmental,14379878,UNIVERSITY OF LIVERPOOL,not collected,public,"run.zq,fastq,sra","gs,ncbi,s3","s3.us-east-1,ncbi.public,gs.us-east1",E_CODD,SRX9005387,United Kingdom,Europe,United Kingdom: Cheshire,Ovis aries,Illumina MiSeq,Foot,51.244399 N 2.12202 W,99-B5,PAIRED,PCR,METAGENOMIC,metagenome,ILLUMINA,2021-12-31T00:00:00Z,2020-08-25T12:30:00Z,1,Sample-99-B5,Sample-99-B5,2,SRP278242,39-2-F2
SRR12514687,AMPLICON,494,35352716,PRJNA658364,SAMN15867642,Metagenome or environmental,17330379,UNIVERSITY OF LIVERPOOL,not collected,public,"fastq,run.zq,sra","gs,ncbi,s3","s3.us-east-1,gs.us-east1,ncbi.public",E_CODD,SRX9005386,United Kingdom,Europe,United Kingdom: Cheshire,Ovis aries,Illumina MiSeq,Foot,51.244399 N 2.12202 W,98-B4,PAIRED,PCR,METAGENOMIC,metagenome,ILLUMINA,2021-12-31T00:00:00Z,2020-08-25T12:30:00Z,1,Sample-98-B4,Sample-98-B4,2,SRP278242,35-2-52
SRR12514688,AMPLICON,493,52848702,PRJNA658364,SAMN15867640,Metagenome or environmental,25752287,UNIVERSITY OF LIVERPOOL,not collected,public,"run.zq,sra,fastq","ncbi,s3,gs","gs.us-east1,s3.us-east-1,ncbi.public",E_CODD,SRX9005385,United Kingdom,Europe,United Kingdom: Cheshire,Ovis aries,Illumina MiSeq,Foot,51.244399 N 2.12202 W,97-B3,PAIRED,PCR,METAGENOMIC,metagenome,ILLUMINA,2021-12-31T00:00:00Z,2020-08-25T12:30:00Z,1,Sample-97-B3,Sample-97-B3,2,SRP278242,33-2-F2
SRR12514689,AMPLICON,495,72632081,PRJNA658364,SAMN15867638,Metagenome or environmental,35168318,UNIVERSITY OF LIVERPOOL,not collected,public,"run.zq,sra,fastq","s3,ncbi,gs","ncbi.public,s3.us-east-1,gs.us-east1",E_CODD,SRX9005384,United Kingdom,Europe,United Kingdom: Cheshire,Ovis aries,Illumina MiSeq,Foot,51.244399 N 2.12202 W,96-B2,PAIRED,PCR,METAGENOMIC,metagenome,ILLUMINA,2021-12-31T00:00:00Z,2020-08-25T12:30:00Z,1,Sample-96-B2,Sample-96-B2,2,SRP278242,29-2-F2
SRR12514690,AMPLICON,495,105886289,PRJNA658364,SAMN15867694,Metagenome or environmental,53355432,UNIVERSITY OF LIVERPOOL,not collected,public,"fastq,run.zq,sra","s3,ncbi,gs","gs.us-east1,ncbi.public,s3.us-east-1",CODD,SRX9005383,United Kingdom,Europe,United Kingdom: Wales,Ovis aries,Illumina MiSeq,Foot,not collected,174-B80,PAIRED,PCR,METAGENOMIC,metagenome,ILLUMINA,2021-12-31T00:00:00Z,2020-08-25T12:30:00Z,1,Sample-174-B80,Sample-174-B80,BIOP,SRP278242,B27-4-BIOP
SRR12514691,AMPLICON,494,79439833,PRJNA658364,SAMN15867693,Metagenome or environmental,38164847,UNIVERSITY OF LIVERPOOL,not collected,public,"run.zq,fastq,sra","ncbi,gs,s3","ncbi.public,s3.us-east-1,gs.us-east1",CODD,SRX9005382,United Kingdom,Europe,United Kingdom: Wales,Ovis aries,Illumina MiSeq,Foot,not collected,173-B79,PAIRED,PCR,METAGENOMIC,metagenome,ILLUMINA,2021-12-31T00:00:00Z,2020-08-25T12:30:00Z,1,Sample-173-B79,Sample-173-B79,BIOP,SRP278242,B28-4-BIOP
SRR12514692,AMPLICON,493,70482190,PRJNA658364,SAMN15867692,Metagenome or environmental,33804205,UNIVERSITY OF LIVERPOOL,not collected,public,"sra,run.zq,fastq","gs,s3,ncbi","s3.us-east-1,ncbi.public,gs.us-east1",CODD,SRX9005381,United Kingdom,Europe,United Kingdom: Wales,Ovis aries,Illumina MiSeq,Foot,not collected,172-B78,PAIRED,PCR,METAGENOMIC,metagenome,ILLUMINA,2021-12-31T00:00:00Z,2020-08-25T12:30:00Z,1,Sample-172-B78,Sample-172-B78,BIOP,SRP278242,B31-4-BIOP
SRR12514693,AMPLICON,495,57858633,PRJNA658364,SAMN15867691,Metagenome or environmental,28678940,UNIVERSITY OF LIVERPOOL,not collected,public,"fastq,sra,run.zq","gs,ncbi,s3","gs.us-east1,s3.us-east-1,ncbi.public",CODD,SRX9005380,United Kingdom,Europe,United Kingdom: Wales,Ovis aries,Illumina MiSeq,Foot,not collected,171-B77,PAIRED,PCR,METAGENOMIC,metagenome,ILLUMINA,2021-12-31T00:00:00Z,2020-08-25T12:30:00Z,1,Sample-171-B77,Sample-171-B77,BIOP,SRP278242,B30-4-BIOP
SRR12514694,AMPLICON,496,64769979,PRJNA658364,SAMN15867690,Metagenome or environmental,30742629,UNIVERSITY OF LIVERPOOL,not collected,public,"run.zq,fastq,sra","s3,gs,ncbi","s3.us-east-1,gs.us-east1,ncbi.public",CODD,SRX9005379,United Kingdom,Europe,United Kingdom: Wales,Ovis aries,Illumina MiSeq,Foot,not collected,170-B76,PAIRED,PCR,METAGENOMIC,metagenome,ILLUMINA,2021-12-31T00:00:00Z,2020-08-25T12:30:00Z,1,Sample-170-B76,Sample-170-B76,BIOP,SRP278242,B26-4-BIOP
SRR12514695,AMPLICON,494,55325027,PRJNA658364,SAMN15867689,Metagenome or environmental,28165991,UNIVERSITY OF LIVERPOOL,not collected,public,"run.zq,sra,fastq","ncbi,s3,gs","gs.us-east1,s3.us-east-1,ncbi.public",CODD,SRX9005378,United Kingdom,Europe,United Kingdom: Wales,Ovis aries,Illumina MiSeq,Foot,not collected,169-B75,PAIRED,PCR,METAGENOMIC,metagenome,ILLUMINA,2021-12-31T00:00:00Z,2020-08-25T12:30:00Z,1,Sample-169-B75,Sample-169-B75,BIOP,SRP278242,B29-4-BIOP
SRR12514696,AMPLICON,494,37843720,PRJNA658364,SAMN15867547,Metagenome or environmental,18258576,UNIVERSITY OF LIVERPOOL,not collected,public,"fastq,run.zq,sra","ncbi,gs,s3","ncbi.public,gs.us-east1,s3.us-east-1",E_CODD,SRX9005377,United Kingdom,Europe,United Kingdom: Cheshire,Ovis aries,Illumina MiSeq,Foot,51.244399 N 2.12202 W,108-B14,PAIRED,PCR,METAGENOMIC,metagenome,ILLUMINA,2021-12-31T00:00:00Z,2020-08-25T12:30:00Z,1,Sample-108-B14,Sample-108-B14,8,SRP278242,33-8-F3
SRR12514697,AMPLICON,496,74365711,PRJNA658364,SAMN15867688,Metagenome or environmental,34632572,UNIVERSITY OF LIVERPOOL,not collected,public,"fastq,run.zq,sra","gs,ncbi,s3","gs.us-east1,s3.us-east-1,ncbi.public",CODD,SRX9005376,United Kingdom,Europe,United Kingdom: Wales,Ovis aries,Illumina MiSeq,Foot,not collected,167-B73,PAIRED,PCR,METAGENOMIC,metagenome,ILLUMINA,2021-12-31T00:00:00Z,2020-08-25T12:31:00Z,1,Sample-167-B73,Sample-167-B73,BIOP,SRP278242,B32-4-BIOP
SRR12514698,AMPLICON,494,46098810,PRJNA658364,SAMN15867687,Metagenome or environmental,23159056,UNIVERSITY OF LIVERPOOL,not collected,public,"fastq,run.zq,sra","s3,ncbi,gs","ncbi.public,gs.us-east1,s3.us-east-1",CODD,SRX9005375,United Kingdom,Europe,United Kingdom: Wales,Ovis aries,Illumina MiSeq,Foot,not collected,166-B72,PAIRED,PCR,METAGENOMIC,metagenome,ILLUMINA,2021-12-31T00:00:00Z,2020-08-25T12:31:00Z,1,Sample-166-B72,Sample-166-B72,BIOP,SRP278242,B23-3-BIOP
SRR12514699,AMPLICON,493,102172561,PRJNA658364,SAMN15867686,Metagenome or environmental,49787141,UNIVERSITY OF LIVERPOOL,not collected,public,"fastq,sra,run.zq","ncbi,s3,gs","gs.us-east1,ncbi.public,s3.us-east-1",CODD,SRX9005374,United Kingdom,Europe,United Kingdom: Wales,Ovis aries,Illumina MiSeq,Foot,not collected,165-B71,PAIRED,PCR,METAGENOMIC,metagenome,ILLUMINA,2021-12-31T00:00:00Z,2020-08-25T12:31:00Z,1,Sample-165-B71,Sample-165-B71,BIOP,SRP278242,B22-3-BIOP
SRR12514700,AMPLICON,495,115009928,PRJNA658364,SAMN15867685,Metagenome or environmental,56146413,UNIVERSITY OF LIVERPOOL,not collected,public,"sra,fastq,run.zq","s3,gs,ncbi","ncbi.public,s3.us-east-1,gs.us-east1",CODD,SRX9005373,United Kingdom,Europe,United Kingdom: Wales,Ovis aries,Illumina MiSeq,Foot,not collected,164-B70,PAIRED,PCR,METAGENOMIC,metagenome,ILLUMINA,2021-12-31T00:00:00Z,2020-08-25T12:31:00Z,1,Sample-164-B70,Sample-164-B70,BIOP,SRP278242,B20-3-BIOP
SRR12514701,AMPLICON,494,39182562,PRJNA658364,SAMN15867684,Metagenome or environmental,19297033,UNIVERSITY OF LIVERPOOL,not collected,public,"fastq,sra,run.zq","s3,gs,ncbi","ncbi.public,gs.us-east1,s3.us-east-1",CODD,SRX9005372,United Kingdom,Europe,United Kingdom: Wales,Ovis aries,Illumina MiSeq,Foot,not collected,163-B69,PAIRED,PCR,METAGENOMIC,metagenome,ILLUMINA,2021-12-31T00:00:00Z,2020-08-25T12:31:00Z,1,Sample-163-B69,Sample-163-B69,BIOP,SRP278242,B18-3-BIOP
SRR12514702,AMPLICON,491,44781246,PRJNA658364,SAMN15867683,Metagenome or environmental,22183077,UNIVERSITY OF LIVERPOOL,not collected,public,"run.zq,sra,fastq","s3,gs,ncbi","s3.us-east-1,gs.us-east1,ncbi.public",CODD,SRX9005371,United Kingdom,Europe,United Kingdom: Wales,Ovis aries,Illumina MiSeq,Foot,not collected,162-B68,PAIRED,PCR,METAGENOMIC,metagenome,ILLUMINA,2021-12-31T00:00:00Z,2020-08-25T12:31:00Z,1,Sample-162-B68,Sample-162-B68,BIOP,SRP278242,B17-3- BIOP
SRR12514703,AMPLICON,494,45918363,PRJNA658364,SAMN15867682,Metagenome or environmental,22326630,UNIVERSITY OF LIVERPOOL,not collected,public,"run.zq,sra,fastq","gs,s3,ncbi","ncbi.public,gs.us-east1,s3.us-east-1",CODD,SRX9005370,United Kingdom,Europe,United Kingdom: Wales,Ovis aries,Illumina MiSeq,Foot,not collected,161-B67,PAIRED,PCR,METAGENOMIC,metagenome,ILLUMINA,2021-12-31T00:00:00Z,2020-08-25T12:31:00Z,1,Sample-161-B67,Sample-161-B67,BIOP,SRP278242,B24-3-BIOP
SRR12514704,AMPLICON,495,70885913,PRJNA658364,SAMN15867681,Metagenome or environmental,34652821,UNIVERSITY OF LIVERPOOL,not collected,public,"fastq,run.zq,sra","gs,s3,ncbi","s3.us-east-1,gs.us-east1,ncbi.public",CODD,SRX9005369,United Kingdom,Europe,United Kingdom: Wales,Ovis aries,Illumina MiSeq,Foot,not collected,160-B66,PAIRED,PCR,METAGENOMIC,metagenome,ILLUMINA,2021-12-31T00:00:00Z,2020-08-25T12:31:00Z,1,Sample-160-B66,Sample-160-B66,BIOP,SRP278242,B21-3-BIOP
SRR12514705,AMPLICON,493,56740268,PRJNA658364,SAMN15867680,Metagenome or environmental,27802806,UNIVERSITY OF LIVERPOOL,not collected,public,"fastq,run.zq,sra","ncbi,s3,gs","gs.us-east1,s3.us-east-1,ncbi.public",CODD,SRX9005368,United Kingdom,Europe,United Kingdom: Wales,Ovis aries,Illumina MiSeq,Foot,not collected,159-B65,PAIRED,PCR,METAGENOMIC,metagenome,ILLUMINA,2021-12-31T00:00:00Z,2020-08-25T12:31:00Z,1,Sample-159-B65,Sample-159-B65,BIOP,SRP278242,B19-3-BIOP
SRR12514706,AMPLICON,495,62783472,PRJNA658364,SAMN15867679,Metagenome or environmental,31312946,UNIVERSITY OF LIVERPOOL,not collected,public,"fastq,sra,run.zq","s3,gs,ncbi","ncbi.public,s3.us-east-1,gs.us-east1",CODD,SRX9005367,United Kingdom,Europe,United Kingdom: Wales,Ovis aries,Illumina MiSeq,Foot,not collected,158-B64,PAIRED,PCR,METAGENOMIC,metagenome,ILLUMINA,2021-12-31T00:00:00Z,2020-08-25T12:31:00Z,1,Sample-158-B64,Sample-158-B64,BIOP,SRP278242,B16-2-BIOP
SRR12514707,AMPLICON,495,41354439,PRJNA658364,SAMN15867546,Metagenome or environmental,19990046,UNIVERSITY OF LIVERPOOL,not collected,public,"fastq,run.zq,sra","s3,gs,ncbi","ncbi.public,s3.us-east-1,gs.us-east1",B_HEALTHY,SRX9005366,United Kingdom,Europe,United Kingdom: Cheshire,Ovis aries,Illumina MiSeq,Foot,51.244399 N 2.12202 W,107-B13,PAIRED,PCR,METAGENOMIC,metagenome,ILLUMINA,2021-12-31T00:00:00Z,2020-08-25T12:31:00Z,1,Sample-107-B13,Sample-107-B13,8,SRP278242,23-8-F3
SRR12514708,AMPLICON,493,575002,PRJNA658364,SAMN15867678,Metagenome or environmental,360751,UNIVERSITY OF LIVERPOOL,not collected,public,"fastq,run.zq,sra","s3,gs,ncbi","gs.us-east1,s3.us-east-1,ncbi.public",CODD,SRX9005365,United Kingdom,Europe,United Kingdom: Wales,Ovis aries,Illumina MiSeq,Foot,not collected,157-B63,PAIRED,PCR,METAGENOMIC,metagenome,ILLUMINA,2021-12-31T00:00:00Z,2020-08-25T12:30:00Z,1,Sample-157-B63,Sample-157-B63,BIOP,SRP278242,B9-2-BIOP
SRR12514709,AMPLICON,494,978132,PRJNA658364,SAMN15867677,Metagenome or environmental,554410,UNIVERSITY OF LIVERPOOL,not collected,public,"sra,run.zq,fastq","gs,s3,ncbi","s3.us-east-1,gs.us-east1,ncbi.public",CODD,SRX9005364,United Kingdom,Europe,United Kingdom: Wales,Ovis aries,Illumina MiSeq,Foot,not collected,156-B62,PAIRED,PCR,METAGENOMIC,metagenome,ILLUMINA,2021-12-31T00:00:00Z,2020-08-25T12:30:00Z,1,Sample-156-B62,Sample-156-B62,BIOP,SRP278242,B11-2-BIOP
SRR12514710,AMPLICON,495,57494921,PRJNA658364,SAMN15867676,Metagenome or environmental,28849166,UNIVERSITY OF LIVERPOOL,not collected,public,"run.zq,fastq,sra","ncbi,s3,gs","ncbi.public,gs.us-east1,s3.us-east-1",CODD,SRX9005363,United Kingdom,Europe,United Kingdom: Wales,Ovis aries,Illumina MiSeq,Foot,not collected,155-B61,PAIRED,PCR,METAGENOMIC,metagenome,ILLUMINA,2021-12-31T00:00:00Z,2020-08-25T12:31:00Z,1,Sample-155-B61,Sample-155-B61,BIOP,SRP278242,B13-2-BIOP
SRR12514711,AMPLICON,493,58588914,PRJNA658364,SAMN15867675,Metagenome or environmental,29292730,UNIVERSITY OF LIVERPOOL,not collected,public,"sra,fastq,run.zq","gs,s3,ncbi","s3.us-east-1,gs.us-east1,ncbi.public",CODD,SRX9005362,United Kingdom,Europe,United Kingdom: Wales,Ovis aries,Illumina MiSeq,Foot,not collected,154-B60,PAIRED,PCR,METAGENOMIC,metagenome,ILLUMINA,2021-12-31T00:00:00Z,2020-08-25T12:31:00Z,1,Sample-154-B60,Sample-154-B60,BIOP,SRP278242,B14-2-BIOP
SRR12514712,AMPLICON,494,43736547,PRJNA658364,SAMN15867674,Metagenome or environmental,21648832,UNIVERSITY OF LIVERPOOL,not collected,public,"run.zq,sra,fastq","gs,ncbi,s3","s3.us-east-1,gs.us-east1,ncbi.public",CODD,SRX9005361,United Kingdom,Europe,United Kingdom: Wales,Ovis aries,Illumina MiSeq,Foot,not collected,153-B59,PAIRED,PCR,METAGENOMIC,metagenome,ILLUMINA,2021-12-31T00:00:00Z,2020-08-25T12:31:00Z,1,Sample-153-B59,Sample-153-B59,BIOP,SRP278242,B12-2-BIOP
SRR12514713,AMPLICON,495,59964800,PRJNA658364,SAMN15867673,Metagenome or environmental,28570493,UNIVERSITY OF LIVERPOOL,not collected,public,"fastq,run.zq,sra","gs,s3,ncbi","s3.us-east-1,gs.us-east1,ncbi.public",CODD,SRX9005360,United Kingdom,Europe,United Kingdom: Wales,Ovis aries,Illumina MiSeq,Foot,not collected,152-B58,PAIRED,PCR,METAGENOMIC,metagenome,ILLUMINA,2021-12-31T00:00:00Z,2020-08-25T12:31:00Z,1,Sample-152-B58,Sample-152-B58,BIOP,SRP278242,B10-2-BIOP
SRR12514714,AMPLICON,495,86873299,PRJNA658364,SAMN15867672,Metagenome or environmental,41280803,UNIVERSITY OF LIVERPOOL,not collected,public,"fastq,sra,run.zq","gs,s3,ncbi","ncbi.public,gs.us-east1,s3.us-east-1",CODD,SRX9005359,United Kingdom,Europe,United Kingdom: Wales,Ovis aries,Illumina MiSeq,Foot,not collected,151-B57,PAIRED,PCR,METAGENOMIC,metagenome,ILLUMINA,2021-12-31T00:00:00Z,2020-08-25T12:31:00Z,1,Sample-151-B57,Sample-151-B57,BIOP,SRP278242,B15-2-BIOP
SRR12514715,AMPLICON,494,39367008,PRJNA658364,SAMN15867671,Metagenome or environmental,19175268,UNIVERSITY OF LIVERPOOL,not collected,public,"fastq,sra,run.zq","ncbi,gs,s3","gs.us-east1,s3.us-east-1,ncbi.public",CODD,SRX9005358,United Kingdom,Europe,United Kingdom: Wales,Ovis aries,Illumina MiSeq,Foot,not collected,150-B56,PAIRED,PCR,METAGENOMIC,metagenome,ILLUMINA,2021-12-31T00:00:00Z,2020-08-25T12:31:00Z,1,Sample-150-B56,Sample-150-B56,BIOP,SRP278242,B8-1-BIOP
SRR12514716,AMPLICON,495,34661954,PRJNA658364,SAMN15867670,Metagenome or environmental,16408829,UNIVERSITY OF LIVERPOOL,not collected,public,"fastq,run.zq,sra","ncbi,gs,s3","gs.us-east1,ncbi.public,s3.us-east-1",CODD,SRX9005357,United Kingdom,Europe,United Kingdom: Wales,Ovis aries,Illumina MiSeq,Foot,not collected,149-B55,PAIRED,PCR,METAGENOMIC,metagenome,ILLUMINA,2021-12-31T00:00:00Z,2020-08-25T12:31:00Z,1,Sample-149-B55,Sample-149-B55,BIOP,SRP278242,B1-1-BIOP
SRR12514717,AMPLICON,495,83664255,PRJNA658364,SAMN15867669,Metagenome or environmental,40815566,UNIVERSITY OF LIVERPOOL,not collected,public,"fastq,sra,run.zq","ncbi,gs,s3","s3.us-east-1,ncbi.public,gs.us-east1",CODD,SRX9005356,United Kingdom,Europe,United Kingdom: Wales,Ovis aries,Illumina MiSeq,Foot,not collected,148-B54,PAIRED,PCR,METAGENOMIC,metagenome,ILLUMINA,2021-12-31T00:00:00Z,2020-08-25T12:31:00Z,1,Sample-148-B54,Sample-148-B54,BIOP,SRP278242,B4-1-BIOP
SRR12514718,AMPLICON,495,43616484,PRJNA658364,SAMN15867544,Metagenome or environmental,20917650,UNIVERSITY OF LIVERPOOL,not collected,public,"sra,run.zq,fastq","s3,gs,ncbi","gs.us-east1,ncbi.public,s3.us-east-1",E_CODD,SRX9005355,United Kingdom,Europe,United Kingdom: Cheshire,Ovis aries,Illumina MiSeq,Foot,51.244399 N 2.12202 W,105-B11,PAIRED,PCR,METAGENOMIC,metagenome,ILLUMINA,2021-12-31T00:00:00Z,2020-08-25T12:31:00Z,1,Sample-105-B11,Sample-105-B11,5,SRP278242,41-5-F2
SRR12514719,AMPLICON,495,47539378,PRJNA658364,SAMN15867668,Metagenome or environmental,23141096,UNIVERSITY OF LIVERPOOL,not collected,public,"fastq,run.zq,sra","ncbi,s3,gs","ncbi.public,gs.us-east1,s3.us-east-1",CODD,SRX9005354,United Kingdom,Europe,United Kingdom: Wales,Ovis aries,Illumina MiSeq,Foot,not collected,147-B53,PAIRED,PCR,METAGENOMIC,metagenome,ILLUMINA,2021-12-31T00:00:00Z,2020-08-25T12:31:00Z,1,Sample-147-B53,Sample-147-B53,BIOP,SRP278242,B2-1-BIOP
SRR12514720,AMPLICON,493,55517902,PRJNA658364,SAMN15867667,Metagenome or environmental,26806033,UNIVERSITY OF LIVERPOOL,not collected,public,"fastq,sra,run.zq","gs,s3,ncbi","gs.us-east1,ncbi.public,s3.us-east-1",CODD,SRX9005353,United Kingdom,Europe,United Kingdom: Wales,Ovis aries,Illumina MiSeq,Foot,not collected,146-B52,PAIRED,PCR,METAGENOMIC,metagenome,ILLUMINA,2021-12-31T00:00:00Z,2020-08-25T12:31:00Z,1,Sample-146-B52,Sample-146-B52,BIOP,SRP278242,B6-1-BIOP
SRR12514721,AMPLICON,494,78029924,PRJNA658364,SAMN15867666,Metagenome or environmental,37285314,UNIVERSITY OF LIVERPOOL,not collected,public,"fastq,sra,run.zq","s3,gs,ncbi","s3.us-east-1,ncbi.public,gs.us-east1",CODD,SRX9005352,United Kingdom,Europe,United Kingdom: Wales,Ovis aries,Illumina MiSeq,Foot,not collected,145-B51,PAIRED,PCR,METAGENOMIC,metagenome,ILLUMINA,2021-12-31T00:00:00Z,2020-08-25T12:32:00Z,1,Sample-145-B51,Sample-145-B51,BIOP,SRP278242,B5-1-BIOP
SRR12514722,AMPLICON,496,66338422,PRJNA658364,SAMN15867665,Metagenome or environmental,32132739,UNIVERSITY OF LIVERPOOL,not collected,public,"run.zq,fastq,sra","gs,ncbi,s3","gs.us-east1,ncbi.public,s3.us-east-1",CODD,SRX9005351,United Kingdom,Europe,United Kingdom: Wales,Ovis aries,Illumina MiSeq,Foot,not collected,144-B50,PAIRED,PCR,METAGENOMIC,metagenome,ILLUMINA,2021-12-31T00:00:00Z,2020-08-25T12:31:00Z,1,Sample-144-B50,Sample-144-B50,BIOP,SRP278242,B7-1-BIOP
SRR12514723,AMPLICON,493,71640914,PRJNA658364,SAMN15867664,Metagenome or environmental,34776720,UNIVERSITY OF LIVERPOOL,not collected,public,"sra,run.zq,fastq","s3,ncbi,gs","s3.us-east-1,ncbi.public,gs.us-east1",CODD,SRX9005350,United Kingdom,Europe,United Kingdom: Wales,Ovis aries,Illumina MiSeq,Foot,not collected,143-B49,PAIRED,PCR,METAGENOMIC,metagenome,ILLUMINA,2021-12-31T00:00:00Z,2020-08-25T12:32:00Z,1,Sample-143-B49,Sample-143-B49,BIOP,SRP278242,B3-1-BIOP
SRR12514724,AMPLICON,494,65871496,PRJNA658364,SAMN15867647,Metagenome or environmental,32451662,UNIVERSITY OF LIVERPOOL,not collected,public,"run.zq,fastq,sra","s3,gs,ncbi","ncbi.public,s3.us-east-1,gs.us-east1",G_CODD_T,SRX9005349,United Kingdom,Europe,United Kingdom: Cheshire,Ovis aries,Illumina MiSeq,Foot,51.244399 N 2.12202 W,142-B48,PAIRED,PCR,METAGENOMIC,metagenome,ILLUMINA,2021-12-31T00:00:00Z,2020-08-25T12:31:00Z,1,Sample-142-B48,Sample-142-B48,12,SRP278242,47-12-F3
SRR12514725,AMPLICON,494,48798101,PRJNA658364,SAMN15867586,Metagenome or environmental,23465924,UNIVERSITY OF LIVERPOOL,not collected,public,"sra,fastq,run.zq","ncbi,gs,s3","s3.us-east-1,gs.us-east1,ncbi.public",E_CODD,SRX9005348,United Kingdom,Europe,United Kingdom: Cheshire,Ovis aries,Illumina MiSeq,Foot,51.244399 N 2.12202 W,141-B47,PAIRED,PCR,METAGENOMIC,metagenome,ILLUMINA,2021-12-31T00:00:00Z,2020-08-25T12:32:00Z,1,Sample-141-B47,Sample-141-B47,12,SRP278242,43-12-F3
SRR12514726,AMPLICON,494,65356849,PRJNA658364,SAMN15867584,Metagenome or environmental,31407346,UNIVERSITY OF LIVERPOOL,not collected,public,"fastq,run.zq,sra","s3,gs,ncbi","s3.us-east-1,gs.us-east1,ncbi.public",E_CODD,SRX9005347,United Kingdom,Europe,United Kingdom: Cheshire,Ovis aries,Illumina MiSeq,Foot,51.244399 N 2.12202 W,140-B46,PAIRED,PCR,METAGENOMIC,metagenome,ILLUMINA,2021-12-31T00:00:00Z,2020-08-25T12:32:00Z,1,Sample-140-B46,Sample-140-B46,12,SRP278242,38-12-F3
SRR12514727,AMPLICON,494,57542555,PRJNA658364,SAMN15867582,Metagenome or environmental,27774129,UNIVERSITY OF LIVERPOOL,not collected,public,"fastq,sra,run.zq","gs,ncbi,s3","gs.us-east1,s3.us-east-1,ncbi.public",E_CODD,SRX9005346,United Kingdom,Europe,United Kingdom: Cheshire,Ovis aries,Illumina MiSeq,Foot,51.244399 N 2.12202 W,138-B44,PAIRED,PCR,METAGENOMIC,metagenome,ILLUMINA,2021-12-31T00:00:00Z,2020-08-25T12:32:00Z,1,Sample-138-B44,Sample-138-B44,12,SRP278242,37-12-F3
SRR12514728,AMPLICON,494,59726181,PRJNA658364,SAMN15867580,Metagenome or environmental,28633773,UNIVERSITY OF LIVERPOOL,not collected,public,"fastq,sra,run.zq","s3,ncbi,gs","ncbi.public,s3.us-east-1,gs.us-east1",E_CODD,SRX9005345,United Kingdom,Europe,United Kingdom: Cheshire,Ovis aries,Illumina MiSeq,Foot,51.244399 N 2.12202 W,137-B43,PAIRED,PCR,METAGENOMIC,metagenome,ILLUMINA,2021-12-31T00:00:00Z,2020-08-25T12:32:00Z,1,Sample-137-B43,Sample-137-B43,12,SRP278242,35-12-F3
SRR12514729,AMPLICON,495,64536692,PRJNA658364,SAMN15867543,Metagenome or environmental,30482614,UNIVERSITY OF LIVERPOOL,not collected,public,"fastq,sra,run.zq","ncbi,gs,s3","gs.us-east1,s3.us-east-1,ncbi.public",E_CODD,SRX9005344,United Kingdom,Europe,United Kingdom: Cheshire,Ovis aries,Illumina MiSeq,Foot,51.244399 N 2.12202 W,104-B10,PAIRED,PCR,METAGENOMIC,metagenome,ILLUMINA,2021-12-31T00:00:00Z,2020-08-25T12:32:00Z,1,Sample-104-B10,Sample-104-B10,5,SRP278242,38-5-52
SRR12514730,AMPLICON,495,43393442,PRJNA658364,SAMN15867578,Metagenome or environmental,20732217,UNIVERSITY OF LIVERPOOL,not collected,public,"fastq,run.zq,sra","s3,gs,ncbi","gs.us-east1,s3.us-east-1,ncbi.public",B_HEALTHY,SRX9005343,United Kingdom,Europe,United Kingdom: Cheshire,Ovis aries,Illumina MiSeq,Foot,51.244399 N 2.12202 W,136-B42,PAIRED,PCR,METAGENOMIC,metagenome,ILLUMINA,2021-12-31T00:00:00Z,2020-08-25T12:32:00Z,1,Sample-136-B42,Sample-136-B42,12,SRP278242,23-12-F3
SRR12514731,AMPLICON,494,42326677,PRJNA658364,SAMN15867577,Metagenome or environmental,20129640,UNIVERSITY OF LIVERPOOL,not collected,public,"sra,run.zq,fastq","s3,ncbi,gs","ncbi.public,gs.us-east1,s3.us-east-1",E_CODD,SRX9005342,United Kingdom,Europe,United Kingdom: Cheshire,Ovis aries,Illumina MiSeq,Foot,51.244399 N 2.12202 W,134-B40,PAIRED,PCR,METAGENOMIC,metagenome,ILLUMINA,2021-12-31T00:00:00Z,2020-08-25T12:32:00Z,1,Sample-134-B40,Sample-134-B40,14,SRP278242,39-14-F3
SRR12514732,AMPLICON,494,56229788,PRJNA658364,SAMN15867575,Metagenome or environmental,26219873,UNIVERSITY OF LIVERPOOL,not collected,public,"run.zq,fastq,sra","s3,gs,ncbi","gs.us-east1,ncbi.public,s3.us-east-1",E_CODD,SRX9005341,United Kingdom,Europe,United Kingdom: Cheshire,Ovis aries,Illumina MiSeq,Foot,51.244399 N 2.12202 W,133-B39,PAIRED,PCR,METAGENOMIC,metagenome,ILLUMINA,2021-12-31T00:00:00Z,2020-08-25T12:32:00Z,1,Sample-133-B39,Sample-133-B39,14,SRP278242,38-14-F3
SRR12514733,AMPLICON,495,92003680,PRJNA658364,SAMN15867574,Metagenome or environmental,42739831,UNIVERSITY OF LIVERPOOL,not collected,public,"run.zq,sra,fastq","ncbi,gs,s3","gs.us-east1,s3.us-east-1,ncbi.public",E_CODD,SRX9005340,United Kingdom,Europe,United Kingdom: Cheshire,Ovis aries,Illumina MiSeq,Foot,51.244399 N 2.12202 W,132-B38,PAIRED,PCR,METAGENOMIC,metagenome,ILLUMINA,2021-12-31T00:00:00Z,2020-08-25T12:32:00Z,1,Sample-132-B38,Sample-132-B38,14,SRP278242,35-14-F3
SRR12514734,AMPLICON,496,72594472,PRJNA658364,SAMN15867573,Metagenome or environmental,33702728,UNIVERSITY OF LIVERPOOL,not collected,public,"fastq,run.zq,sra","s3,ncbi,gs","s3.us-east-1,gs.us-east1,ncbi.public",E_CODD,SRX9005339,United Kingdom,Europe,United Kingdom: Cheshire,Ovis aries,Illumina MiSeq,Foot,51.244399 N 2.12202 W,131-B37,PAIRED,PCR,METAGENOMIC,metagenome,ILLUMINA,2021-12-31T00:00:00Z,2020-08-25T12:32:00Z,1,Sample-131-B37,Sample-131-B37,14,SRP278242,31-14-F3
SRR12514735,AMPLICON,496,55279115,PRJNA658364,SAMN15867570,Metagenome or environmental,26004693,UNIVERSITY OF LIVERPOOL,not collected,public,"run.zq,fastq,sra","s3,ncbi,gs","s3.us-east-1,ncbi.public,gs.us-east1",B_HEALTHY,SRX9005338,United Kingdom,Europe,United Kingdom: Cheshire,Ovis aries,Illumina MiSeq,Foot,51.244399 N 2.12202 W,130-B36,PAIRED,PCR,METAGENOMIC,metagenome,ILLUMINA,2021-12-31T00:00:00Z,2020-08-25T12:32:00Z,1,Sample-130-B36,Sample-130-B36,14,SRP278242,21-14-F3
SRR12514736,AMPLICON,495,62346314,PRJNA658364,SAMN15867569,Metagenome or environmental,29011170,UNIVERSITY OF LIVERPOOL,not collected,public,"sra,run.zq,fastq","gs,s3,ncbi","ncbi.public,s3.us-east-1,gs.us-east1",E_CODD,SRX9005337,United Kingdom,Europe,United Kingdom: Cheshire,Ovis aries,Illumina MiSeq,Foot,51.244399 N 2.12202 W,128-B34,PAIRED,PCR,METAGENOMIC,metagenome,ILLUMINA,2021-12-31T00:00:00Z,2020-08-25T12:32:00Z,1,Sample-128-B34,Sample-128-B34,9,SRP278242,38-9-F1
SRR12514737,AMPLICON,494,100143364,PRJNA658364,SAMN15867568,Metagenome or environmental,47490059,UNIVERSITY OF LIVERPOOL,not collected,public,"fastq,run.zq,sra","gs,ncbi,s3","s3.us-east-1,gs.us-east1,ncbi.public",E_CODD,SRX9005336,United Kingdom,Europe,United Kingdom: Cheshire,Ovis aries,Illumina MiSeq,Foot,51.244399 N 2.12202 W,126-B32,PAIRED,PCR,METAGENOMIC,metagenome,ILLUMINA,2021-12-31T00:00:00Z,2020-08-25T12:32:00Z,1,Sample-126-B32,Sample-126-B32,9,SRP278242,35-9-F1
SRR12514738,AMPLICON,494,59698817,PRJNA658364,SAMN15867567,Metagenome or environmental,28124515,UNIVERSITY OF LIVERPOOL,not collected,public,"run.zq,sra,fastq","s3,ncbi,gs","s3.us-east-1,gs.us-east1,ncbi.public",E_CODD,SRX9005335,United Kingdom,Europe,United Kingdom: Cheshire,Ovis aries,Illumina MiSeq,Foot,51.244399 N 2.12202 W,125-B31,PAIRED,PCR,METAGENOMIC,metagenome,ILLUMINA,2021-12-31T00:00:00Z,2020-08-25T12:32:00Z,1,Sample-125-B31,Sample-125-B31,9,SRP278242,31-9-F1
SRR12514739,AMPLICON,494,60601225,PRJNA658364,SAMN15867566,Metagenome or environmental,29154416,UNIVERSITY OF LIVERPOOL,not collected,public,"sra,run.zq,fastq","ncbi,gs,s3","ncbi.public,s3.us-east-1,gs.us-east1",B_HEALTHY,SRX9005334,United Kingdom,Europe,United Kingdom: Cheshire,Ovis aries,Illumina MiSeq,Foot,51.244399 N 2.12202 W,124-B30,PAIRED,PCR,METAGENOMIC,metagenome,ILLUMINA,2021-12-31T00:00:00Z,2020-08-25T12:32:00Z,1,Sample-124-B30,Sample-124-B30,9,SRP278242,21-9-F1
SRR12514740,AMPLICON,495,48004417,PRJNA658364,SAMN15867542,Metagenome or environmental,22938379,UNIVERSITY OF LIVERPOOL,not collected,public,"sra,fastq,run.zq","gs,s3,ncbi","ncbi.public,s3.us-east-1,gs.us-east1",E_CODD,SRX9005333,United Kingdom,Europe,United Kingdom: Cheshire,Ovis aries,Illumina MiSeq,Foot,51.244399 N 2.12202 W,103-B9,PAIRED,PCR,METAGENOMIC,metagenome,ILLUMINA,2021-12-31T00:00:00Z,2020-08-25T12:32:00Z,1,Sample-103-B9,Sample-103-B9,5,SRP278242,35-5-F2
SRR12514741,AMPLICON,495,47439912,PRJNA658364,SAMN15867653,Metagenome or environmental,22717459,UNIVERSITY OF LIVERPOOL,not collected,public,"run.zq,fastq,sra","gs,ncbi,s3","gs.us-east1,ncbi.public,s3.us-east-1",G_CODD_T,SRX9005332,United Kingdom,Europe,United Kingdom: Cheshire,Ovis aries,Illumina MiSeq,Foot,51.244399 N 2.12202 W,123-B29,PAIRED,PCR,METAGENOMIC,metagenome,ILLUMINA,2021-12-31T00:00:00Z,2020-08-25T12:32:00Z,1,Sample-123-B29,Sample-123-B29,23,SRP278242,47-23-F4
SRR12514742,AMPLICON,494,38394049,PRJNA658364,SAMN15867646,Metagenome or environmental,18530752,UNIVERSITY OF LIVERPOOL,not collected,public,"run.zq,sra,fastq","s3,ncbi,gs","gs.us-east1,ncbi.public,s3.us-east-1",G_CODD_T,SRX9005331,United Kingdom,Europe,United Kingdom: Cheshire,Ovis aries,Illumina MiSeq,Foot,51.244399 N 2.12202 W,122-B28,PAIRED,PCR,METAGENOMIC,metagenome,ILLUMINA,2021-12-31T00:00:00Z,2020-08-25T12:32:00Z,1,Sample-122-B28,Sample-122-B28,8,SRP278242,47-8-F3
SRR12514743,AMPLICON,495,33234638,PRJNA658364,SAMN15867562,Metagenome or environmental,15737596,UNIVERSITY OF LIVERPOOL,not collected,public,"sra,run.zq,fastq","ncbi,gs,s3","ncbi.public,gs.us-east1,s3.us-east-1",E_CODD,SRX9005330,United Kingdom,Europe,United Kingdom: Cheshire,Ovis aries,Illumina MiSeq,Foot,51.244399 N 2.12202 W,121-B27,PAIRED,PCR,METAGENOMIC,metagenome,ILLUMINA,2021-12-31T00:00:00Z,2020-08-25T12:32:00Z,1,Sample-121-B27,Sample-121-B27,8,SRP278242,41-5-F4
SRR12514744,AMPLICON,495,33819635,PRJNA658364,SAMN15867645,Metagenome or environmental,16073293,UNIVERSITY OF LIVERPOOL,not collected,public,"run.zq,sra,fastq","ncbi,s3,gs","gs.us-east1,ncbi.public,s3.us-east-1",G_CODD_T,SRX9005329,United Kingdom,Europe,United Kingdom: Cheshire,Ovis aries,Illumina MiSeq,Foot,51.244399 N 2.12202 W,120-B26,PAIRED,PCR,METAGENOMIC,metagenome,ILLUMINA,2021-12-31T00:00:00Z,2020-08-25T12:32:00Z,1,Sample-120-B26,Sample-120-B26,5,SRP278242,47-5-F1
SRR12514745,AMPLICON,495,65643117,PRJNA658364,SAMN15867637,Metagenome or environmental,31851665,UNIVERSITY OF LIVERPOOL,not collected,public,"sra,run.zq,fastq","gs,ncbi,s3","ncbi.public,gs.us-east1,s3.us-east-1",B_HEALTHY,SRX9005328,United Kingdom,Europe,United Kingdom: Cheshire,Ovis aries,Illumina MiSeq,Foot,51.244399 N 2.12202 W,95-B1,PAIRED,PCR,METAGENOMIC,metagenome,ILLUMINA,2021-12-31T00:00:00Z,2020-08-25T12:32:00Z,1,Sample-95-B1,Sample-95-B1,2,SRP278242,21-2-F2
SRR12514746,AMPLICON,493,38390829,PRJNA658364,SAMN15867641,Metagenome or environmental,19725824,UNIVERSITY OF LIVERPOOL,not collected,public,"fastq,run.zq,sra","ncbi,s3,gs","gs.us-east1,ncbi.public,s3.us-east-1",D_FOOTROT,SRX9005327,United Kingdom,Europe,United Kingdom: Cheshire,Ovis aries,Illumina MiSeq,Foot,51.244399 N 2.12202 W,98-262F2,PAIRED,PCR,METAGENOMIC,metagenome,ILLUMINA,2021-12-31T00:00:00Z,2020-08-25T12:33:00Z,1,Sample-98-262F2,Sample-98-262F2,2,SRP278242,26-2-F2
SRR12514747,AMPLICON,493,53136818,PRJNA658364,SAMN15867639,Metagenome or environmental,26954121,UNIVERSITY OF LIVERPOOL,not collected,public,"run.zq,sra,fastq","ncbi,gs,s3","ncbi.public,s3.us-east-1,gs.us-east1",C_ID,SRX9005326,United Kingdom,Europe,United Kingdom: Cheshire,Ovis aries,Illumina MiSeq,Foot,51.244399 N 2.12202 W,97-2612F3,PAIRED,PCR,METAGENOMIC,metagenome,ILLUMINA,2021-12-31T00:00:00Z,2020-08-25T12:33:00Z,1,Sample-97-2612F3,Sample-97-2612F3,12,SRP278242,26-12-F3
SRR12514748,AMPLICON,494,125158065,PRJNA658364,SAMN15867636,Metagenome or environmental,62098113,UNIVERSITY OF LIVERPOOL,not collected,public,"run.zq,fastq,sra","gs,ncbi,s3","s3.us-east-1,ncbi.public,gs.us-east1",C_ID,SRX9005325,United Kingdom,Europe,United Kingdom: Cheshire,Ovis aries,Illumina MiSeq,Foot,51.244399 N 2.12202 W,94-259F1,PAIRED,PCR,METAGENOMIC,metagenome,ILLUMINA,2021-12-31T00:00:00Z,2020-08-25T12:33:00Z,1,Sample-94-259F1,Sample-94-259F1,9,SRP278242,25-9-F1
SRR12514749,AMPLICON,492,12548260,PRJNA658364,SAMN15867635,Metagenome or environmental,6464422,UNIVERSITY OF LIVERPOOL,not collected,public,"fastq,sra,run.zq","s3,ncbi,gs","ncbi.public,gs.us-east1,s3.us-east-1",C_ID,SRX9005324,United Kingdom,Europe,United Kingdom: Cheshire,Ovis aries,Illumina MiSeq,Foot,51.244399 N 2.12202 W,93-258F3,PAIRED,PCR,METAGENOMIC,metagenome,ILLUMINA,2021-12-31T00:00:00Z,2020-08-25T12:32:00Z,1,Sample-93-258F3,Sample-93-258F3,8,SRP278242,25-8-F3
SRR12514750,AMPLICON,494,31945160,PRJNA658364,SAMN15867634,Metagenome or environmental,16136998,UNIVERSITY OF LIVERPOOL,not collected,public,"run.zq,sra,fastq","gs,s3,ncbi","s3.us-east-1,gs.us-east1,ncbi.public",C_ID,SRX9005323,United Kingdom,Europe,United Kingdom: Cheshire,Ovis aries,Illumina MiSeq,Foot,51.244399 N 2.12202 W,92-255F2,PAIRED,PCR,METAGENOMIC,metagenome,ILLUMINA,2021-12-31T00:00:00Z,2020-08-25T12:33:00Z,1,Sample-92-255F2,Sample-92-255F2,5,SRP278242,25-5-F2
SRR12514751,AMPLICON,495,78400036,PRJNA658364,SAMN15867632,Metagenome or environmental,38557133,UNIVERSITY OF LIVERPOOL,not collected,public,"run.zq,sra,fastq","gs,ncbi,s3","gs.us-east1,s3.us-east-1,ncbi.public",C_ID,SRX9005322,United Kingdom,Europe,United Kingdom: Cheshire,Ovis aries,Illumina MiSeq,Foot,51.244399 N 2.12202 W,91-252F2,PAIRED,PCR,METAGENOMIC,metagenome,ILLUMINA,2021-12-31T00:00:00Z,2020-08-25T12:33:00Z,1,Sample-91-252F2,Sample-91-252F2,2,SRP278242,25-2-F2
SRR12514752,AMPLICON,494,74145101,PRJNA658364,SAMN15867644,Metagenome or environmental,35434448,UNIVERSITY OF LIVERPOOL,not collected,public,"run.zq,fastq,sra","gs,ncbi,s3","s3.us-east-1,gs.us-east1,ncbi.public",G_CODD_T,SRX9005321,United Kingdom,Europe,United Kingdom: Cheshire,Ovis aries,Illumina MiSeq,Foot,51.244399 N 2.12202 W,119-B25,PAIRED,PCR,METAGENOMIC,metagenome,ILLUMINA,2021-12-31T00:00:00Z,2020-08-25T12:33:00Z,1,Sample-119-B25,Sample-119-B25,2,SRP278242,47-2-F2
SRR12514753,AMPLICON,495,42144660,PRJNA658364,SAMN15867633,Metagenome or environmental,20899008,UNIVERSITY OF LIVERPOOL,not collected,public,"run.zq,sra,fastq","gs,ncbi,s3","ncbi.public,s3.us-east-1,gs.us-east1",A_HEALTHY,SRX9005320,United Kingdom,Europe,United Kingdom: Cheshire,Ovis aries,Illumina MiSeq,Foot,51.244399 N 2.12202 W,9-1514F3,PAIRED,PCR,METAGENOMIC,metagenome,ILLUMINA,2021-12-31T00:00:00Z,2020-08-25T12:33:00Z,1,Sample-9-1514F3,Sample-9-1514F3,14,SRP278242,15-14-F3
SRR12514754,AMPLICON,494,83864770,PRJNA658364,SAMN15867631,Metagenome or environmental,41423318,UNIVERSITY OF LIVERPOOL,not collected,public,"sra,run.zq,fastq","s3,ncbi,gs","gs.us-east1,ncbi.public,s3.us-east-1",C_ID,SRX9005319,United Kingdom,Europe,United Kingdom: Cheshire,Ovis aries,Illumina MiSeq,Foot,51.244399 N 2.12202 W,89-2514F3,PAIRED,PCR,METAGENOMIC,metagenome,ILLUMINA,2021-12-31T00:00:00Z,2020-08-25T12:33:00Z,1,Sample-89-2514F3,Sample-89-2514F3,14,SRP278242,25-14-F3
SRR12514755,AMPLICON,493,24550539,PRJNA658364,SAMN15867630,Metagenome or environmental,12628937,UNIVERSITY OF LIVERPOOL,not collected,public,"fastq,sra,run.zq","gs,ncbi,s3","s3.us-east-1,ncbi.public,gs.us-east1",C_ID,SRX9005318,United Kingdom,Europe,United Kingdom: Cheshire,Ovis aries,Illumina MiSeq,Foot,51.244399 N 2.12202 W,86-2512F3,PAIRED,PCR,METAGENOMIC,metagenome,ILLUMINA,2021-12-31T00:00:00Z,2020-08-25T12:33:00Z,1,Sample-86-2512F3,Sample-86-2512F3,12,SRP278242,25-12-F3
SRR12514756,AMPLICON,495,27794101,PRJNA658364,SAMN15867629,Metagenome or environmental,13904762,UNIVERSITY OF LIVERPOOL,not collected,public,"run.zq,sra,fastq","s3,gs,ncbi","ncbi.public,gs.us-east1,s3.us-east-1",C_ID,SRX9005317,United Kingdom,Europe,United Kingdom: Cheshire,Ovis aries,Illumina MiSeq,Foot,51.244399 N 2.12202 W,80-249F1,PAIRED,PCR,METAGENOMIC,metagenome,ILLUMINA,2021-12-31T00:00:00Z,2020-08-25T12:33:00Z,1,Sample-80-249F1,Sample-80-249F1,9,SRP278242,24-9-F1
SRR12514757,AMPLICON,495,42032316,PRJNA658364,SAMN15867628,Metagenome or environmental,20920995,UNIVERSITY OF LIVERPOOL,not collected,public,"run.zq,sra,fastq","s3,gs,ncbi","ncbi.public,s3.us-east-1,gs.us-east1",C_ID,SRX9005316,United Kingdom,Europe,United Kingdom: Cheshire,Ovis aries,Illumina MiSeq,Foot,51.244399 N 2.12202 W,79-242F2,PAIRED,PCR,METAGENOMIC,metagenome,ILLUMINA,2021-12-31T00:00:00Z,2020-08-25T12:33:00Z,1,Sample-79-242F2,Sample-79-242F2,2,SRP278242,24-2-F2
SRR12514758,AMPLICON,495,44915829,PRJNA658364,SAMN15867627,Metagenome or environmental,22333999,UNIVERSITY OF LIVERPOOL,not collected,public,"fastq,sra,run.zq","ncbi,s3,gs","gs.us-east1,ncbi.public,s3.us-east-1",C_ID,SRX9005315,United Kingdom,Europe,United Kingdom: Cheshire,Ovis aries,Illumina MiSeq,Foot,51.244399 N 2.12202 W,78-2414F3,PAIRED,PCR,METAGENOMIC,metagenome,ILLUMINA,2021-12-31T00:00:00Z,2020-08-25T12:33:00Z,1,Sample-78-2414F3,Sample-78-2414F3,14,SRP278242,24-14-F3
SRR12514759,AMPLICON,494,38613413,PRJNA658364,SAMN15867626,Metagenome or environmental,19852576,UNIVERSITY OF LIVERPOOL,not collected,public,"fastq,run.zq,sra","gs,ncbi,s3","ncbi.public,s3.us-east-1,gs.us-east1",B_HEALTHY,SRX9005314,United Kingdom,Europe,United Kingdom: Cheshire,Ovis aries,Illumina MiSeq,Foot,51.244399 N 2.12202 W,75-239F1,PAIRED,PCR,METAGENOMIC,metagenome,ILLUMINA,2021-12-31T00:00:00Z,2020-08-25T12:33:00Z,1,Sample-75-239F1,Sample-75-239F1,9,SRP278242,23-9-F1
SRR12514760,AMPLICON,495,24554945,PRJNA658364,SAMN15867625,Metagenome or environmental,12296894,UNIVERSITY OF LIVERPOOL,not collected,public,"sra,fastq,run.zq","s3,gs,ncbi","ncbi.public,s3.us-east-1,gs.us-east1",B_HEALTHY,SRX9005313,United Kingdom,Europe,United Kingdom: Cheshire,Ovis aries,Illumina MiSeq,Foot,51.244399 N 2.12202 W,74-238F3,PAIRED,PCR,METAGENOMIC,metagenome,ILLUMINA,2021-12-31T00:00:00Z,2020-08-25T12:33:00Z,1,Sample-74-238F3,Sample-74-238F3,8,SRP278242,23-8-F3
SRR12514761,AMPLICON,495,31116979,PRJNA658364,SAMN15867624,Metagenome or environmental,15595302,UNIVERSITY OF LIVERPOOL,not collected,public,"fastq,run.zq,sra","gs,s3,ncbi","ncbi.public,gs.us-east1,s3.us-east-1",B_HEALTHY,SRX9005312,United Kingdom,Europe,United Kingdom: Cheshire,Ovis aries,Illumina MiSeq,Foot,51.244399 N 2.12202 W,73-235F2,PAIRED,PCR,METAGENOMIC,metagenome,ILLUMINA,2021-12-31T00:00:00Z,2020-08-25T12:33:00Z,1,Sample-73-235F2,Sample-73-235F2,5,SRP278242,23-5-F2
SRR12514762,AMPLICON,495,86366123,PRJNA658364,SAMN15867623,Metagenome or environmental,42910070,UNIVERSITY OF LIVERPOOL,not collected,public,"fastq,sra,run.zq","s3,ncbi,gs","ncbi.public,gs.us-east1,s3.us-east-1",C_ID,SRX9005311,United Kingdom,Europe,United Kingdom: Cheshire,Ovis aries,Illumina MiSeq,Foot,51.244399 N 2.12202 W,71-232F2,PAIRED,PCR,METAGENOMIC,metagenome,ILLUMINA,2021-12-31T00:00:00Z,2020-08-25T12:33:00Z,1,Sample-71-232F2,Sample-71-232F2,2,SRP278242,23-2-F2
SRR12514763,AMPLICON,495,50335258,PRJNA658364,SAMN15867652,Metagenome or environmental,24869562,UNIVERSITY OF LIVERPOOL,not collected,public,"fastq,sra,run.zq","gs,s3,ncbi","s3.us-east-1,ncbi.public,gs.us-east1",E_CODD,SRX9005310,United Kingdom,Europe,United Kingdom: Cheshire,Ovis aries,Illumina MiSeq,Foot,51.244399 N 2.12202 W,117-B23,PAIRED,PCR,METAGENOMIC,metagenome,ILLUMINA,2021-12-31T00:00:00Z,2020-08-25T12:33:00Z,1,Sample-117-B23,Sample-117-B23,23,SRP278242,39-23-F4
SRR12514764,AMPLICON,495,32583039,PRJNA658364,SAMN15867622,Metagenome or environmental,16126813,UNIVERSITY OF LIVERPOOL,not collected,public,"sra,run.zq,fastq","ncbi,s3,gs","ncbi.public,s3.us-east-1,gs.us-east1",C_ID,SRX9005309,United Kingdom,Europe,United Kingdom: Cheshire,Ovis aries,Illumina MiSeq,Foot,51.244399 N 2.12202 W,69-2314F3,PAIRED,PCR,METAGENOMIC,metagenome,ILLUMINA,2021-12-31T00:00:00Z,2020-08-25T12:33:00Z,1,Sample-69-2314F3,Sample-69-2314F3,14,SRP278242,23-14-F3
SRR12514765,AMPLICON,495,55038156,PRJNA658364,SAMN15867621,Metagenome or environmental,27492636,UNIVERSITY OF LIVERPOOL,not collected,public,"sra,fastq,run.zq","gs,s3,ncbi","gs.us-east1,s3.us-east-1,ncbi.public",B_HEALTHY,SRX9005308,United Kingdom,Europe,United Kingdom: Cheshire,Ovis aries,Illumina MiSeq,Foot,51.244399 N 2.12202 W,66-2312F3,PAIRED,PCR,METAGENOMIC,metagenome,ILLUMINA,2021-12-31T00:00:00Z,2020-08-25T12:33:00Z,1,Sample-66-2312F3,Sample-66-2312F3,12,SRP278242,23-12-F3
SRR12514766,AMPLICON,494,29436113,PRJNA658364,SAMN15867620,Metagenome or environmental,15021939,UNIVERSITY OF LIVERPOOL,not collected,public,"run.zq,fastq,sra","s3,ncbi,gs","gs.us-east1,ncbi.public,s3.us-east-1",C_ID,SRX9005307,United Kingdom,Europe,United Kingdom: Cheshire,Ovis aries,Illumina MiSeq,Foot,51.244399 N 2.12202 W,62-2212F3,PAIRED,PCR,METAGENOMIC,metagenome,ILLUMINA,2021-12-31T00:00:00Z,2020-08-25T12:33:00Z,1,Sample-62-2212F3,Sample-62-2212F3,12,SRP278242,22-12-F3
SRR12514767,AMPLICON,495,51544594,PRJNA658364,SAMN15867619,Metagenome or environmental,25685833,UNIVERSITY OF LIVERPOOL,not collected,public,"fastq,sra,run.zq","gs,ncbi,s3","ncbi.public,gs.us-east1,s3.us-east-1",A_HEALTHY,SRX9005306,United Kingdom,Europe,United Kingdom: Cheshire,Ovis aries,Illumina MiSeq,Foot,51.244399 N 2.12202 W,6-1512F3,PAIRED,PCR,METAGENOMIC,metagenome,ILLUMINA,2021-12-31T00:00:00Z,2020-08-25T12:33:00Z,1,Sample-6-1512F3,Sample-6-1512F3,12,SRP278242,15-12-F3
SRR12514768,AMPLICON,494,50244518,PRJNA658364,SAMN15867618,Metagenome or environmental,25204297,UNIVERSITY OF LIVERPOOL,not collected,public,"fastq,run.zq,sra","s3,ncbi,gs","s3.us-east-1,ncbi.public,gs.us-east1",B_HEALTHY,SRX9005305,United Kingdom,Europe,United Kingdom: Cheshire,Ovis aries,Illumina MiSeq,Foot,51.244399 N 2.12202 W,59-219F1,PAIRED,PCR,METAGENOMIC,metagenome,ILLUMINA,2021-12-31T00:00:00Z,2020-08-25T12:33:00Z,1,Sample-59-219F1,Sample-59-219F1,9,SRP278242,21-9-F1
SRR12514769,AMPLICON,494,72380380,PRJNA658364,SAMN15867617,Metagenome or environmental,36121604,UNIVERSITY OF LIVERPOOL,not collected,public,"sra,run.zq,fastq","s3,ncbi,gs","gs.us-east1,s3.us-east-1,ncbi.public",B_HEALTHY,SRX9005304,United Kingdom,Europe,United Kingdom: Cheshire,Ovis aries,Illumina MiSeq,Foot,51.244399 N 2.12202 W,58-218F3,PAIRED,PCR,METAGENOMIC,metagenome,ILLUMINA,2021-12-31T00:00:00Z,2020-08-25T12:33:00Z,1,Sample-58-218F3,Sample-58-218F3,8,SRP278242,21-8-F3
SRR12514770,AMPLICON,495,31148887,PRJNA658364,SAMN15867616,Metagenome or environmental,15519503,UNIVERSITY OF LIVERPOOL,not collected,public,"sra,fastq,run.zq","ncbi,gs,s3","ncbi.public,s3.us-east-1,gs.us-east1",B_HEALTHY,SRX9005303,United Kingdom,Europe,United Kingdom: Cheshire,Ovis aries,Illumina MiSeq,Foot,51.244399 N 2.12202 W,57-215F2,PAIRED,PCR,METAGENOMIC,metagenome,ILLUMINA,2021-12-31T00:00:00Z,2020-08-25T12:33:00Z,1,Sample-57-215F2,Sample-57-215F2,5,SRP278242,21-5-F2
SRR12514771,AMPLICON,496,169653002,PRJNA658364,SAMN15867615,Metagenome or environmental,82551900,UNIVERSITY OF LIVERPOOL,not collected,public,"sra,fastq,run.zq","gs,s3,ncbi","ncbi.public,gs.us-east1,s3.us-east-1",B_HEALTHY,SRX9005302,United Kingdom,Europe,United Kingdom: Cheshire,Ovis aries,Illumina MiSeq,Foot,51.244399 N 2.12202 W,55-212F2,PAIRED,PCR,METAGENOMIC,metagenome,ILLUMINA,2021-12-31T00:00:00Z,2020-08-25T12:33:00Z,1,Sample-55-212F2,Sample-55-212F2,2,SRP278242,21-2-F2
SRR12514772,AMPLICON,496,74243930,PRJNA658364,SAMN15867614,Metagenome or environmental,36109501,UNIVERSITY OF LIVERPOOL,not collected,public,"sra,fastq,run.zq","s3,gs,ncbi","s3.us-east-1,gs.us-east1,ncbi.public",B_HEALTHY,SRX9005301,United Kingdom,Europe,United Kingdom: Cheshire,Ovis aries,Illumina MiSeq,Foot,51.244399 N 2.12202 W,53-2114F3,PAIRED,PCR,METAGENOMIC,metagenome,ILLUMINA,2021-12-31T00:00:00Z,2020-08-25T12:33:00Z,1,Sample-53-2114F3,Sample-53-2114F3,14,SRP278242,21-14-F3
SRR12514773,AMPLICON,495,25223817,PRJNA658364,SAMN15867613,Metagenome or environmental,12595782,UNIVERSITY OF LIVERPOOL,not collected,public,"sra,run.zq,fastq","gs,ncbi,s3","gs.us-east1,ncbi.public,s3.us-east-1",B_HEALTHY,SRX9005300,United Kingdom,Europe,United Kingdom: Cheshire,Ovis aries,Illumina MiSeq,Foot,51.244399 N 2.12202 W,50-2112F3,PAIRED,PCR,METAGENOMIC,metagenome,ILLUMINA,2021-12-31T00:00:00Z,2020-08-25T12:33:00Z,1,Sample-50-2112F3,Sample-50-2112F3,12,SRP278242,21-12-F3
SRR12514774,AMPLICON,494,53967238,PRJNA658364,SAMN15867651,Metagenome or environmental,26928219,UNIVERSITY OF LIVERPOOL,not collected,public,"run.zq,fastq,sra","gs,s3,ncbi","s3.us-east-1,ncbi.public,gs.us-east1",E_CODD,SRX9005299,United Kingdom,Europe,United Kingdom: Cheshire,Ovis aries,Illumina MiSeq,Foot,51.244399 N 2.12202 W,116-B22,PAIRED,PCR,METAGENOMIC,metagenome,ILLUMINA,2021-12-31T00:00:00Z,2020-08-25T12:33:00Z,1,Sample-116-B22,Sample-116-B22,23,SRP278242,38-23-F4
SRR12514775,AMPLICON,496,38995759,PRJNA658364,SAMN15867612,Metagenome or environmental,19213250,UNIVERSITY OF LIVERPOOL,not collected,public,"fastq,run.zq,sra","gs,s3,ncbi","gs.us-east1,s3.us-east-1,ncbi.public",C_ID,SRX9005298,United Kingdom,Europe,United Kingdom: Cheshire,Ovis aries,Illumina MiSeq,Foot,51.244399 N 2.12202 W,46-205F2,PAIRED,PCR,METAGENOMIC,metagenome,ILLUMINA,2021-12-31T00:00:00Z,2020-08-25T12:33:00Z,1,Sample-46-205F2,Sample-46-205F2,5,SRP278242,20-5-F2
SRR12514776,AMPLICON,495,70508214,PRJNA658364,SAMN15867611,Metagenome or environmental,35134946,UNIVERSITY OF LIVERPOOL,not collected,public,"run.zq,fastq,sra","ncbi,s3,gs","ncbi.public,s3.us-east-1,gs.us-east1",A_HEALTHY,SRX9005297,United Kingdom,Europe,United Kingdom: Cheshire,Ovis aries,Illumina MiSeq,Foot,51.244399 N 2.12202 W,42-199F1,PAIRED,PCR,METAGENOMIC,metagenome,ILLUMINA,2021-12-31T00:00:00Z,2020-08-25T12:33:00Z,1,Sample-42-199F1,Sample-42-199F1,9,SRP278242,19-9-F1
SRR12514777,AMPLICON,496,94270649,PRJNA658364,SAMN15867610,Metagenome or environmental,45973398,UNIVERSITY OF LIVERPOOL,not collected,public,"run.zq,sra,fastq","s3,gs,ncbi","s3.us-east-1,gs.us-east1,ncbi.public",B_HEALTHY,SRX9005296,United Kingdom,Europe,United Kingdom: Cheshire,Ovis aries,Illumina MiSeq,Foot,51.244399 N 2.12202 W,41-198F3,PAIRED,PCR,METAGENOMIC,metagenome,ILLUMINA,2021-12-31T00:00:00Z,2020-08-25T12:33:00Z,1,Sample-41-198F3,Sample-41-198F3,8,SRP278242,19-8-F3
SRR12514778,AMPLICON,495,55836241,PRJNA658364,SAMN15867609,Metagenome or environmental,27614326,UNIVERSITY OF LIVERPOOL,not collected,public,"run.zq,fastq,sra","ncbi,gs,s3","ncbi.public,s3.us-east-1,gs.us-east1",C_ID,SRX9005295,United Kingdom,Europe,United Kingdom: Cheshire,Ovis aries,Illumina MiSeq,Foot,51.244399 N 2.12202 W,40-195F2,PAIRED,PCR,METAGENOMIC,metagenome,ILLUMINA,2021-12-31T00:00:00Z,2020-08-25T12:33:00Z,1,Sample-40-195F2,Sample-40-195F2,5,SRP278242,19-5-F2
SRR12514779,AMPLICON,494,22320913,PRJNA658364,SAMN15867608,Metagenome or environmental,11224468,UNIVERSITY OF LIVERPOOL,not collected,public,"sra,fastq,run.zq","gs,ncbi,s3","gs.us-east1,ncbi.public,s3.us-east-1",B_HEALTHY,SRX9005294,United Kingdom,Europe,United Kingdom: Cheshire,Ovis aries,Illumina MiSeq,Foot,51.244399 N 2.12202 W,38-192F2,PAIRED,PCR,METAGENOMIC,metagenome,ILLUMINA,2021-12-31T00:00:00Z,2020-08-25T12:33:00Z,1,Sample-38-192F2,Sample-38-192F2,2,SRP278242,19-2-F2
SRR12514780,AMPLICON,495,35101829,PRJNA658364,SAMN15867607,Metagenome or environmental,17167841,UNIVERSITY OF LIVERPOOL,not collected,public,"sra,fastq,run.zq","gs,ncbi,s3","s3.us-east-1,gs.us-east1,ncbi.public",B_HEALTHY,SRX9005293,United Kingdom,Europe,United Kingdom: Cheshire,Ovis aries,Illumina MiSeq,Foot,51.244399 N 2.12202 W,36-1914F3,PAIRED,PCR,METAGENOMIC,metagenome,ILLUMINA,2021-12-31T00:00:00Z,2020-08-25T12:33:00Z,1,Sample-36-1914F3,Sample-36-1914F3,14,SRP278242,19-14-F3
SRR12514781,AMPLICON,494,93100779,PRJNA658364,SAMN15867606,Metagenome or environmental,46294262,UNIVERSITY OF LIVERPOOL,not collected,public,"fastq,sra,run.zq","s3,ncbi,gs","gs.us-east1,s3.us-east-1,ncbi.public",A_HEALTHY,SRX9005292,United Kingdom,Europe,United Kingdom: Cheshire,Ovis aries,Illumina MiSeq,Foot,51.244399 N 2.12202 W,33-1912F3,PAIRED,PCR,METAGENOMIC,metagenome,ILLUMINA,2021-12-31T00:00:00Z,2020-08-25T12:33:00Z,1,Sample-33-1912F3,Sample-33-1912F3,12,SRP278242,19-12-F3
SRR12514782,AMPLICON,496,82213510,PRJNA658364,SAMN15867605,Metagenome or environmental,39974846,UNIVERSITY OF LIVERPOOL,not collected,public,"sra,fastq,run.zq","s3,ncbi,gs","gs.us-east1,ncbi.public,s3.us-east-1",C_ID,SRX9005291,United Kingdom,Europe,United Kingdom: Cheshire,Ovis aries,Illumina MiSeq,Foot,51.244399 N 2.12202 W,29-185F2,PAIRED,PCR,METAGENOMIC,metagenome,ILLUMINA,2021-12-31T00:00:00Z,2020-08-25T12:33:00Z,1,Sample-29-185F2,Sample-29-185F2,5,SRP278242,18-5-F2
SRR12514783,AMPLICON,495,32532807,PRJNA658364,SAMN15867604,Metagenome or environmental,16184783,UNIVERSITY OF LIVERPOOL,not collected,public,"fastq,sra,run.zq","ncbi,gs,s3","gs.us-east1,ncbi.public,s3.us-east-1",A_HEALTHY,SRX9005290,United Kingdom,Europe,United Kingdom: Cheshire,Ovis aries,Illumina MiSeq,Foot,51.244399 N 2.12202 W,26-179F1,PAIRED,PCR,METAGENOMIC,metagenome,ILLUMINA,2021-12-31T00:00:00Z,2020-08-25T12:33:00Z,1,Sample-26-179F1,Sample-26-179F1,9,SRP278242,17-9-F1
SRR12514784,AMPLICON,494,49065393,PRJNA658364,SAMN15867603,Metagenome or environmental,24692062,UNIVERSITY OF LIVERPOOL,not collected,public,"fastq,run.zq,sra","s3,ncbi,gs","ncbi.public,gs.us-east1,s3.us-east-1",A_HEALTHY,SRX9005289,United Kingdom,Europe,United Kingdom: Cheshire,Ovis aries,Illumina MiSeq,Foot,51.244399 N 2.12202 W,25-178F3,PAIRED,PCR,METAGENOMIC,metagenome,ILLUMINA,2021-12-31T00:00:00Z,2020-08-25T12:33:00Z,1,Sample-25-178F3,Sample-25-178F3,8,SRP278242,17-8-F3
SRR12514785,AMPLICON,493,50136955,PRJNA658364,SAMN15867650,Metagenome or environmental,25183766,UNIVERSITY OF LIVERPOOL,not collected,public,"fastq,sra,run.zq","gs,ncbi,s3","ncbi.public,gs.us-east1,s3.us-east-1",E_CODD,SRX9005288,United Kingdom,Europe,United Kingdom: Cheshire,Ovis aries,Illumina MiSeq,Foot,51.244399 N 2.12202 W,115-B21,PAIRED,PCR,METAGENOMIC,metagenome,ILLUMINA,2021-12-31T00:00:00Z,2020-08-25T12:33:00Z,1,Sample-115-B21,Sample-115-B21,23,SRP278242,35-23-F4
SRR12514786,AMPLICON,495,38917589,PRJNA658364,SAMN15867602,Metagenome or environmental,19191920,UNIVERSITY OF LIVERPOOL,not collected,public,"run.zq,fastq,sra","gs,s3,ncbi","gs.us-east1,ncbi.public,s3.us-east-1",A_HEALTHY,SRX9005287,United Kingdom,Europe,United Kingdom: Cheshire,Ovis aries,Illumina MiSeq,Foot,51.244399 N 2.12202 W,24-175F2,PAIRED,PCR,METAGENOMIC,metagenome,ILLUMINA,2021-12-31T00:00:00Z,2020-08-25T12:33:00Z,1,Sample-24-175F2,Sample-24-175F2,5,SRP278242,17-5-F2
SRR12514787,AMPLICON,495,30645753,PRJNA658364,SAMN15867601,Metagenome or environmental,15154940,UNIVERSITY OF LIVERPOOL,not collected,public,"run.zq,sra,fastq","s3,gs,ncbi","s3.us-east-1,ncbi.public,gs.us-east1",A_HEALTHY,SRX9005286,United Kingdom,Europe,United Kingdom: Cheshire,Ovis aries,Illumina MiSeq,Foot,51.244399 N 2.12202 W,22-172F2,PAIRED,PCR,METAGENOMIC,metagenome,ILLUMINA,2021-12-31T00:00:00Z,2020-08-25T12:33:00Z,1,Sample-22-172F2,Sample-22-172F2,2,SRP278242,17-2-F2
SRR12514788,AMPLICON,495,46575247,PRJNA658364,SAMN15867599,Metagenome or environmental,22884453,UNIVERSITY OF LIVERPOOL,not collected,public,"fastq,sra,run.zq","ncbi,s3,gs","gs.us-east1,ncbi.public,s3.us-east-1",A_HEALTHY,SRX9005285,United Kingdom,Europe,United Kingdom: Cheshire,Ovis aries,Illumina MiSeq,Foot,51.244399 N 2.12202 W,20-1714F3,PAIRED,PCR,METAGENOMIC,metagenome,ILLUMINA,2021-12-31T00:00:00Z,2020-08-25T12:33:00Z,1,Sample-20-1714F3,Sample-20-1714F3,14,SRP278242,17-14-F3
SRR12514789,AMPLICON,495,29079622,PRJNA658364,SAMN15867600,Metagenome or environmental,14408239,UNIVERSITY OF LIVERPOOL,not collected,public,"fastq,run.zq,sra","gs,ncbi,s3","gs.us-east1,ncbi.public,s3.us-east-1",A_HEALTHY,SRX9005284,United Kingdom,Europe,United Kingdom: Cheshire,Ovis aries,Illumina MiSeq,Foot,51.244399 N 2.12202 W,2-135F2,PAIRED,PCR,METAGENOMIC,metagenome,ILLUMINA,2021-12-31T00:00:00Z,2020-08-25T12:33:00Z,1,Sample-2-135F2,Sample-2-135F2,5,SRP278242,13-5-F2
SRR12514790,AMPLICON,474,21821,PRJNA658364,SAMN15867695,Metagenome or environmental,94642,UNIVERSITY OF LIVERPOOL,not collected,public,"run.zq,fastq,sra","gs,ncbi,s3","s3.us-east-1,ncbi.public,gs.us-east1",EC,SRX9005283,United Kingdom,Europe,United Kingdom: Cheshire,not collected,Illumina MiSeq,EC,51.244399 N 2.12202 W,191-Extractcontrol,PAIRED,PCR,METAGENOMIC,metagenome,ILLUMINA,2021-12-31T00:00:00Z,2020-08-25T12:33:00Z,1,Extractcontrol,Sample-191-Extractcontrol,EC,SRP278242,EC
SRR12514791,AMPLICON,492,63004534,PRJNA658364,SAMN15867663,Metagenome or environmental,31020553,UNIVERSITY OF LIVERPOOL,not collected,public,"run.zq,fastq,sra","ncbi,s3,gs","s3.us-east-1,ncbi.public,gs.us-east1",A_HEALTHY,SRX9005282,United Kingdom,Europe,United Kingdom: Cheshire,Ovis aries,Illumina MiSeq,Foot,51.244399 N 2.12202 W,190-19F3,PAIRED,PCR,METAGENOMIC,metagenome,ILLUMINA,2021-12-31T00:00:00Z,2020-08-25T12:33:00Z,1,Sample-190-19F3,Sample-190-19F3,9,SRP278242,1-9-F3
SRR12514792,AMPLICON,494,57727075,PRJNA658364,SAMN15867598,Metagenome or environmental,28383977,UNIVERSITY OF LIVERPOOL,not collected,public,"sra,run.zq,fastq","s3,gs,ncbi","ncbi.public,gs.us-east1,s3.us-east-1",A_HEALTHY,SRX9005281,United Kingdom,Europe,United Kingdom: Cheshire,Ovis aries,Illumina MiSeq,Foot,51.244399 N 2.12202 W,189-19F1,PAIRED,PCR,METAGENOMIC,metagenome,ILLUMINA,2021-12-31T00:00:00Z,2020-08-25T12:34:00Z,1,Sample-189-19F1,Sample-189-19F1,9,SRP278242,1-9-F1
SRR12514793,AMPLICON,492,57334756,PRJNA658364,SAMN15867597,Metagenome or environmental,28292442,UNIVERSITY OF LIVERPOOL,not collected,public,"sra,fastq,run.zq","ncbi,gs,s3","s3.us-east-1,ncbi.public,gs.us-east1",A_HEALTHY,SRX9005280,United Kingdom,Europe,United Kingdom: Cheshire,Ovis aries,Illumina MiSeq,Foot,51.244399 N 2.12202 W,188-18F3,PAIRED,PCR,METAGENOMIC,metagenome,ILLUMINA,2021-12-31T00:00:00Z,2020-08-25T12:34:00Z,1,Sample-188-18F3,Sample-188-18F3,8,SRP278242,1-8-F3
SRR12514794,AMPLICON,494,40242418,PRJNA658364,SAMN15867596,Metagenome or environmental,19769155,UNIVERSITY OF LIVERPOOL,not collected,public,"fastq,sra,run.zq","s3,ncbi,gs","gs.us-east1,s3.us-east-1,ncbi.public",A_HEALTHY,SRX9005279,United Kingdom,Europe,United Kingdom: Cheshire,Ovis aries,Illumina MiSeq,Foot,51.244399 N 2.12202 W,187-15F2,PAIRED,PCR,METAGENOMIC,metagenome,ILLUMINA,2021-12-31T00:00:00Z,2020-08-25T12:33:00Z,1,Sample-187-15F2,Sample-187-15F2,5,SRP278242,1-5-F2
SRR12514795,AMPLICON,493,69240168,PRJNA658364,SAMN15867662,Metagenome or environmental,34240621,UNIVERSITY OF LIVERPOOL,not collected,public,"run.zq,sra,fastq","ncbi,s3,gs","gs.us-east1,s3.us-east-1,ncbi.public",A_HEALTHY,SRX9005278,United Kingdom,Europe,United Kingdom: Cheshire,Ovis aries,Illumina MiSeq,Foot,51.244399 N 2.12202 W,186-13F1,PAIRED,PCR,METAGENOMIC,metagenome,ILLUMINA,2021-12-31T00:00:00Z,2020-08-25T12:34:00Z,1,Sample-186-13F1,Sample-186-13F1,3,SRP278242,1-3-F1
SRR12514796,AMPLICON,493,88987866,PRJNA658364,SAMN15867649,Metagenome or environmental,44826205,UNIVERSITY OF LIVERPOOL,not collected,public,"fastq,run.zq,sra","s3,ncbi,gs","ncbi.public,gs.us-east1,s3.us-east-1",E_CODD,SRX9005277,United Kingdom,Europe,United Kingdom: Cheshire,Ovis aries,Illumina MiSeq,Foot,51.244399 N 2.12202 W,114-B20,PAIRED,PCR,METAGENOMIC,metagenome,ILLUMINA,2021-12-31T00:00:00Z,2020-08-25T12:34:00Z,1,Sample-114-B20,Sample-114-B20,23,SRP278242,32-23-F4
SRR12514797,AMPLICON,491,41087549,PRJNA658364,SAMN15867595,Metagenome or environmental,20298132,UNIVERSITY OF LIVERPOOL,not collected,public,"run.zq,fastq,sra","gs,ncbi,s3","ncbi.public,s3.us-east-1,gs.us-east1",A_HEALTHY,SRX9005276,United Kingdom,Europe,United Kingdom: Cheshire,Ovis aries,Illumina MiSeq,Foot,51.244399 N 2.12202 W,185-12F2,PAIRED,PCR,METAGENOMIC,metagenome,ILLUMINA,2021-12-31T00:00:00Z,2020-08-25T12:34:00Z,1,Sample-185-12F2,Sample-185-12F2,2,SRP278242,1-2-F2
SRR12514798,AMPLICON,494,49725759,PRJNA658364,SAMN15867661,Metagenome or environmental,24555084,UNIVERSITY OF LIVERPOOL,not collected,public,"fastq,sra,run.zq","gs,ncbi,s3","ncbi.public,s3.us-east-1,gs.us-east1",A_HEALTHY,SRX9005275,United Kingdom,Europe,United Kingdom: Cheshire,Ovis aries,Illumina MiSeq,Foot,51.244399 N 2.12202 W,184-119F2,PAIRED,PCR,METAGENOMIC,metagenome,ILLUMINA,2021-12-31T00:00:00Z,2020-08-25T12:34:00Z,1,Sample-184-119F2,Sample-184-119F2,19,SRP278242,1-19-F2
SRR12514799,AMPLICON,492,49361309,PRJNA658364,SAMN15867594,Metagenome or environmental,24705056,UNIVERSITY OF LIVERPOOL,not collected,public,"fastq,run.zq,sra","s3,ncbi,gs","s3.us-east-1,gs.us-east1,ncbi.public",A_HEALTHY,SRX9005274,United Kingdom,Europe,United Kingdom: Cheshire,Ovis aries,Illumina MiSeq,Foot,51.244399 N 2.12202 W,183-114F3,PAIRED,PCR,METAGENOMIC,metagenome,ILLUMINA,2021-12-31T00:00:00Z,2020-08-25T12:34:00Z,1,Sample-183-114F3,Sample-183-114F3,14,SRP278242,1-14-F3
SRR12514800,AMPLICON,493,48451512,PRJNA658364,SAMN15867660,Metagenome or environmental,23952373,UNIVERSITY OF LIVERPOOL,not collected,public,"sra,fastq,run.zq","ncbi,s3,gs","gs.us-east1,ncbi.public,s3.us-east-1",A_HEALTHY,SRX9005273,United Kingdom,Europe,United Kingdom: Cheshire,Ovis aries,Illumina MiSeq,Foot,51.244399 N 2.12202 W,182-114F2,PAIRED,PCR,METAGENOMIC,metagenome,ILLUMINA,2021-12-31T00:00:00Z,2020-08-25T12:34:00Z,1,Sample-182-114F2,Sample-182-114F2,14,SRP278242,1-14-F2
SRR12514801,AMPLICON,491,101243179,PRJNA658364,SAMN15867659,Metagenome or environmental,50003053,UNIVERSITY OF LIVERPOOL,not collected,public,"fastq,sra,run.zq","ncbi,gs,s3","ncbi.public,s3.us-east-1,gs.us-east1",A_HEALTHY,SRX9005272,United Kingdom,Europe,United Kingdom: Cheshire,Ovis aries,Illumina MiSeq,Foot,51.244399 N 2.12202 W,181-113F3,PAIRED,PCR,METAGENOMIC,metagenome,ILLUMINA,2021-12-31T00:00:00Z,2020-08-25T12:34:00Z,1,Sample-181-113F3,Sample-181-113F3,13,SRP278242,1-13-F3
SRR12514802,AMPLICON,493,62975616,PRJNA658364,SAMN15867593,Metagenome or environmental,31097535,UNIVERSITY OF LIVERPOOL,not collected,public,"sra,fastq,run.zq","gs,ncbi,s3","s3.us-east-1,ncbi.public,gs.us-east1",A_HEALTHY,SRX9005271,United Kingdom,Europe,United Kingdom: Cheshire,Ovis aries,Illumina MiSeq,Foot,51.244399 N 2.12202 W,180-112F3,PAIRED,PCR,METAGENOMIC,metagenome,ILLUMINA,2021-12-31T00:00:00Z,2020-08-25T12:34:00Z,1,Sample-180-112F3,Sample-180-112F3,12,SRP278242,1-12-F3
SRR12514803,AMPLICON,481,9781991,PRJNA658364,SAMN15867658,Metagenome or environmental,4907694,UNIVERSITY OF LIVERPOOL,not collected,public,"sra,fastq,run.zq","s3,ncbi,gs","ncbi.public,gs.us-east1,s3.us-east-1",A_HEALTHY,SRX9005270,United Kingdom,Europe,United Kingdom: Cheshire,Ovis aries,Illumina MiSeq,Foot,51.244399 N 2.12202 W,179-112F1,PAIRED,PCR,METAGENOMIC,metagenome,ILLUMINA,2021-12-31T00:00:00Z,2020-08-25T12:34:00Z,1,Sample-179-112F1,Sample-179-112F1,12,SRP278242,1-12-F1
SRR12514804,AMPLICON,490,200294341,PRJNA658364,SAMN15867657,Metagenome or environmental,99192959,UNIVERSITY OF LIVERPOOL,not collected,public,"fastq,sra,run.zq","ncbi,gs,s3","ncbi.public,gs.us-east1,s3.us-east-1",A_HEALTHY,SRX9005269,United Kingdom,Europe,United Kingdom: Cheshire,Ovis aries,Illumina MiSeq,Foot,51.244399 N 2.12202 W,178-111F4,PAIRED,PCR,METAGENOMIC,metagenome,ILLUMINA,2021-12-31T00:00:00Z,2020-08-25T12:34:00Z,1,Sample-178-111F4,Sample-178-111F4,11,SRP278242,1-11-F4
SRR12514805,AMPLICON,488,119461185,PRJNA658364,SAMN15867656,Metagenome or environmental,59608773,UNIVERSITY OF LIVERPOOL,not collected,public,"fastq,sra,run.zq","gs,ncbi,s3","s3.us-east-1,gs.us-east1,ncbi.public",A_HEALTHY,SRX9005268,United Kingdom,Europe,United Kingdom: Cheshire,Ovis aries,Illumina MiSeq,Foot,51.244399 N 2.12202 W,177-110F4,PAIRED,PCR,METAGENOMIC,metagenome,ILLUMINA,2021-12-31T00:00:00Z,2020-08-25T12:34:00Z,1,Sample-177-110F4,Sample-177-110F4,10,SRP278242,1-10-F4
SRR12514806,AMPLICON,490,72029557,PRJNA658364,SAMN15867655,Metagenome or environmental,36063474,UNIVERSITY OF LIVERPOOL,not collected,public,"run.zq,sra,fastq","ncbi,gs,s3","gs.us-east1,s3.us-east-1,ncbi.public",A_HEALTHY,SRX9005267,United Kingdom,Europe,United Kingdom: Cheshire,Ovis aries,Illumina MiSeq,Foot,51.244399 N 2.12202 W,176-110F3,PAIRED,PCR,METAGENOMIC,metagenome,ILLUMINA,2021-12-31T00:00:00Z,2020-08-25T12:34:00Z,1,Sample-176-110F3,Sample-176-110F3,10,SRP278242,1-10-F3
SRR12514807,AMPLICON,493,58600201,PRJNA658364,SAMN15867648,Metagenome or environmental,29700656,UNIVERSITY OF LIVERPOOL,not collected,public,"fastq,run.zq,sra","s3,gs,ncbi","gs.us-east1,s3.us-east-1,ncbi.public",A_HEALTHY,SRX9005266,United Kingdom,Europe,United Kingdom: Cheshire,Ovis aries,Illumina MiSeq,Foot,51.244399 N 2.12202 W,113-B19,PAIRED,PCR,METAGENOMIC,metagenome,ILLUMINA,2021-12-31T00:00:00Z,2020-08-25T12:34:00Z,1,Sample-113-B19,Sample-113-B19,23,SRP278242,19-23-F4
SRR12514808,AMPLICON,494,38726599,PRJNA658364,SAMN15867541,Metagenome or environmental,18861451,UNIVERSITY OF LIVERPOOL,not collected,public,"sra,run.zq,fastq","gs,ncbi,s3","gs.us-east1,ncbi.public,s3.us-east-1",E_CODD,SRX9005265,United Kingdom,Europe,United Kingdom: Cheshire,Ovis aries,Illumina MiSeq,Foot,51.244399 N 2.12202 W,102-B8,PAIRED,PCR,METAGENOMIC,metagenome,ILLUMINA,2021-12-31T00:00:00Z,2020-08-25T12:34:00Z,1,Sample-102-B8,Sample-102-B8,5,SRP278242,33-5-F2
SRR12514809,AMPLICON,496,56035113,PRJNA658364,SAMN15867540,Metagenome or environmental,27001780,UNIVERSITY OF LIVERPOOL,not collected,public,"sra,fastq,run.zq","ncbi,gs,s3","s3.us-east-1,gs.us-east1,ncbi.public",B_HEALTHY,SRX9005264,United Kingdom,Europe,United Kingdom: Cheshire,Ovis aries,Illumina MiSeq,Foot,51.244399 N 2.12202 W,101-B7,PAIRED,PCR,METAGENOMIC,metagenome,ILLUMINA,2021-12-31T00:00:00Z,2020-08-25T12:34:00Z,1,Sample-101-B7,Sample-101-B7,5,SRP278242,23-5-F2
SRR12486648,AMPLICON,494,57481621,PRJNA658364,SAMN15867654,Metagenome or environmental,26692524,UNIVERSITY OF LIVERPOOL,not collected,public,"sra,fastq,run.zq","gs,ncbi,s3","s3.us-east-1,ncbi.public,gs.us-east1",A_HEALTHY,SRX8978620,United Kingdom,Europe,United Kingdom: Cheshire,Ovis aries,Illumina MiSeq,Foot,51.244399 N 2.12202 W,175-11F1,PAIRED,PCR,METAGENOMIC,metagenome,ILLUMINA,2021-12-31T00:00:00Z,2020-08-20T16:23:00Z,1,Sample-175-11F1,Sample-175-11F1,1,SRP278242,1-1-F1
SRR12486649,AMPLICON,497,77708639,PRJNA658364,SAMN15867592,Metagenome or environmental,35156683,UNIVERSITY OF LIVERPOOL,not collected,public,"run.zq,fastq,sra","gs,s3,ncbi","gs.us-east1,ncbi.public,s3.us-east-1",A_HEALTHY,SRX8978619,United Kingdom,Europe,United Kingdom: Cheshire,Ovis aries,Illumina MiSeq,Foot,51.244399 N 2.12202 W,17-1712F3,PAIRED,PCR,METAGENOMIC,metagenome,ILLUMINA,2021-12-31T00:00:00Z,2020-08-20T16:24:00Z,1,Sample-17-1712F3,Sample-17-1712F3,12,SRP278242,17-12-F3
SRR12486650,AMPLICON,495,17882683,PRJNA658364,SAMN15867591,Metagenome or environmental,8961489,UNIVERSITY OF LIVERPOOL,not collected,public,"run.zq,fastq,sra","s3,ncbi,gs","ncbi.public,gs.us-east1,s3.us-east-1",D_FOOTROT,SRX8978618,United Kingdom,Europe,United Kingdom: Cheshire,Ovis aries,Illumina MiSeq,Foot,51.244399 N 2.12202 W,157-325F2,PAIRED,PCR,METAGENOMIC,metagenome,ILLUMINA,2021-12-31T00:00:00Z,2020-08-20T16:24:00Z,1,Sample-157-325F2,Sample-157-325F2,5,SRP278242,32-5-F2
SRR12486651,AMPLICON,497,20084362,PRJNA658364,SAMN15867590,Metagenome or environmental,9397713,UNIVERSITY OF LIVERPOOL,not collected,public,"run.zq,sra,fastq","ncbi,gs,s3","s3.us-east-1,gs.us-east1,ncbi.public",D_FOOTROT,SRX8978617,United Kingdom,Europe,United Kingdom: Cheshire,Ovis aries,Illumina MiSeq,Foot,51.244399 N 2.12202 W,154-315F2,PAIRED,PCR,METAGENOMIC,metagenome,ILLUMINA,2021-12-31T00:00:00Z,2020-08-20T16:24:00Z,1,Sample-154-315F2,Sample-154-315F2,5,SRP278242,31-5-F2
SRR12486652,AMPLICON,497,22465717,PRJNA658364,SAMN15867589,Metagenome or environmental,10487775,UNIVERSITY OF LIVERPOOL,not collected,public,"fastq,sra,run.zq","ncbi,s3,gs","gs.us-east1,s3.us-east-1,ncbi.public",D_FOOTROT,SRX8978616,United Kingdom,Europe,United Kingdom: Cheshire,Ovis aries,Illumina MiSeq,Foot,51.244399 N 2.12202 W,150-3112F3,PAIRED,PCR,METAGENOMIC,metagenome,ILLUMINA,2021-12-31T00:00:00Z,2020-08-20T16:23:00Z,1,Sample-150-3112F3,Sample-150-3112F3,12,SRP278242,31-12-F3
SRR12486653,AMPLICON,497,18594092,PRJNA658364,SAMN15867588,Metagenome or environmental,8723223,UNIVERSITY OF LIVERPOOL,not collected,public,"fastq,sra,run.zq","s3,ncbi,gs","s3.us-east-1,ncbi.public,gs.us-east1",D_FOOTROT,SRX8978615,United Kingdom,Europe,United Kingdom: Cheshire,Ovis aries,Illumina MiSeq,Foot,51.244399 N 2.12202 W,144-308F3,PAIRED,PCR,METAGENOMIC,metagenome,ILLUMINA,2021-12-31T00:00:00Z,2020-08-20T16:23:00Z,1,Sample-144-308F3,Sample-144-308F3,8,SRP278242,30-8-F3
SRR12486654,AMPLICON,495,21205939,PRJNA658364,SAMN15867587,Metagenome or environmental,10503637,UNIVERSITY OF LIVERPOOL,not collected,public,"run.zq,fastq,sra","gs,s3,ncbi","ncbi.public,gs.us-east1,s3.us-east-1",D_FOOTROT,SRX8978614,United Kingdom,Europe,United Kingdom: Cheshire,Ovis aries,Illumina MiSeq,Foot,51.244399 N 2.12202 W,143-305F2,PAIRED,PCR,METAGENOMIC,metagenome,ILLUMINA,2021-12-31T00:00:00Z,2020-08-20T16:24:00Z,1,Sample-143-305F2,Sample-143-305F2,5,SRP278242,30-5-F2
SRR12486655,AMPLICON,496,17083159,PRJNA658364,SAMN15867585,Metagenome or environmental,8398735,UNIVERSITY OF LIVERPOOL,not collected,public,"run.zq,sra,fastq","gs,ncbi,s3","s3.us-east-1,ncbi.public,gs.us-east1",D_FOOTROT,SRX8978613,United Kingdom,Europe,United Kingdom: Cheshire,Ovis aries,Illumina MiSeq,Foot,51.244399 N 2.12202 W,141-3012F3,PAIRED,PCR,METAGENOMIC,metagenome,ILLUMINA,2021-12-31T00:00:00Z,2020-08-20T16:24:00Z,1,Sample-141-3012F3,Sample-141-3012F3,12,SRP278242,30-12-F3
SRR12486656,AMPLICON,496,20407598,PRJNA658364,SAMN15867583,Metagenome or environmental,9849925,UNIVERSITY OF LIVERPOOL,not collected,public,"run.zq,fastq,sra","ncbi,gs,s3","s3.us-east-1,ncbi.public,gs.us-east1",D_FOOTROT,SRX8978612,United Kingdom,Europe,United Kingdom: Cheshire,Ovis aries,Illumina MiSeq,Foot,51.244399 N 2.12202 W,139-299F1,PAIRED,PCR,METAGENOMIC,metagenome,ILLUMINA,2021-12-31T00:00:00Z,2020-08-20T16:23:00Z,1,Sample-139-299F1,Sample-139-299F1,9,SRP278242,29-9-F1
SRR12486657,AMPLICON,496,22463638,PRJNA658364,SAMN15867581,Metagenome or environmental,11024821,UNIVERSITY OF LIVERPOOL,not collected,public,"sra,fastq,run.zq","ncbi,s3,gs","s3.us-east-1,gs.us-east1,ncbi.public",D_FOOTROT,SRX8978611,United Kingdom,Europe,United Kingdom: Cheshire,Ovis aries,Illumina MiSeq,Foot,51.244399 N 2.12202 W,138-298F3,PAIRED,PCR,METAGENOMIC,metagenome,ILLUMINA,2021-12-31T00:00:00Z,2020-08-20T16:23:00Z,1,Sample-138-298F3,Sample-138-298F3,8,SRP278242,29-8-F3
SRR12486658,AMPLICON,494,41026977,PRJNA658364,SAMN15867554,Metagenome or environmental,20403623,UNIVERSITY OF LIVERPOOL,not collected,public,"fastq,sra,run.zq","gs,s3,ncbi","gs.us-east1,s3.us-east-1,ncbi.public",E_CODD,SRX8978610,United Kingdom,Europe,United Kingdom: Cheshire,Ovis aries,Illumina MiSeq,Foot,51.244399 N 2.12202 W,111-B17,PAIRED,PCR,METAGENOMIC,metagenome,ILLUMINA,2021-12-31T00:00:00Z,2020-08-20T16:23:00Z,1,Sample-111-B17,Sample-111-B17,8,SRP278242,43-8-F3
SRR12486659,AMPLICON,493,16458716,PRJNA658364,SAMN15867579,Metagenome or environmental,8711087,UNIVERSITY OF LIVERPOOL,not collected,public,"sra,fastq,run.zq","s3,ncbi,gs","gs.us-east1,ncbi.public,s3.us-east-1",D_FOOTROT,SRX8978609,United Kingdom,Europe,United Kingdom: Cheshire,Ovis aries,Illumina MiSeq,Foot,51.244399 N 2.12202 W,137-295F2,PAIRED,PCR,METAGENOMIC,metagenome,ILLUMINA,2021-12-31T00:00:00Z,2020-08-20T16:24:00Z,1,Sample-137-295F2,Sample-137-295F2,5,SRP278242,29-5-F2
SRR12486660,AMPLICON,495,16770178,PRJNA658364,SAMN15867576,Metagenome or environmental,8409317,UNIVERSITY OF LIVERPOOL,not collected,public,"run.zq,sra,fastq","s3,gs,ncbi","gs.us-east1,ncbi.public,s3.us-east-1",D_FOOTROT,SRX8978608,United Kingdom,Europe,United Kingdom: Cheshire,Ovis aries,Illumina MiSeq,Foot,51.244399 N 2.12202 W,134-2914F3,PAIRED,PCR,METAGENOMIC,metagenome,ILLUMINA,2021-12-31T00:00:00Z,2020-08-20T16:24:00Z,1,Sample-134-2914F3,Sample-134-2914F3,14,SRP278242,29-14-F3
SRR12486661,AMPLICON,496,21369642,PRJNA658364,SAMN15867571,Metagenome or environmental,10473348,UNIVERSITY OF LIVERPOOL,not collected,public,"fastq,run.zq,sra","s3,gs,ncbi","s3.us-east-1,ncbi.public,gs.us-east1",D_FOOTROT,SRX8978607,United Kingdom,Europe,United Kingdom: Cheshire,Ovis aries,Illumina MiSeq,Foot,51.244399 N 2.12202 W,131-2912F3,PAIRED,PCR,METAGENOMIC,metagenome,ILLUMINA,2021-12-31T00:00:00Z,2020-08-20T16:24:00Z,1,Sample-131-2912F3,Sample-131-2912F3,12,SRP278242,29-12-F3
SRR12486662,AMPLICON,497,16289858,PRJNA658364,SAMN15867572,Metagenome or environmental,7604796,UNIVERSITY OF LIVERPOOL,not collected,public,"run.zq,fastq,sra","s3,ncbi,gs","ncbi.public,s3.us-east-1,gs.us-east1",A_HEALTHY,SRX8978606,United Kingdom,Europe,United Kingdom: Cheshire,Ovis aries,Illumina MiSeq,Foot,51.244399 N 2.12202 W,13-158F3,PAIRED,PCR,METAGENOMIC,metagenome,ILLUMINA,2021-12-31T00:00:00Z,2020-08-20T16:24:00Z,1,Sample-13-158F3,Sample-13-158F3,8,SRP278242,15-8-F3
SRR12486663,AMPLICON,496,21134568,PRJNA658364,SAMN15867565,Metagenome or environmental,10141499,UNIVERSITY OF LIVERPOOL,not collected,public,"sra,fastq,run.zq","ncbi,gs,s3","s3.us-east-1,ncbi.public,gs.us-east1",D_FOOTROT,SRX8978605,United Kingdom,Europe,United Kingdom: Cheshire,Ovis aries,Illumina MiSeq,Foot,51.244399 N 2.12202 W,124-289F1,PAIRED,PCR,METAGENOMIC,metagenome,ILLUMINA,2021-12-31T00:00:00Z,2020-08-20T16:24:00Z,1,Sample-124-289F1,Sample-124-289F1,9,SRP278242,28-9-F1
SRR12486664,AMPLICON,494,15334352,PRJNA658364,SAMN15867564,Metagenome or environmental,7939356,UNIVERSITY OF LIVERPOOL,not collected,public,"sra,run.zq,fastq","s3,ncbi,gs","ncbi.public,s3.us-east-1,gs.us-east1",D_FOOTROT,SRX8978604,United Kingdom,Europe,United Kingdom: Cheshire,Ovis aries,Illumina MiSeq,Foot,51.244399 N 2.12202 W,123-288F3,PAIRED,PCR,METAGENOMIC,metagenome,ILLUMINA,2021-12-31T00:00:00Z,2020-08-20T16:24:00Z,1,Sample-123-288F3,Sample-123-288F3,8,SRP278242,28-8-F3
SRR12486665,AMPLICON,496,16261845,PRJNA658364,SAMN15867563,Metagenome or environmental,7859190,UNIVERSITY OF LIVERPOOL,not collected,public,"sra,fastq,run.zq","ncbi,s3,gs","s3.us-east-1,ncbi.public,gs.us-east1",C_ID,SRX8978603,United Kingdom,Europe,United Kingdom: Cheshire,Ovis aries,Illumina MiSeq,Foot,51.244399 N 2.12202 W,122-285F2,PAIRED,PCR,METAGENOMIC,metagenome,ILLUMINA,2021-12-31T00:00:00Z,2020-08-20T16:24:00Z,1,Sample-122-285F2,Sample-122-285F2,5,SRP278242,28-5-F2
SRR12486666,AMPLICON,495,14102372,PRJNA658364,SAMN15867560,Metagenome or environmental,7086571,UNIVERSITY OF LIVERPOOL,not collected,public,"fastq,sra,run.zq","gs,s3,ncbi","s3.us-east-1,ncbi.public,gs.us-east1",D_FOOTROT,SRX8978602,United Kingdom,Europe,United Kingdom: Cheshire,Ovis aries,Illumina MiSeq,Foot,51.244399 N 2.12202 W,120-282F2,PAIRED,PCR,METAGENOMIC,metagenome,ILLUMINA,2021-12-31T00:00:00Z,2020-08-20T16:24:00Z,1,Sample-120-282F2,Sample-120-282F2,2,SRP278242,28-2-F2
SRR12486667,AMPLICON,497,114913665,PRJNA658364,SAMN15867561,Metagenome or environmental,52937720,UNIVERSITY OF LIVERPOOL,not collected,public,"sra,fastq,run.zq","ncbi,gs,s3","ncbi.public,s3.us-east-1,gs.us-east1",A_HEALTHY,SRX8978601,United Kingdom,Europe,United Kingdom: Cheshire,Ovis aries,Illumina MiSeq,Foot,51.244399 N 2.12202 W,12-155F2,PAIRED,PCR,METAGENOMIC,metagenome,ILLUMINA,2021-12-31T00:00:00Z,2020-08-20T16:24:00Z,1,Sample-12-155F2,Sample-12-155F2,5,SRP278242,15-5-F2
SRR12486668,AMPLICON,495,17088816,PRJNA658364,SAMN15867559,Metagenome or environmental,8648279,UNIVERSITY OF LIVERPOOL,not collected,public,"sra,run.zq,fastq","s3,ncbi,gs","ncbi.public,gs.us-east1,s3.us-east-1",D_FOOTROT,SRX8978600,United Kingdom,Europe,United Kingdom: Cheshire,Ovis aries,Illumina MiSeq,Foot,51.244399 N 2.12202 W,119-2814F3,PAIRED,PCR,METAGENOMIC,metagenome,ILLUMINA,2021-12-31T00:00:00Z,2020-08-20T16:24:00Z,1,Sample-119-2814F3,Sample-119-2814F3,14,SRP278242,28-14-F3
SRR12486669,AMPLICON,495,21678481,PRJNA658364,SAMN15867550,Metagenome or environmental,10439734,UNIVERSITY OF LIVERPOOL,not collected,public,"fastq,sra,run.zq","ncbi,s3,gs","ncbi.public,s3.us-east-1,gs.us-east1",E_CODD,SRX8978599,United Kingdom,Europe,United Kingdom: Cheshire,Ovis aries,Illumina MiSeq,Foot,51.244399 N 2.12202 W,110-B16,PAIRED,PCR,METAGENOMIC,metagenome,ILLUMINA,2021-12-31T00:00:00Z,2020-08-20T16:24:00Z,1,Sample-110-B16,Sample-110-B16,8,SRP278242,38-8-F3
SRR12486670,AMPLICON,496,21253086,PRJNA658364,SAMN15867558,Metagenome or environmental,10332993,UNIVERSITY OF LIVERPOOL,not collected,public,"fastq,sra,run.zq","s3,gs,ncbi","s3.us-east-1,gs.us-east1,ncbi.public",D_FOOTROT,SRX8978598,United Kingdom,Europe,United Kingdom: Cheshire,Ovis aries,Illumina MiSeq,Foot,51.244399 N 2.12202 W,118-2812F3,PAIRED,PCR,METAGENOMIC,metagenome,ILLUMINA,2021-12-31T00:00:00Z,2020-08-20T16:24:00Z,1,Sample-118-2812F3,Sample-118-2812F3,12,SRP278242,28-12-F3
SRR12486671,AMPLICON,497,20933047,PRJNA658364,SAMN15867557,Metagenome or environmental,9719488,UNIVERSITY OF LIVERPOOL,not collected,public,"run.zq,sra,fastq","s3,ncbi,gs","s3.us-east-1,gs.us-east1,ncbi.public",D_FOOTROT,SRX8978597,United Kingdom,Europe,United Kingdom: Cheshire,Ovis aries,Illumina MiSeq,Foot,51.244399 N 2.12202 W,115-279F1,PAIRED,PCR,METAGENOMIC,metagenome,ILLUMINA,2021-12-31T00:00:00Z,2020-08-20T16:24:00Z,1,Sample-115-279F1,Sample-115-279F1,9,SRP278242,27-9-F1
SRR12486672,AMPLICON,494,22386403,PRJNA658364,SAMN15867556,Metagenome or environmental,11232206,UNIVERSITY OF LIVERPOOL,not collected,public,"fastq,sra,run.zq","s3,gs,ncbi","s3.us-east-1,ncbi.public,gs.us-east1",C_ID,SRX8978596,United Kingdom,Europe,United Kingdom: Cheshire,Ovis aries,Illumina MiSeq,Foot,51.244399 N 2.12202 W,114-278F3,PAIRED,PCR,METAGENOMIC,metagenome,ILLUMINA,2021-12-31T00:00:00Z,2020-08-20T16:24:00Z,1,Sample-114-278F3,Sample-114-278F3,8,SRP278242,27-8-F3
SRR12486673,AMPLICON,496,30232674,PRJNA658364,SAMN15867555,Metagenome or environmental,14408309,UNIVERSITY OF LIVERPOOL,not collected,public,"fastq,run.zq,sra","gs,ncbi,s3","ncbi.public,s3.us-east-1,gs.us-east1",C_ID,SRX8978595,United Kingdom,Europe,United Kingdom: Cheshire,Ovis aries,Illumina MiSeq,Foot,51.244399 N 2.12202 W,113-275F2,PAIRED,PCR,METAGENOMIC,metagenome,ILLUMINA,2021-12-31T00:00:00Z,2020-08-20T16:24:00Z,1,Sample-113-275F2,Sample-113-275F2,5,SRP278242,27-5-F2
SRR12486674,AMPLICON,497,15930728,PRJNA658364,SAMN15867551,Metagenome or environmental,7489171,UNIVERSITY OF LIVERPOOL,not collected,public,"fastq,run.zq,sra","ncbi,gs,s3","s3.us-east-1,ncbi.public,gs.us-east1",D_FOOTROT,SRX8978594,United Kingdom,Europe,United Kingdom: Cheshire,Ovis aries,Illumina MiSeq,Foot,51.244399 N 2.12202 W,111-272F2,PAIRED,PCR,METAGENOMIC,metagenome,ILLUMINA,2021-12-31T00:00:00Z,2020-08-20T16:24:00Z,1,Sample-111-272F2,Sample-111-272F2,2,SRP278242,27-2-F2
SRR12486675,AMPLICON,497,15050952,PRJNA658364,SAMN15867552,Metagenome or environmental,7032411,UNIVERSITY OF LIVERPOOL,not collected,public,"sra,run.zq,fastq","ncbi,gs,s3","s3.us-east-1,gs.us-east1,ncbi.public",A_HEALTHY,SRX8978593,United Kingdom,Europe,United Kingdom: Cheshire,Ovis aries,Illumina MiSeq,Foot,51.244399 N 2.12202 W,11-152F2,PAIRED,PCR,METAGENOMIC,metagenome,ILLUMINA,2021-12-31T00:00:00Z,2020-08-20T16:24:00Z,1,Sample-11-152F2,Sample-11-152F2,2,SRP278242,15-2-F2
SRR12486676,AMPLICON,496,16720961,PRJNA658364,SAMN15867548,Metagenome or environmental,7903955,UNIVERSITY OF LIVERPOOL,not collected,public,"sra,fastq,run.zq","gs,s3,ncbi","ncbi.public,s3.us-east-1,gs.us-east1",C_ID,SRX8978592,United Kingdom,Europe,United Kingdom: Cheshire,Ovis aries,Illumina MiSeq,Foot,51.244399 N 2.12202 W,109-2714F3,PAIRED,PCR,METAGENOMIC,metagenome,ILLUMINA,2021-12-31T00:00:00Z,2020-08-20T16:24:00Z,1,Sample-109-2714F3,Sample-109-2714F3,14,SRP278242,27-14-F3
SRR12486677,AMPLICON,496,21543581,PRJNA658364,SAMN15867545,Metagenome or environmental,10327639,UNIVERSITY OF LIVERPOOL,not collected,public,"sra,run.zq,fastq","ncbi,gs,s3","ncbi.public,gs.us-east1,s3.us-east-1",D_FOOTROT,SRX8978591,United Kingdom,Europe,United Kingdom: Cheshire,Ovis aries,Illumina MiSeq,Foot,51.244399 N 2.12202 W,106-2712F3,PAIRED,PCR,METAGENOMIC,metagenome,ILLUMINA,2021-12-31T00:00:00Z,2020-08-20T16:24:00Z,1,Sample-106-2712F3,Sample-106-2712F3,12,SRP278242,27-12-F3
SRR12486678,AMPLICON,496,13151103,PRJNA658364,SAMN15867539,Metagenome or environmental,6241151,UNIVERSITY OF LIVERPOOL,not collected,public,"fastq,sra,run.zq","s3,gs,ncbi","ncbi.public,gs.us-east1,s3.us-east-1",C_ID,SRX8978590,United Kingdom,Europe,United Kingdom: Cheshire,Ovis aries,Illumina MiSeq,Foot,51.244399 N 2.12202 W,100-269F1,PAIRED,PCR,METAGENOMIC,metagenome,ILLUMINA,2021-12-31T00:00:00Z,2020-08-20T16:24:00Z,1,Sample-100-269F1,Sample-100-269F1,9,SRP278242,26-9-F1
SRR12486679,AMPLICON,497,22354266,PRJNA658364,SAMN15867553,Metagenome or environmental,10407449,UNIVERSITY OF LIVERPOOL,not collected,public,"sra,run.zq,fastq","ncbi,s3,gs","gs.us-east1,ncbi.public,s3.us-east-1",A_HEALTHY,SRX8978589,United Kingdom,Europe,United Kingdom: Cheshire,Ovis aries,Illumina MiSeq,Foot,51.244399 N 2.12202 W,1-115F2,PAIRED,PCR,METAGENOMIC,metagenome,ILLUMINA,2021-12-31T00:00:00Z,2020-08-20T16:24:00Z,1,Sample-1-115F2,Sample-1-115F2,5,SRP278242,11-5-F2
SRR12486680,AMPLICON,494,44978868,PRJNA658364,SAMN15867549,Metagenome or environmental,21610466,UNIVERSITY OF LIVERPOOL,not collected,public,"sra,fastq,run.zq","ncbi,s3,gs","gs.us-east1,s3.us-east-1,ncbi.public",E_CODD,SRX8978588,United Kingdom,Europe,United Kingdom: Cheshire,Ovis aries,Illumina MiSeq,Foot,51.244399 N 2.12202 W,109-B15,PAIRED,PCR,METAGENOMIC,metagenome,ILLUMINA,2021-12-31T00:00:00Z,2020-08-20T16:24:00Z,1,Sample-109-B15,Sample-109-B15,8,SRP278242,34-8-F3
SRR12486681,AMPLICON,496,29859515,PRJNA658364,SAMN15867643,Metagenome or environmental,14379878,UNIVERSITY OF LIVERPOOL,not collected,public,"run.zq,sra,fastq","gs,s3,ncbi","gs.us-east1,s3.us-east-1,ncbi.public",E_CODD,SRX8978587,United Kingdom,Europe,United Kingdom: Cheshire,Ovis aries,Illumina MiSeq,Foot,51.244399 N 2.12202 W,99-B5,PAIRED,PCR,METAGENOMIC,metagenome,ILLUMINA,2021-12-31T00:00:00Z,2020-08-20T16:24:00Z,1,Sample-99-B5,Sample-99-B5,2,SRP278242,39-2-F2
SRR12486682,AMPLICON,494,35352716,PRJNA658364,SAMN15867642,Metagenome or environmental,17330379,UNIVERSITY OF LIVERPOOL,not collected,public,"run.zq,fastq,sra","gs,ncbi,s3","gs.us-east1,ncbi.public,s3.us-east-1",E_CODD,SRX8978586,United Kingdom,Europe,United Kingdom: Cheshire,Ovis aries,Illumina MiSeq,Foot,51.244399 N 2.12202 W,98-B4,PAIRED,PCR,METAGENOMIC,metagenome,ILLUMINA,2021-12-31T00:00:00Z,2020-08-20T16:24:00Z,1,Sample-98-B4,Sample-98-B4,2,SRP278242,35-2-52
SRR12486683,AMPLICON,493,52848702,PRJNA658364,SAMN15867640,Metagenome or environmental,25752287,UNIVERSITY OF LIVERPOOL,not collected,public,"sra,run.zq,fastq","ncbi,s3,gs","s3.us-east-1,gs.us-east1,ncbi.public",E_CODD,SRX8978585,United Kingdom,Europe,United Kingdom: Cheshire,Ovis aries,Illumina MiSeq,Foot,51.244399 N 2.12202 W,97-B3,PAIRED,PCR,METAGENOMIC,metagenome,ILLUMINA,2021-12-31T00:00:00Z,2020-08-20T16:24:00Z,1,Sample-97-B3,Sample-97-B3,2,SRP278242,33-2-F2
SRR12486684,AMPLICON,495,72632081,PRJNA658364,SAMN15867638,Metagenome or environmental,35168318,UNIVERSITY OF LIVERPOOL,not collected,public,"run.zq,fastq,sra","ncbi,gs,s3","gs.us-east1,s3.us-east-1,ncbi.public",E_CODD,SRX8978584,United Kingdom,Europe,United Kingdom: Cheshire,Ovis aries,Illumina MiSeq,Foot,51.244399 N 2.12202 W,96-B2,PAIRED,PCR,METAGENOMIC,metagenome,ILLUMINA,2021-12-31T00:00:00Z,2020-08-20T16:24:00Z,1,Sample-96-B2,Sample-96-B2,2,SRP278242,29-2-F2
SRR12486685,AMPLICON,495,105886289,PRJNA658364,SAMN15867694,Metagenome or environmental,53355432,UNIVERSITY OF LIVERPOOL,not collected,public,"fastq,run.zq,sra","s3,ncbi,gs","ncbi.public,gs.us-east1,s3.us-east-1",CODD,SRX8978583,United Kingdom,Europe,United Kingdom: Wales,Ovis aries,Illumina MiSeq,Foot,not collected,174-B80,PAIRED,PCR,METAGENOMIC,metagenome,ILLUMINA,2021-12-31T00:00:00Z,2020-08-20T16:24:00Z,1,Sample-174-B80,Sample-174-B80,BIOP,SRP278242,B27-4-BIOP
SRR12486686,AMPLICON,494,79439833,PRJNA658364,SAMN15867693,Metagenome or environmental,38164847,UNIVERSITY OF LIVERPOOL,not collected,public,"fastq,sra,run.zq","s3,ncbi,gs","s3.us-east-1,gs.us-east1,ncbi.public",CODD,SRX8978582,United Kingdom,Europe,United Kingdom: Wales,Ovis aries,Illumina MiSeq,Foot,not collected,173-B79,PAIRED,PCR,METAGENOMIC,metagenome,ILLUMINA,2021-12-31T00:00:00Z,2020-08-20T16:24:00Z,1,Sample-173-B79,Sample-173-B79,BIOP,SRP278242,B28-4-BIOP
SRR12486687,AMPLICON,493,70482190,PRJNA658364,SAMN15867692,Metagenome or environmental,33804205,UNIVERSITY OF LIVERPOOL,not collected,public,"fastq,run.zq,sra","ncbi,s3,gs","s3.us-east-1,gs.us-east1,ncbi.public",CODD,SRX8978581,United Kingdom,Europe,United Kingdom: Wales,Ovis aries,Illumina MiSeq,Foot,not collected,172-B78,PAIRED,PCR,METAGENOMIC,metagenome,ILLUMINA,2021-12-31T00:00:00Z,2020-08-20T16:24:00Z,1,Sample-172-B78,Sample-172-B78,BIOP,SRP278242,B31-4-BIOP
SRR12486688,AMPLICON,495,57858633,PRJNA658364,SAMN15867691,Metagenome or environmental,28678940,UNIVERSITY OF LIVERPOOL,not collected,public,"sra,run.zq,fastq","gs,ncbi,s3","s3.us-east-1,ncbi.public,gs.us-east1",CODD,SRX8978580,United Kingdom,Europe,United Kingdom: Wales,Ovis aries,Illumina MiSeq,Foot,not collected,171-B77,PAIRED,PCR,METAGENOMIC,metagenome,ILLUMINA,2021-12-31T00:00:00Z,2020-08-20T16:24:00Z,1,Sample-171-B77,Sample-171-B77,BIOP,SRP278242,B30-4-BIOP
SRR12486689,AMPLICON,496,64769979,PRJNA658364,SAMN15867690,Metagenome or environmental,30742629,UNIVERSITY OF LIVERPOOL,not collected,public,"run.zq,fastq,sra","s3,gs,ncbi","gs.us-east1,ncbi.public,s3.us-east-1",CODD,SRX8978579,United Kingdom,Europe,United Kingdom: Wales,Ovis aries,Illumina MiSeq,Foot,not collected,170-B76,PAIRED,PCR,METAGENOMIC,metagenome,ILLUMINA,2021-12-31T00:00:00Z,2020-08-20T16:24:00Z,1,Sample-170-B76,Sample-170-B76,BIOP,SRP278242,B26-4-BIOP
SRR12486690,AMPLICON,494,55325027,PRJNA658364,SAMN15867689,Metagenome or environmental,28165991,UNIVERSITY OF LIVERPOOL,not collected,public,"sra,fastq,run.zq","s3,ncbi,gs","s3.us-east-1,ncbi.public,gs.us-east1",CODD,SRX8978578,United Kingdom,Europe,United Kingdom: Wales,Ovis aries,Illumina MiSeq,Foot,not collected,169-B75,PAIRED,PCR,METAGENOMIC,metagenome,ILLUMINA,2021-12-31T00:00:00Z,2020-08-20T16:24:00Z,1,Sample-169-B75,Sample-169-B75,BIOP,SRP278242,B29-4-BIOP
SRR12486691,AMPLICON,494,37843720,PRJNA658364,SAMN15867547,Metagenome or environmental,18258576,UNIVERSITY OF LIVERPOOL,not collected,public,"fastq,sra,run.zq","ncbi,s3,gs","gs.us-east1,ncbi.public,s3.us-east-1",E_CODD,SRX8978577,United Kingdom,Europe,United Kingdom: Cheshire,Ovis aries,Illumina MiSeq,Foot,51.244399 N 2.12202 W,108-B14,PAIRED,PCR,METAGENOMIC,metagenome,ILLUMINA,2021-12-31T00:00:00Z,2020-08-20T16:24:00Z,1,Sample-108-B14,Sample-108-B14,8,SRP278242,33-8-F3
SRR12486692,AMPLICON,496,74365711,PRJNA658364,SAMN15867688,Metagenome or environmental,34632572,UNIVERSITY OF LIVERPOOL,not collected,public,"fastq,sra,run.zq","ncbi,s3,gs","ncbi.public,s3.us-east-1,gs.us-east1",CODD,SRX8978576,United Kingdom,Europe,United Kingdom: Wales,Ovis aries,Illumina MiSeq,Foot,not collected,167-B73,PAIRED,PCR,METAGENOMIC,metagenome,ILLUMINA,2021-12-31T00:00:00Z,2020-08-20T16:24:00Z,1,Sample-167-B73,Sample-167-B73,BIOP,SRP278242,B32-4-BIOP
SRR12486693,AMPLICON,494,46098810,PRJNA658364,SAMN15867687,Metagenome or environmental,23159056,UNIVERSITY OF LIVERPOOL,not collected,public,"run.zq,sra,fastq","gs,s3,ncbi","ncbi.public,s3.us-east-1,gs.us-east1",CODD,SRX8978575,United Kingdom,Europe,United Kingdom: Wales,Ovis aries,Illumina MiSeq,Foot,not collected,166-B72,PAIRED,PCR,METAGENOMIC,metagenome,ILLUMINA,2021-12-31T00:00:00Z,2020-08-20T16:24:00Z,1,Sample-166-B72,Sample-166-B72,BIOP,SRP278242,B23-3-BIOP
SRR12486694,AMPLICON,493,102172561,PRJNA658364,SAMN15867686,Metagenome or environmental,49787141,UNIVERSITY OF LIVERPOOL,not collected,public,"sra,fastq,run.zq","s3,ncbi,gs","gs.us-east1,ncbi.public,s3.us-east-1",CODD,SRX8978574,United Kingdom,Europe,United Kingdom: Wales,Ovis aries,Illumina MiSeq,Foot,not collected,165-B71,PAIRED,PCR,METAGENOMIC,metagenome,ILLUMINA,2021-12-31T00:00:00Z,2020-08-20T16:24:00Z,1,Sample-165-B71,Sample-165-B71,BIOP,SRP278242,B22-3-BIOP
SRR12486695,AMPLICON,495,115009928,PRJNA658364,SAMN15867685,Metagenome or environmental,56146413,UNIVERSITY OF LIVERPOOL,not collected,public,"fastq,sra,run.zq","gs,s3,ncbi","s3.us-east-1,gs.us-east1,ncbi.public",CODD,SRX8978573,United Kingdom,Europe,United Kingdom: Wales,Ovis aries,Illumina MiSeq,Foot,not collected,164-B70,PAIRED,PCR,METAGENOMIC,metagenome,ILLUMINA,2021-12-31T00:00:00Z,2020-08-20T16:24:00Z,1,Sample-164-B70,Sample-164-B70,BIOP,SRP278242,B20-3-BIOP
SRR12486696,AMPLICON,494,39182562,PRJNA658364,SAMN15867684,Metagenome or environmental,19297033,UNIVERSITY OF LIVERPOOL,not collected,public,"sra,fastq,run.zq","gs,ncbi,s3","s3.us-east-1,gs.us-east1,ncbi.public",CODD,SRX8978572,United Kingdom,Europe,United Kingdom: Wales,Ovis aries,Illumina MiSeq,Foot,not collected,163-B69,PAIRED,PCR,METAGENOMIC,metagenome,ILLUMINA,2021-12-31T00:00:00Z,2020-08-20T16:24:00Z,1,Sample-163-B69,Sample-163-B69,BIOP,SRP278242,B18-3-BIOP
SRR12486697,AMPLICON,491,44781246,PRJNA658364,SAMN15867683,Metagenome or environmental,22183077,UNIVERSITY OF LIVERPOOL,not collected,public,"run.zq,fastq,sra","ncbi,gs,s3","s3.us-east-1,ncbi.public,gs.us-east1",CODD,SRX8978571,United Kingdom,Europe,United Kingdom: Wales,Ovis aries,Illumina MiSeq,Foot,not collected,162-B68,PAIRED,PCR,METAGENOMIC,metagenome,ILLUMINA,2021-12-31T00:00:00Z,2020-08-20T16:24:00Z,1,Sample-162-B68,Sample-162-B68,BIOP,SRP278242,B17-3- BIOP
SRR12486698,AMPLICON,494,45918363,PRJNA658364,SAMN15867682,Metagenome or environmental,22326630,UNIVERSITY OF LIVERPOOL,not collected,public,"sra,run.zq,fastq","s3,gs,ncbi","ncbi.public,s3.us-east-1,gs.us-east1",CODD,SRX8978570,United Kingdom,Europe,United Kingdom: Wales,Ovis aries,Illumina MiSeq,Foot,not collected,161-B67,PAIRED,PCR,METAGENOMIC,metagenome,ILLUMINA,2021-12-31T00:00:00Z,2020-08-20T16:24:00Z,1,Sample-161-B67,Sample-161-B67,BIOP,SRP278242,B24-3-BIOP
SRR12486699,AMPLICON,495,70885913,PRJNA658364,SAMN15867681,Metagenome or environmental,34652821,UNIVERSITY OF LIVERPOOL,not collected,public,"run.zq,fastq,sra","ncbi,gs,s3","ncbi.public,gs.us-east1,s3.us-east-1",CODD,SRX8978569,United Kingdom,Europe,United Kingdom: Wales,Ovis aries,Illumina MiSeq,Foot,not collected,160-B66,PAIRED,PCR,METAGENOMIC,metagenome,ILLUMINA,2021-12-31T00:00:00Z,2020-08-20T16:24:00Z,1,Sample-160-B66,Sample-160-B66,BIOP,SRP278242,B21-3-BIOP
SRR12486700,AMPLICON,493,56740268,PRJNA658364,SAMN15867680,Metagenome or environmental,27802806,UNIVERSITY OF LIVERPOOL,not collected,public,"fastq,run.zq,sra","s3,ncbi,gs","gs.us-east1,s3.us-east-1,ncbi.public",CODD,SRX8978568,United Kingdom,Europe,United Kingdom: Wales,Ovis aries,Illumina MiSeq,Foot,not collected,159-B65,PAIRED,PCR,METAGENOMIC,metagenome,ILLUMINA,2021-12-31T00:00:00Z,2020-08-20T16:24:00Z,1,Sample-159-B65,Sample-159-B65,BIOP,SRP278242,B19-3-BIOP
SRR12486701,AMPLICON,495,62783472,PRJNA658364,SAMN15867679,Metagenome or environmental,31312946,UNIVERSITY OF LIVERPOOL,not collected,public,"sra,run.zq,fastq","ncbi,s3,gs","s3.us-east-1,ncbi.public,gs.us-east1",CODD,SRX8978567,United Kingdom,Europe,United Kingdom: Wales,Ovis aries,Illumina MiSeq,Foot,not collected,158-B64,PAIRED,PCR,METAGENOMIC,metagenome,ILLUMINA,2021-12-31T00:00:00Z,2020-08-20T16:25:00Z,1,Sample-158-B64,Sample-158-B64,BIOP,SRP278242,B16-2-BIOP
SRR12486702,AMPLICON,495,41354439,PRJNA658364,SAMN15867546,Metagenome or environmental,19990046,UNIVERSITY OF LIVERPOOL,not collected,public,"fastq,sra,run.zq","ncbi,gs,s3","s3.us-east-1,gs.us-east1,ncbi.public",B_HEALTHY,SRX8978566,United Kingdom,Europe,United Kingdom: Cheshire,Ovis aries,Illumina MiSeq,Foot,51.244399 N 2.12202 W,107-B13,PAIRED,PCR,METAGENOMIC,metagenome,ILLUMINA,2021-12-31T00:00:00Z,2020-08-20T16:24:00Z,1,Sample-107-B13,Sample-107-B13,8,SRP278242,23-8-F3
SRR12486703,AMPLICON,493,575002,PRJNA658364,SAMN15867678,Metagenome or environmental,360751,UNIVERSITY OF LIVERPOOL,not collected,public,"fastq,run.zq,sra","ncbi,gs,s3","gs.us-east1,ncbi.public,s3.us-east-1",CODD,SRX8978565,United Kingdom,Europe,United Kingdom: Wales,Ovis aries,Illumina MiSeq,Foot,not collected,157-B63,PAIRED,PCR,METAGENOMIC,metagenome,ILLUMINA,2021-12-31T00:00:00Z,2020-08-20T16:24:00Z,1,Sample-157-B63,Sample-157-B63,BIOP,SRP278242,B9-2-BIOP
SRR12486704,AMPLICON,494,978132,PRJNA658364,SAMN15867677,Metagenome or environmental,554410,UNIVERSITY OF LIVERPOOL,not collected,public,"sra,fastq,run.zq","gs,ncbi,s3","s3.us-east-1,ncbi.public,gs.us-east1",CODD,SRX8978564,United Kingdom,Europe,United Kingdom: Wales,Ovis aries,Illumina MiSeq,Foot,not collected,156-B62,PAIRED,PCR,METAGENOMIC,metagenome,ILLUMINA,2021-12-31T00:00:00Z,2020-08-20T16:24:00Z,1,Sample-156-B62,Sample-156-B62,BIOP,SRP278242,B11-2-BIOP
SRR12486705,AMPLICON,495,57494921,PRJNA658364,SAMN15867676,Metagenome or environmental,28849166,UNIVERSITY OF LIVERPOOL,not collected,public,"sra,fastq,run.zq","s3,ncbi,gs","gs.us-east1,ncbi.public,s3.us-east-1",CODD,SRX8978563,United Kingdom,Europe,United Kingdom: Wales,Ovis aries,Illumina MiSeq,Foot,not collected,155-B61,PAIRED,PCR,METAGENOMIC,metagenome,ILLUMINA,2021-12-31T00:00:00Z,2020-08-20T16:24:00Z,1,Sample-155-B61,Sample-155-B61,BIOP,SRP278242,B13-2-BIOP
SRR12486706,AMPLICON,493,58588914,PRJNA658364,SAMN15867675,Metagenome or environmental,29292730,UNIVERSITY OF LIVERPOOL,not collected,public,"sra,fastq,run.zq","gs,ncbi,s3","s3.us-east-1,ncbi.public,gs.us-east1",CODD,SRX8978562,United Kingdom,Europe,United Kingdom: Wales,Ovis aries,Illumina MiSeq,Foot,not collected,154-B60,PAIRED,PCR,METAGENOMIC,metagenome,ILLUMINA,2021-12-31T00:00:00Z,2020-08-20T16:24:00Z,1,Sample-154-B60,Sample-154-B60,BIOP,SRP278242,B14-2-BIOP
SRR12486707,AMPLICON,494,43736547,PRJNA658364,SAMN15867674,Metagenome or environmental,21648832,UNIVERSITY OF LIVERPOOL,not collected,public,"fastq,sra,run.zq","s3,gs,ncbi","gs.us-east1,ncbi.public,s3.us-east-1",CODD,SRX8978561,United Kingdom,Europe,United Kingdom: Wales,Ovis aries,Illumina MiSeq,Foot,not collected,153-B59,PAIRED,PCR,METAGENOMIC,metagenome,ILLUMINA,2021-12-31T00:00:00Z,2020-08-20T16:24:00Z,1,Sample-153-B59,Sample-153-B59,BIOP,SRP278242,B12-2-BIOP
SRR12486708,AMPLICON,495,59964800,PRJNA658364,SAMN15867673,Metagenome or environmental,28570493,UNIVERSITY OF LIVERPOOL,not collected,public,"sra,run.zq,fastq","ncbi,gs,s3","s3.us-east-1,ncbi.public,gs.us-east1",CODD,SRX8978560,United Kingdom,Europe,United Kingdom: Wales,Ovis aries,Illumina MiSeq,Foot,not collected,152-B58,PAIRED,PCR,METAGENOMIC,metagenome,ILLUMINA,2021-12-31T00:00:00Z,2020-08-20T16:24:00Z,1,Sample-152-B58,Sample-152-B58,BIOP,SRP278242,B10-2-BIOP
SRR12486709,AMPLICON,495,86873299,PRJNA658364,SAMN15867672,Metagenome or environmental,41280803,UNIVERSITY OF LIVERPOOL,not collected,public,"sra,fastq,run.zq","ncbi,s3,gs","gs.us-east1,ncbi.public,s3.us-east-1",CODD,SRX8978559,United Kingdom,Europe,United Kingdom: Wales,Ovis aries,Illumina MiSeq,Foot,not collected,151-B57,PAIRED,PCR,METAGENOMIC,metagenome,ILLUMINA,2021-12-31T00:00:00Z,2020-08-20T16:24:00Z,1,Sample-151-B57,Sample-151-B57,BIOP,SRP278242,B15-2-BIOP
SRR12486710,AMPLICON,494,39367008,PRJNA658364,SAMN15867671,Metagenome or environmental,19175268,UNIVERSITY OF LIVERPOOL,not collected,public,"run.zq,sra,fastq","ncbi,gs,s3","gs.us-east1,ncbi.public,s3.us-east-1",CODD,SRX8978558,United Kingdom,Europe,United Kingdom: Wales,Ovis aries,Illumina MiSeq,Foot,not collected,150-B56,PAIRED,PCR,METAGENOMIC,metagenome,ILLUMINA,2021-12-31T00:00:00Z,2020-08-20T16:24:00Z,1,Sample-150-B56,Sample-150-B56,BIOP,SRP278242,B8-1-BIOP
SRR12486711,AMPLICON,495,34661954,PRJNA658364,SAMN15867670,Metagenome or environmental,16408829,UNIVERSITY OF LIVERPOOL,not collected,public,"run.zq,fastq,sra","s3,ncbi,gs","s3.us-east-1,gs.us-east1,ncbi.public",CODD,SRX8978557,United Kingdom,Europe,United Kingdom: Wales,Ovis aries,Illumina MiSeq,Foot,not collected,149-B55,PAIRED,PCR,METAGENOMIC,metagenome,ILLUMINA,2021-12-31T00:00:00Z,2020-08-20T16:24:00Z,1,Sample-149-B55,Sample-149-B55,BIOP,SRP278242,B1-1-BIOP
SRR12486712,AMPLICON,495,83664255,PRJNA658364,SAMN15867669,Metagenome or environmental,40815566,UNIVERSITY OF LIVERPOOL,not collected,public,"fastq,run.zq,sra","s3,gs,ncbi","gs.us-east1,s3.us-east-1,ncbi.public",CODD,SRX8978556,United Kingdom,Europe,United Kingdom: Wales,Ovis aries,Illumina MiSeq,Foot,not collected,148-B54,PAIRED,PCR,METAGENOMIC,metagenome,ILLUMINA,2021-12-31T00:00:00Z,2020-08-20T16:24:00Z,1,Sample-148-B54,Sample-148-B54,BIOP,SRP278242,B4-1-BIOP
SRR12486713,AMPLICON,495,43616484,PRJNA658364,SAMN15867544,Metagenome or environmental,20917650,UNIVERSITY OF LIVERPOOL,not collected,public,"fastq,run.zq,sra","gs,ncbi,s3","ncbi.public,s3.us-east-1,gs.us-east1",E_CODD,SRX8978555,United Kingdom,Europe,United Kingdom: Cheshire,Ovis aries,Illumina MiSeq,Foot,51.244399 N 2.12202 W,105-B11,PAIRED,PCR,METAGENOMIC,metagenome,ILLUMINA,2021-12-31T00:00:00Z,2020-08-20T16:24:00Z,1,Sample-105-B11,Sample-105-B11,5,SRP278242,41-5-F2
SRR12486714,AMPLICON,495,47539378,PRJNA658364,SAMN15867668,Metagenome or environmental,23141096,UNIVERSITY OF LIVERPOOL,not collected,public,"fastq,run.zq,sra","gs,ncbi,s3","s3.us-east-1,gs.us-east1,ncbi.public",CODD,SRX8978554,United Kingdom,Europe,United Kingdom: Wales,Ovis aries,Illumina MiSeq,Foot,not collected,147-B53,PAIRED,PCR,METAGENOMIC,metagenome,ILLUMINA,2021-12-31T00:00:00Z,2020-08-20T16:24:00Z,1,Sample-147-B53,Sample-147-B53,BIOP,SRP278242,B2-1-BIOP
SRR12486715,AMPLICON,493,55517902,PRJNA658364,SAMN15867667,Metagenome or environmental,26806033,UNIVERSITY OF LIVERPOOL,not collected,public,"fastq,sra,run.zq","gs,s3,ncbi","s3.us-east-1,gs.us-east1,ncbi.public",CODD,SRX8978553,United Kingdom,Europe,United Kingdom: Wales,Ovis aries,Illumina MiSeq,Foot,not collected,146-B52,PAIRED,PCR,METAGENOMIC,metagenome,ILLUMINA,2021-12-31T00:00:00Z,2020-08-20T16:24:00Z,1,Sample-146-B52,Sample-146-B52,BIOP,SRP278242,B6-1-BIOP
SRR12486716,AMPLICON,494,78029924,PRJNA658364,SAMN15867666,Metagenome or environmental,37285314,UNIVERSITY OF LIVERPOOL,not collected,public,"run.zq,fastq,sra","ncbi,s3,gs","ncbi.public,gs.us-east1,s3.us-east-1",CODD,SRX8978552,United Kingdom,Europe,United Kingdom: Wales,Ovis aries,Illumina MiSeq,Foot,not collected,145-B51,PAIRED,PCR,METAGENOMIC,metagenome,ILLUMINA,2021-12-31T00:00:00Z,2020-08-20T16:24:00Z,1,Sample-145-B51,Sample-145-B51,BIOP,SRP278242,B5-1-BIOP
SRR12486717,AMPLICON,496,66338422,PRJNA658364,SAMN15867665,Metagenome or environmental,32132739,UNIVERSITY OF LIVERPOOL,not collected,public,"run.zq,fastq,sra","gs,s3,ncbi","gs.us-east1,s3.us-east-1,ncbi.public",CODD,SRX8978551,United Kingdom,Europe,United Kingdom: Wales,Ovis aries,Illumina MiSeq,Foot,not collected,144-B50,PAIRED,PCR,METAGENOMIC,metagenome,ILLUMINA,2021-12-31T00:00:00Z,2020-08-20T16:24:00Z,1,Sample-144-B50,Sample-144-B50,BIOP,SRP278242,B7-1-BIOP
SRR12486718,AMPLICON,493,71640914,PRJNA658364,SAMN15867664,Metagenome or environmental,34776720,UNIVERSITY OF LIVERPOOL,not collected,public,"run.zq,sra,fastq","gs,ncbi,s3","ncbi.public,s3.us-east-1,gs.us-east1",CODD,SRX8978550,United Kingdom,Europe,United Kingdom: Wales,Ovis aries,Illumina MiSeq,Foot,not collected,143-B49,PAIRED,PCR,METAGENOMIC,metagenome,ILLUMINA,2021-12-31T00:00:00Z,2020-08-20T16:24:00Z,1,Sample-143-B49,Sample-143-B49,BIOP,SRP278242,B3-1-BIOP
SRR12486719,AMPLICON,494,65871496,PRJNA658364,SAMN15867647,Metagenome or environmental,32451662,UNIVERSITY OF LIVERPOOL,not collected,public,"fastq,run.zq,sra","gs,ncbi,s3","gs.us-east1,ncbi.public,s3.us-east-1",G_CODD_T,SRX8978549,United Kingdom,Europe,United Kingdom: Cheshire,Ovis aries,Illumina MiSeq,Foot,51.244399 N 2.12202 W,142-B48,PAIRED,PCR,METAGENOMIC,metagenome,ILLUMINA,2021-12-31T00:00:00Z,2020-08-20T16:24:00Z,1,Sample-142-B48,Sample-142-B48,12,SRP278242,47-12-F3
SRR12486720,AMPLICON,494,48798101,PRJNA658364,SAMN15867586,Metagenome or environmental,23465924,UNIVERSITY OF LIVERPOOL,not collected,public,"sra,fastq,run.zq","ncbi,s3,gs","ncbi.public,gs.us-east1,s3.us-east-1",E_CODD,SRX8978548,United Kingdom,Europe,United Kingdom: Cheshire,Ovis aries,Illumina MiSeq,Foot,51.244399 N 2.12202 W,141-B47,PAIRED,PCR,METAGENOMIC,metagenome,ILLUMINA,2021-12-31T00:00:00Z,2020-08-20T16:24:00Z,1,Sample-141-B47,Sample-141-B47,12,SRP278242,43-12-F3
SRR12486721,AMPLICON,494,65356849,PRJNA658364,SAMN15867584,Metagenome or environmental,31407346,UNIVERSITY OF LIVERPOOL,not collected,public,"fastq,sra,run.zq","s3,ncbi,gs","gs.us-east1,ncbi.public,s3.us-east-1",E_CODD,SRX8978547,United Kingdom,Europe,United Kingdom: Cheshire,Ovis aries,Illumina MiSeq,Foot,51.244399 N 2.12202 W,140-B46,PAIRED,PCR,METAGENOMIC,metagenome,ILLUMINA,2021-12-31T00:00:00Z,2020-08-20T16:24:00Z,1,Sample-140-B46,Sample-140-B46,12,SRP278242,38-12-F3
SRR12486722,AMPLICON,494,57542555,PRJNA658364,SAMN15867582,Metagenome or environmental,27774129,UNIVERSITY OF LIVERPOOL,not collected,public,"fastq,sra,run.zq","s3,ncbi,gs","gs.us-east1,ncbi.public,s3.us-east-1",E_CODD,SRX8978546,United Kingdom,Europe,United Kingdom: Cheshire,Ovis aries,Illumina MiSeq,Foot,51.244399 N 2.12202 W,138-B44,PAIRED,PCR,METAGENOMIC,metagenome,ILLUMINA,2021-12-31T00:00:00Z,2020-08-20T16:25:00Z,1,Sample-138-B44,Sample-138-B44,12,SRP278242,37-12-F3
SRR12486723,AMPLICON,494,59726181,PRJNA658364,SAMN15867580,Metagenome or environmental,28633773,UNIVERSITY OF LIVERPOOL,not collected,public,"run.zq,sra,fastq","s3,ncbi,gs","ncbi.public,gs.us-east1,s3.us-east-1",E_CODD,SRX8978545,United Kingdom,Europe,United Kingdom: Cheshire,Ovis aries,Illumina MiSeq,Foot,51.244399 N 2.12202 W,137-B43,PAIRED,PCR,METAGENOMIC,metagenome,ILLUMINA,2021-12-31T00:00:00Z,2020-08-20T16:24:00Z,1,Sample-137-B43,Sample-137-B43,12,SRP278242,35-12-F3
SRR12486724,AMPLICON,495,64536692,PRJNA658364,SAMN15867543,Metagenome or environmental,30482614,UNIVERSITY OF LIVERPOOL,not collected,public,"fastq,sra,run.zq","gs,s3,ncbi","ncbi.public,gs.us-east1,s3.us-east-1",E_CODD,SRX8978544,United Kingdom,Europe,United Kingdom: Cheshire,Ovis aries,Illumina MiSeq,Foot,51.244399 N 2.12202 W,104-B10,PAIRED,PCR,METAGENOMIC,metagenome,ILLUMINA,2021-12-31T00:00:00Z,2020-08-20T16:24:00Z,1,Sample-104-B10,Sample-104-B10,5,SRP278242,38-5-52
SRR12486725,AMPLICON,495,43393442,PRJNA658364,SAMN15867578,Metagenome or environmental,20732217,UNIVERSITY OF LIVERPOOL,not collected,public,"run.zq,fastq,sra","ncbi,s3,gs","gs.us-east1,s3.us-east-1,ncbi.public",B_HEALTHY,SRX8978543,United Kingdom,Europe,United Kingdom: Cheshire,Ovis aries,Illumina MiSeq,Foot,51.244399 N 2.12202 W,136-B42,PAIRED,PCR,METAGENOMIC,metagenome,ILLUMINA,2021-12-31T00:00:00Z,2020-08-20T16:24:00Z,1,Sample-136-B42,Sample-136-B42,12,SRP278242,23-12-F3
SRR12486726,AMPLICON,494,42326677,PRJNA658364,SAMN15867577,Metagenome or environmental,20129640,UNIVERSITY OF LIVERPOOL,not collected,public,"fastq,sra,run.zq","s3,gs,ncbi","s3.us-east-1,gs.us-east1,ncbi.public",E_CODD,SRX8978542,United Kingdom,Europe,United Kingdom: Cheshire,Ovis aries,Illumina MiSeq,Foot,51.244399 N 2.12202 W,134-B40,PAIRED,PCR,METAGENOMIC,metagenome,ILLUMINA,2021-12-31T00:00:00Z,2020-08-20T16:24:00Z,1,Sample-134-B40,Sample-134-B40,14,SRP278242,39-14-F3
SRR12486727,AMPLICON,494,56229788,PRJNA658364,SAMN15867575,Metagenome or environmental,26219873,UNIVERSITY OF LIVERPOOL,not collected,public,"fastq,run.zq,sra","ncbi,gs,s3","gs.us-east1,s3.us-east-1,ncbi.public",E_CODD,SRX8978541,United Kingdom,Europe,United Kingdom: Cheshire,Ovis aries,Illumina MiSeq,Foot,51.244399 N 2.12202 W,133-B39,PAIRED,PCR,METAGENOMIC,metagenome,ILLUMINA,2021-12-31T00:00:00Z,2020-08-20T16:24:00Z,1,Sample-133-B39,Sample-133-B39,14,SRP278242,38-14-F3
SRR12486728,AMPLICON,495,92003680,PRJNA658364,SAMN15867574,Metagenome or environmental,42739831,UNIVERSITY OF LIVERPOOL,not collected,public,"fastq,run.zq,sra","ncbi,s3,gs","s3.us-east-1,ncbi.public,gs.us-east1",E_CODD,SRX8978540,United Kingdom,Europe,United Kingdom: Cheshire,Ovis aries,Illumina MiSeq,Foot,51.244399 N 2.12202 W,132-B38,PAIRED,PCR,METAGENOMIC,metagenome,ILLUMINA,2021-12-31T00:00:00Z,2020-08-20T16:24:00Z,1,Sample-132-B38,Sample-132-B38,14,SRP278242,35-14-F3
SRR12486729,AMPLICON,496,72594472,PRJNA658364,SAMN15867573,Metagenome or environmental,33702728,UNIVERSITY OF LIVERPOOL,not collected,public,"run.zq,sra,fastq","ncbi,gs,s3","gs.us-east1,s3.us-east-1,ncbi.public",E_CODD,SRX8978539,United Kingdom,Europe,United Kingdom: Cheshire,Ovis aries,Illumina MiSeq,Foot,51.244399 N 2.12202 W,131-B37,PAIRED,PCR,METAGENOMIC,metagenome,ILLUMINA,2021-12-31T00:00:00Z,2020-08-20T16:24:00Z,1,Sample-131-B37,Sample-131-B37,14,SRP278242,31-14-F3
SRR12486730,AMPLICON,496,55279115,PRJNA658364,SAMN15867570,Metagenome or environmental,26004693,UNIVERSITY OF LIVERPOOL,not collected,public,"run.zq,fastq,sra","ncbi,gs,s3","gs.us-east1,s3.us-east-1,ncbi.public",B_HEALTHY,SRX8978538,United Kingdom,Europe,United Kingdom: Cheshire,Ovis aries,Illumina MiSeq,Foot,51.244399 N 2.12202 W,130-B36,PAIRED,PCR,METAGENOMIC,metagenome,ILLUMINA,2021-12-31T00:00:00Z,2020-08-20T16:24:00Z,1,Sample-130-B36,Sample-130-B36,14,SRP278242,21-14-F3
SRR12486731,AMPLICON,495,62346314,PRJNA658364,SAMN15867569,Metagenome or environmental,29011170,UNIVERSITY OF LIVERPOOL,not collected,public,"fastq,sra,run.zq","gs,ncbi,s3","gs.us-east1,s3.us-east-1,ncbi.public",E_CODD,SRX8978537,United Kingdom,Europe,United Kingdom: Cheshire,Ovis aries,Illumina MiSeq,Foot,51.244399 N 2.12202 W,128-B34,PAIRED,PCR,METAGENOMIC,metagenome,ILLUMINA,2021-12-31T00:00:00Z,2020-08-20T16:24:00Z,1,Sample-128-B34,Sample-128-B34,9,SRP278242,38-9-F1
SRR12486732,AMPLICON,494,100143364,PRJNA658364,SAMN15867568,Metagenome or environmental,47490059,UNIVERSITY OF LIVERPOOL,not collected,public,"sra,fastq,run.zq","s3,gs,ncbi","ncbi.public,s3.us-east-1,gs.us-east1",E_CODD,SRX8978536,United Kingdom,Europe,United Kingdom: Cheshire,Ovis aries,Illumina MiSeq,Foot,51.244399 N 2.12202 W,126-B32,PAIRED,PCR,METAGENOMIC,metagenome,ILLUMINA,2021-12-31T00:00:00Z,2020-08-20T16:24:00Z,1,Sample-126-B32,Sample-126-B32,9,SRP278242,35-9-F1
SRR12486733,AMPLICON,494,59698817,PRJNA658364,SAMN15867567,Metagenome or environmental,28124515,UNIVERSITY OF LIVERPOOL,not collected,public,"sra,fastq,run.zq","s3,ncbi,gs","ncbi.public,s3.us-east-1,gs.us-east1",E_CODD,SRX8978535,United Kingdom,Europe,United Kingdom: Cheshire,Ovis aries,Illumina MiSeq,Foot,51.244399 N 2.12202 W,125-B31,PAIRED,PCR,METAGENOMIC,metagenome,ILLUMINA,2021-12-31T00:00:00Z,2020-08-20T16:24:00Z,1,Sample-125-B31,Sample-125-B31,9,SRP278242,31-9-F1
SRR12486734,AMPLICON,494,60601225,PRJNA658364,SAMN15867566,Metagenome or environmental,29154416,UNIVERSITY OF LIVERPOOL,not collected,public,"run.zq,fastq,sra","ncbi,gs,s3","ncbi.public,gs.us-east1,s3.us-east-1",B_HEALTHY,SRX8978534,United Kingdom,Europe,United Kingdom: Cheshire,Ovis aries,Illumina MiSeq,Foot,51.244399 N 2.12202 W,124-B30,PAIRED,PCR,METAGENOMIC,metagenome,ILLUMINA,2021-12-31T00:00:00Z,2020-08-20T16:24:00Z,1,Sample-124-B30,Sample-124-B30,9,SRP278242,21-9-F1
SRR12486735,AMPLICON,495,48004417,PRJNA658364,SAMN15867542,Metagenome or environmental,22938379,UNIVERSITY OF LIVERPOOL,not collected,public,"fastq,sra,run.zq","gs,ncbi,s3","ncbi.public,s3.us-east-1,gs.us-east1",E_CODD,SRX8978533,United Kingdom,Europe,United Kingdom: Cheshire,Ovis aries,Illumina MiSeq,Foot,51.244399 N 2.12202 W,103-B9,PAIRED,PCR,METAGENOMIC,metagenome,ILLUMINA,2021-12-31T00:00:00Z,2020-08-20T16:24:00Z,1,Sample-103-B9,Sample-103-B9,5,SRP278242,35-5-F2
SRR12486736,AMPLICON,495,47439912,PRJNA658364,SAMN15867653,Metagenome or environmental,22717459,UNIVERSITY OF LIVERPOOL,not collected,public,"fastq,run.zq,sra","ncbi,gs,s3","ncbi.public,gs.us-east1,s3.us-east-1",G_CODD_T,SRX8978532,United Kingdom,Europe,United Kingdom: Cheshire,Ovis aries,Illumina MiSeq,Foot,51.244399 N 2.12202 W,123-B29,PAIRED,PCR,METAGENOMIC,metagenome,ILLUMINA,2021-12-31T00:00:00Z,2020-08-20T16:24:00Z,1,Sample-123-B29,Sample-123-B29,23,SRP278242,47-23-F4
SRR12486737,AMPLICON,494,38394049,PRJNA658364,SAMN15867646,Metagenome or environmental,18530752,UNIVERSITY OF LIVERPOOL,not collected,public,"sra,fastq,run.zq","s3,gs,ncbi","gs.us-east1,ncbi.public,s3.us-east-1",G_CODD_T,SRX8978531,United Kingdom,Europe,United Kingdom: Cheshire,Ovis aries,Illumina MiSeq,Foot,51.244399 N 2.12202 W,122-B28,PAIRED,PCR,METAGENOMIC,metagenome,ILLUMINA,2021-12-31T00:00:00Z,2020-08-20T16:24:00Z,1,Sample-122-B28,Sample-122-B28,8,SRP278242,47-8-F3
SRR12486738,AMPLICON,495,33234638,PRJNA658364,SAMN15867562,Metagenome or environmental,15737596,UNIVERSITY OF LIVERPOOL,not collected,public,"sra,fastq,run.zq","s3,gs,ncbi","s3.us-east-1,ncbi.public,gs.us-east1",E_CODD,SRX8978530,United Kingdom,Europe,United Kingdom: Cheshire,Ovis aries,Illumina MiSeq,Foot,51.244399 N 2.12202 W,121-B27,PAIRED,PCR,METAGENOMIC,metagenome,ILLUMINA,2021-12-31T00:00:00Z,2020-08-20T16:24:00Z,1,Sample-121-B27,Sample-121-B27,8,SRP278242,41-5-F4
SRR12486739,AMPLICON,495,33819635,PRJNA658364,SAMN15867645,Metagenome or environmental,16073293,UNIVERSITY OF LIVERPOOL,not collected,public,"sra,run.zq,fastq","s3,gs,ncbi","ncbi.public,gs.us-east1,s3.us-east-1",G_CODD_T,SRX8978529,United Kingdom,Europe,United Kingdom: Cheshire,Ovis aries,Illumina MiSeq,Foot,51.244399 N 2.12202 W,120-B26,PAIRED,PCR,METAGENOMIC,metagenome,ILLUMINA,2021-12-31T00:00:00Z,2020-08-20T16:24:00Z,1,Sample-120-B26,Sample-120-B26,5,SRP278242,47-5-F1
SRR12486740,AMPLICON,495,65643117,PRJNA658364,SAMN15867637,Metagenome or environmental,31851665,UNIVERSITY OF LIVERPOOL,not collected,public,"fastq,run.zq,sra","s3,ncbi,gs","ncbi.public,gs.us-east1,s3.us-east-1",B_HEALTHY,SRX8978528,United Kingdom,Europe,United Kingdom: Cheshire,Ovis aries,Illumina MiSeq,Foot,51.244399 N 2.12202 W,95-B1,PAIRED,PCR,METAGENOMIC,metagenome,ILLUMINA,2021-12-31T00:00:00Z,2020-08-20T16:24:00Z,1,Sample-95-B1,Sample-95-B1,2,SRP278242,21-2-F2
SRR12486741,AMPLICON,496,14802784,PRJNA658364,SAMN15867641,Metagenome or environmental,7135656,UNIVERSITY OF LIVERPOOL,not collected,public,"run.zq,fastq,sra","s3,ncbi,gs","ncbi.public,gs.us-east1,s3.us-east-1",D_FOOTROT,SRX8978527,United Kingdom,Europe,United Kingdom: Cheshire,Ovis aries,Illumina MiSeq,Foot,51.244399 N 2.12202 W,98-262F2,PAIRED,PCR,METAGENOMIC,metagenome,ILLUMINA,2021-12-31T00:00:00Z,2020-08-20T16:24:00Z,1,Sample-98-262F2,Sample-98-262F2,2,SRP278242,26-2-F2
SRR12486742,AMPLICON,496,19795451,PRJNA658364,SAMN15867639,Metagenome or environmental,9422685,UNIVERSITY OF LIVERPOOL,not collected,public,"fastq,run.zq,sra","gs,ncbi,s3","gs.us-east1,ncbi.public,s3.us-east-1",C_ID,SRX8978526,United Kingdom,Europe,United Kingdom: Cheshire,Ovis aries,Illumina MiSeq,Foot,51.244399 N 2.12202 W,97-2612F3,PAIRED,PCR,METAGENOMIC,metagenome,ILLUMINA,2021-12-31T00:00:00Z,2020-08-20T16:24:00Z,1,Sample-97-2612F3,Sample-97-2612F3,12,SRP278242,26-12-F3
SRR12486743,AMPLICON,496,47739392,PRJNA658364,SAMN15867636,Metagenome or environmental,22162520,UNIVERSITY OF LIVERPOOL,not collected,public,"run.zq,sra,fastq","ncbi,gs,s3","s3.us-east-1,ncbi.public,gs.us-east1",C_ID,SRX8978525,United Kingdom,Europe,United Kingdom: Cheshire,Ovis aries,Illumina MiSeq,Foot,51.244399 N 2.12202 W,94-259F1,PAIRED,PCR,METAGENOMIC,metagenome,ILLUMINA,2021-12-31T00:00:00Z,2020-08-20T16:24:00Z,1,Sample-94-259F1,Sample-94-259F1,9,SRP278242,25-9-F1
SRR12486744,AMPLICON,495,5283768,PRJNA658364,SAMN15867635,Metagenome or environmental,2580502,UNIVERSITY OF LIVERPOOL,not collected,public,"fastq,sra,run.zq","gs,s3,ncbi","s3.us-east-1,gs.us-east1,ncbi.public",C_ID,SRX8978524,United Kingdom,Europe,United Kingdom: Cheshire,Ovis aries,Illumina MiSeq,Foot,51.244399 N 2.12202 W,93-258F3,PAIRED,PCR,METAGENOMIC,metagenome,ILLUMINA,2021-12-31T00:00:00Z,2020-08-20T16:24:00Z,1,Sample-93-258F3,Sample-93-258F3,8,SRP278242,25-8-F3
SRR12486745,AMPLICON,497,13634139,PRJNA658364,SAMN15867634,Metagenome or environmental,6484956,UNIVERSITY OF LIVERPOOL,not collected,public,"sra,run.zq,fastq","ncbi,s3,gs","gs.us-east1,s3.us-east-1,ncbi.public",C_ID,SRX8978523,United Kingdom,Europe,United Kingdom: Cheshire,Ovis aries,Illumina MiSeq,Foot,51.244399 N 2.12202 W,92-255F2,PAIRED,PCR,METAGENOMIC,metagenome,ILLUMINA,2021-12-31T00:00:00Z,2020-08-20T16:24:00Z,1,Sample-92-255F2,Sample-92-255F2,5,SRP278242,25-5-F2
SRR12486746,AMPLICON,497,30562058,PRJNA658364,SAMN15867632,Metagenome or environmental,14090347,UNIVERSITY OF LIVERPOOL,not collected,public,"sra,fastq,run.zq","gs,s3,ncbi","ncbi.public,s3.us-east-1,gs.us-east1",C_ID,SRX8978522,United Kingdom,Europe,United Kingdom: Cheshire,Ovis aries,Illumina MiSeq,Foot,51.244399 N 2.12202 W,91-252F2,PAIRED,PCR,METAGENOMIC,metagenome,ILLUMINA,2021-12-31T00:00:00Z,2020-08-20T16:24:00Z,1,Sample-91-252F2,Sample-91-252F2,2,SRP278242,25-2-F2
SRR12486747,AMPLICON,494,74145101,PRJNA658364,SAMN15867644,Metagenome or environmental,35434448,UNIVERSITY OF LIVERPOOL,not collected,public,"fastq,run.zq,sra","s3,ncbi,gs","s3.us-east-1,ncbi.public,gs.us-east1",G_CODD_T,SRX8978521,United Kingdom,Europe,United Kingdom: Cheshire,Ovis aries,Illumina MiSeq,Foot,51.244399 N 2.12202 W,119-B25,PAIRED,PCR,METAGENOMIC,metagenome,ILLUMINA,2021-12-31T00:00:00Z,2020-08-20T16:24:00Z,1,Sample-119-B25,Sample-119-B25,2,SRP278242,47-2-F2
SRR12486748,AMPLICON,497,17654444,PRJNA658364,SAMN15867633,Metagenome or environmental,8206419,UNIVERSITY OF LIVERPOOL,not collected,public,"run.zq,sra,fastq","s3,ncbi,gs","ncbi.public,gs.us-east1,s3.us-east-1",A_HEALTHY,SRX8978520,United Kingdom,Europe,United Kingdom: Cheshire,Ovis aries,Illumina MiSeq,Foot,51.244399 N 2.12202 W,9-1514F3,PAIRED,PCR,METAGENOMIC,metagenome,ILLUMINA,2021-12-31T00:00:00Z,2020-08-20T16:24:00Z,1,Sample-9-1514F3,Sample-9-1514F3,14,SRP278242,15-14-F3
SRR12486749,AMPLICON,497,32708190,PRJNA658364,SAMN15867631,Metagenome or environmental,15124426,UNIVERSITY OF LIVERPOOL,not collected,public,"fastq,run.zq,sra","ncbi,s3,gs","ncbi.public,s3.us-east-1,gs.us-east1",C_ID,SRX8978519,United Kingdom,Europe,United Kingdom: Cheshire,Ovis aries,Illumina MiSeq,Foot,51.244399 N 2.12202 W,89-2514F3,PAIRED,PCR,METAGENOMIC,metagenome,ILLUMINA,2021-12-31T00:00:00Z,2020-08-20T16:24:00Z,1,Sample-89-2514F3,Sample-89-2514F3,14,SRP278242,25-14-F3
SRR12486750,AMPLICON,496,10554516,PRJNA658364,SAMN15867630,Metagenome or environmental,5122905,UNIVERSITY OF LIVERPOOL,not collected,public,"run.zq,sra,fastq","s3,gs,ncbi","gs.us-east1,ncbi.public,s3.us-east-1",C_ID,SRX8978518,United Kingdom,Europe,United Kingdom: Cheshire,Ovis aries,Illumina MiSeq,Foot,51.244399 N 2.12202 W,86-2512F3,PAIRED,PCR,METAGENOMIC,metagenome,ILLUMINA,2021-12-31T00:00:00Z,2020-08-20T16:24:00Z,1,Sample-86-2512F3,Sample-86-2512F3,12,SRP278242,25-12-F3
SRR12486751,AMPLICON,497,11616951,PRJNA658364,SAMN15867629,Metagenome or environmental,5482763,UNIVERSITY OF LIVERPOOL,not collected,public,"fastq,run.zq,sra","gs,ncbi,s3","s3.us-east-1,ncbi.public,gs.us-east1",C_ID,SRX8978517,United Kingdom,Europe,United Kingdom: Cheshire,Ovis aries,Illumina MiSeq,Foot,51.244399 N 2.12202 W,80-249F1,PAIRED,PCR,METAGENOMIC,metagenome,ILLUMINA,2021-12-31T00:00:00Z,2020-08-20T16:24:00Z,1,Sample-80-249F1,Sample-80-249F1,9,SRP278242,24-9-F1
SRR12486752,AMPLICON,497,16395940,PRJNA658364,SAMN15867628,Metagenome or environmental,7668747,UNIVERSITY OF LIVERPOOL,not collected,public,"fastq,run.zq,sra","s3,gs,ncbi","ncbi.public,s3.us-east-1,gs.us-east1",C_ID,SRX8978516,United Kingdom,Europe,United Kingdom: Cheshire,Ovis aries,Illumina MiSeq,Foot,51.244399 N 2.12202 W,79-242F2,PAIRED,PCR,METAGENOMIC,metagenome,ILLUMINA,2021-12-31T00:00:00Z,2020-08-20T16:24:00Z,1,Sample-79-242F2,Sample-79-242F2,2,SRP278242,24-2-F2
SRR12486753,AMPLICON,497,18953508,PRJNA658364,SAMN15867627,Metagenome or environmental,8870839,UNIVERSITY OF LIVERPOOL,not collected,public,"fastq,sra,run.zq","s3,gs,ncbi","ncbi.public,gs.us-east1,s3.us-east-1",C_ID,SRX8978515,United Kingdom,Europe,United Kingdom: Cheshire,Ovis aries,Illumina MiSeq,Foot,51.244399 N 2.12202 W,78-2414F3,PAIRED,PCR,METAGENOMIC,metagenome,ILLUMINA,2021-12-31T00:00:00Z,2020-08-20T16:24:00Z,1,Sample-78-2414F3,Sample-78-2414F3,14,SRP278242,24-14-F3
SRR12486754,AMPLICON,496,15569661,PRJNA658364,SAMN15867626,Metagenome or environmental,7466698,UNIVERSITY OF LIVERPOOL,not collected,public,"run.zq,sra,fastq","gs,s3,ncbi","ncbi.public,gs.us-east1,s3.us-east-1",B_HEALTHY,SRX8978514,United Kingdom,Europe,United Kingdom: Cheshire,Ovis aries,Illumina MiSeq,Foot,51.244399 N 2.12202 W,75-239F1,PAIRED,PCR,METAGENOMIC,metagenome,ILLUMINA,2021-12-31T00:00:00Z,2020-08-20T16:24:00Z,1,Sample-75-239F1,Sample-75-239F1,9,SRP278242,23-9-F1
SRR12486755,AMPLICON,497,10355066,PRJNA658364,SAMN15867625,Metagenome or environmental,4890572,UNIVERSITY OF LIVERPOOL,not collected,public,"sra,run.zq,fastq","ncbi,s3,gs","gs.us-east1,ncbi.public,s3.us-east-1",B_HEALTHY,SRX8978513,United Kingdom,Europe,United Kingdom: Cheshire,Ovis aries,Illumina MiSeq,Foot,51.244399 N 2.12202 W,74-238F3,PAIRED,PCR,METAGENOMIC,metagenome,ILLUMINA,2021-12-31T00:00:00Z,2020-08-20T16:24:00Z,1,Sample-74-238F3,Sample-74-238F3,8,SRP278242,23-8-F3
SRR12486756,AMPLICON,497,12655991,PRJNA658364,SAMN15867624,Metagenome or environmental,5961487,UNIVERSITY OF LIVERPOOL,not collected,public,"fastq,run.zq,sra","s3,ncbi,gs","s3.us-east-1,ncbi.public,gs.us-east1",B_HEALTHY,SRX8978512,United Kingdom,Europe,United Kingdom: Cheshire,Ovis aries,Illumina MiSeq,Foot,51.244399 N 2.12202 W,73-235F2,PAIRED,PCR,METAGENOMIC,metagenome,ILLUMINA,2021-12-31T00:00:00Z,2020-08-20T16:24:00Z,1,Sample-73-235F2,Sample-73-235F2,5,SRP278242,23-5-F2
SRR12486757,AMPLICON,497,33396638,PRJNA658364,SAMN15867623,Metagenome or environmental,15507766,UNIVERSITY OF LIVERPOOL,not collected,public,"fastq,sra,run.zq","gs,s3,ncbi","ncbi.public,s3.us-east-1,gs.us-east1",C_ID,SRX8978511,United Kingdom,Europe,United Kingdom: Cheshire,Ovis aries,Illumina MiSeq,Foot,51.244399 N 2.12202 W,71-232F2,PAIRED,PCR,METAGENOMIC,metagenome,ILLUMINA,2021-12-31T00:00:00Z,2020-08-20T16:24:00Z,1,Sample-71-232F2,Sample-71-232F2,2,SRP278242,23-2-F2
SRR12486758,AMPLICON,495,50335258,PRJNA658364,SAMN15867652,Metagenome or environmental,24869562,UNIVERSITY OF LIVERPOOL,not collected,public,"sra,run.zq,fastq","ncbi,gs,s3","ncbi.public,s3.us-east-1,gs.us-east1",E_CODD,SRX8978510,United Kingdom,Europe,United Kingdom: Cheshire,Ovis aries,Illumina MiSeq,Foot,51.244399 N 2.12202 W,117-B23,PAIRED,PCR,METAGENOMIC,metagenome,ILLUMINA,2021-12-31T00:00:00Z,2020-08-20T16:24:00Z,1,Sample-117-B23,Sample-117-B23,23,SRP278242,39-23-F4
SRR12486759,AMPLICON,497,12915905,PRJNA658364,SAMN15867622,Metagenome or environmental,6017876,UNIVERSITY OF LIVERPOOL,not collected,public,"fastq,run.zq,sra","s3,ncbi,gs","gs.us-east1,ncbi.public,s3.us-east-1",C_ID,SRX8978509,United Kingdom,Europe,United Kingdom: Cheshire,Ovis aries,Illumina MiSeq,Foot,51.244399 N 2.12202 W,69-2314F3,PAIRED,PCR,METAGENOMIC,metagenome,ILLUMINA,2021-12-31T00:00:00Z,2020-08-20T16:24:00Z,1,Sample-69-2314F3,Sample-69-2314F3,14,SRP278242,23-14-F3
SRR12486760,AMPLICON,497,23569324,PRJNA658364,SAMN15867621,Metagenome or environmental,11090521,UNIVERSITY OF LIVERPOOL,not collected,public,"sra,run.zq,fastq","ncbi,s3,gs","ncbi.public,s3.us-east-1,gs.us-east1",B_HEALTHY,SRX8978508,United Kingdom,Europe,United Kingdom: Cheshire,Ovis aries,Illumina MiSeq,Foot,51.244399 N 2.12202 W,66-2312F3,PAIRED,PCR,METAGENOMIC,metagenome,ILLUMINA,2021-12-31T00:00:00Z,2020-08-20T16:24:00Z,1,Sample-66-2312F3,Sample-66-2312F3,12,SRP278242,23-12-F3
SRR12486761,AMPLICON,497,12379714,PRJNA658364,SAMN15867620,Metagenome or environmental,5942720,UNIVERSITY OF LIVERPOOL,not collected,public,"run.zq,sra,fastq","ncbi,s3,gs","gs.us-east1,s3.us-east-1,ncbi.public",C_ID,SRX8978507,United Kingdom,Europe,United Kingdom: Cheshire,Ovis aries,Illumina MiSeq,Foot,51.244399 N 2.12202 W,62-2212F3,PAIRED,PCR,METAGENOMIC,metagenome,ILLUMINA,2021-12-31T00:00:00Z,2020-08-20T16:24:00Z,1,Sample-62-2212F3,Sample-62-2212F3,12,SRP278242,22-12-F3
SRR12486762,AMPLICON,497,22015333,PRJNA658364,SAMN15867619,Metagenome or environmental,10303274,UNIVERSITY OF LIVERPOOL,not collected,public,"run.zq,sra,fastq","gs,ncbi,s3","gs.us-east1,ncbi.public,s3.us-east-1",A_HEALTHY,SRX8978506,United Kingdom,Europe,United Kingdom: Cheshire,Ovis aries,Illumina MiSeq,Foot,51.244399 N 2.12202 W,6-1512F3,PAIRED,PCR,METAGENOMIC,metagenome,ILLUMINA,2021-12-31T00:00:00Z,2020-08-20T16:24:00Z,1,Sample-6-1512F3,Sample-6-1512F3,12,SRP278242,15-12-F3
SRR12486763,AMPLICON,496,19791838,PRJNA658364,SAMN15867618,Metagenome or environmental,9330364,UNIVERSITY OF LIVERPOOL,not collected,public,"fastq,sra,run.zq","ncbi,s3,gs","gs.us-east1,ncbi.public,s3.us-east-1",B_HEALTHY,SRX8978505,United Kingdom,Europe,United Kingdom: Cheshire,Ovis aries,Illumina MiSeq,Foot,51.244399 N 2.12202 W,59-219F1,PAIRED,PCR,METAGENOMIC,metagenome,ILLUMINA,2021-12-31T00:00:00Z,2020-08-20T16:24:00Z,1,Sample-59-219F1,Sample-59-219F1,9,SRP278242,21-9-F1
SRR12486764,AMPLICON,496,29157218,PRJNA658364,SAMN15867617,Metagenome or environmental,13653711,UNIVERSITY OF LIVERPOOL,not collected,public,"sra,fastq,run.zq","s3,ncbi,gs","gs.us-east1,s3.us-east-1,ncbi.public",B_HEALTHY,SRX8978504,United Kingdom,Europe,United Kingdom: Cheshire,Ovis aries,Illumina MiSeq,Foot,51.244399 N 2.12202 W,58-218F3,PAIRED,PCR,METAGENOMIC,metagenome,ILLUMINA,2021-12-31T00:00:00Z,2020-08-20T16:24:00Z,1,Sample-58-218F3,Sample-58-218F3,8,SRP278242,21-8-F3
SRR12486765,AMPLICON,497,12349756,PRJNA658364,SAMN15867616,Metagenome or environmental,5812774,UNIVERSITY OF LIVERPOOL,not collected,public,"run.zq,sra,fastq","gs,ncbi,s3","gs.us-east1,ncbi.public,s3.us-east-1",B_HEALTHY,SRX8978503,United Kingdom,Europe,United Kingdom: Cheshire,Ovis aries,Illumina MiSeq,Foot,51.244399 N 2.12202 W,57-215F2,PAIRED,PCR,METAGENOMIC,metagenome,ILLUMINA,2021-12-31T00:00:00Z,2020-08-20T16:24:00Z,1,Sample-57-215F2,Sample-57-215F2,5,SRP278242,21-5-F2
SRR12486766,AMPLICON,497,66240811,PRJNA658364,SAMN15867615,Metagenome or environmental,30306419,UNIVERSITY OF LIVERPOOL,not collected,public,"sra,run.zq,fastq","s3,gs,ncbi","s3.us-east-1,gs.us-east1,ncbi.public",B_HEALTHY,SRX8978502,United Kingdom,Europe,United Kingdom: Cheshire,Ovis aries,Illumina MiSeq,Foot,51.244399 N 2.12202 W,55-212F2,PAIRED,PCR,METAGENOMIC,metagenome,ILLUMINA,2021-12-31T00:00:00Z,2020-08-20T16:24:00Z,1,Sample-55-212F2,Sample-55-212F2,2,SRP278242,21-2-F2
SRR12486767,AMPLICON,497,29135968,PRJNA658364,SAMN15867614,Metagenome or environmental,13353094,UNIVERSITY OF LIVERPOOL,not collected,public,"fastq,run.zq,sra","ncbi,gs,s3","ncbi.public,s3.us-east-1,gs.us-east1",B_HEALTHY,SRX8978501,United Kingdom,Europe,United Kingdom: Cheshire,Ovis aries,Illumina MiSeq,Foot,51.244399 N 2.12202 W,53-2114F3,PAIRED,PCR,METAGENOMIC,metagenome,ILLUMINA,2021-12-31T00:00:00Z,2020-08-20T16:24:00Z,1,Sample-53-2114F3,Sample-53-2114F3,14,SRP278242,21-14-F3
SRR12486768,AMPLICON,497,10602225,PRJNA658364,SAMN15867613,Metagenome or environmental,5007965,UNIVERSITY OF LIVERPOOL,not collected,public,"run.zq,fastq,sra","s3,ncbi,gs","s3.us-east-1,gs.us-east1,ncbi.public",B_HEALTHY,SRX8978500,United Kingdom,Europe,United Kingdom: Cheshire,Ovis aries,Illumina MiSeq,Foot,51.244399 N 2.12202 W,50-2112F3,PAIRED,PCR,METAGENOMIC,metagenome,ILLUMINA,2021-12-31T00:00:00Z,2020-08-20T16:24:00Z,1,Sample-50-2112F3,Sample-50-2112F3,12,SRP278242,21-12-F3
SRR12486769,AMPLICON,494,53967238,PRJNA658364,SAMN15867651,Metagenome or environmental,26928219,UNIVERSITY OF LIVERPOOL,not collected,public,"sra,run.zq,fastq","s3,ncbi,gs","ncbi.public,gs.us-east1,s3.us-east-1",E_CODD,SRX8978499,United Kingdom,Europe,United Kingdom: Cheshire,Ovis aries,Illumina MiSeq,Foot,51.244399 N 2.12202 W,116-B22,PAIRED,PCR,METAGENOMIC,metagenome,ILLUMINA,2021-12-31T00:00:00Z,2020-08-20T16:24:00Z,1,Sample-116-B22,Sample-116-B22,23,SRP278242,38-23-F4
SRR12486770,AMPLICON,497,15291614,PRJNA658364,SAMN15867612,Metagenome or environmental,7080859,UNIVERSITY OF LIVERPOOL,not collected,public,"run.zq,sra,fastq","ncbi,gs,s3","s3.us-east-1,ncbi.public,gs.us-east1",C_ID,SRX8978498,United Kingdom,Europe,United Kingdom: Cheshire,Ovis aries,Illumina MiSeq,Foot,51.244399 N 2.12202 W,46-205F2,PAIRED,PCR,METAGENOMIC,metagenome,ILLUMINA,2021-12-31T00:00:00Z,2020-08-20T16:24:00Z,1,Sample-46-205F2,Sample-46-205F2,5,SRP278242,20-5-F2
SRR12486771,AMPLICON,497,29292836,PRJNA658364,SAMN15867611,Metagenome or environmental,13687142,UNIVERSITY OF LIVERPOOL,not collected,public,"run.zq,fastq,sra","s3,ncbi,gs","ncbi.public,gs.us-east1,s3.us-east-1",A_HEALTHY,SRX8978497,United Kingdom,Europe,United Kingdom: Cheshire,Ovis aries,Illumina MiSeq,Foot,51.244399 N 2.12202 W,42-199F1,PAIRED,PCR,METAGENOMIC,metagenome,ILLUMINA,2021-12-31T00:00:00Z,2020-08-20T16:24:00Z,1,Sample-42-199F1,Sample-42-199F1,9,SRP278242,19-9-F1
SRR12486772,AMPLICON,497,36126443,PRJNA658364,SAMN15867610,Metagenome or environmental,16531333,UNIVERSITY OF LIVERPOOL,not collected,public,"run.zq,sra,fastq","s3,ncbi,gs","s3.us-east-1,ncbi.public,gs.us-east1",B_HEALTHY,SRX8978496,United Kingdom,Europe,United Kingdom: Cheshire,Ovis aries,Illumina MiSeq,Foot,51.244399 N 2.12202 W,41-198F3,PAIRED,PCR,METAGENOMIC,metagenome,ILLUMINA,2021-12-31T00:00:00Z,2020-08-20T16:24:00Z,1,Sample-41-198F3,Sample-41-198F3,8,SRP278242,19-8-F3
SRR12486773,AMPLICON,497,22248861,PRJNA658364,SAMN15867609,Metagenome or environmental,10347222,UNIVERSITY OF LIVERPOOL,not collected,public,"run.zq,sra,fastq","ncbi,s3,gs","gs.us-east1,ncbi.public,s3.us-east-1",C_ID,SRX8978495,United Kingdom,Europe,United Kingdom: Cheshire,Ovis aries,Illumina MiSeq,Foot,51.244399 N 2.12202 W,40-195F2,PAIRED,PCR,METAGENOMIC,metagenome,ILLUMINA,2021-12-31T00:00:00Z,2020-08-20T16:24:00Z,1,Sample-40-195F2,Sample-40-195F2,5,SRP278242,19-5-F2
SRR12486774,AMPLICON,496,9423352,PRJNA658364,SAMN15867608,Metagenome or environmental,4481119,UNIVERSITY OF LIVERPOOL,not collected,public,"fastq,sra,run.zq","s3,ncbi,gs","s3.us-east-1,gs.us-east1,ncbi.public",B_HEALTHY,SRX8978494,United Kingdom,Europe,United Kingdom: Cheshire,Ovis aries,Illumina MiSeq,Foot,51.244399 N 2.12202 W,38-192F2,PAIRED,PCR,METAGENOMIC,metagenome,ILLUMINA,2021-12-31T00:00:00Z,2020-08-20T16:24:00Z,1,Sample-38-192F2,Sample-38-192F2,2,SRP278242,19-2-F2
SRR12486775,AMPLICON,497,14797579,PRJNA658364,SAMN15867607,Metagenome or environmental,6854075,UNIVERSITY OF LIVERPOOL,not collected,public,"sra,fastq,run.zq","ncbi,s3,gs","ncbi.public,s3.us-east-1,gs.us-east1",B_HEALTHY,SRX8978493,United Kingdom,Europe,United Kingdom: Cheshire,Ovis aries,Illumina MiSeq,Foot,51.244399 N 2.12202 W,36-1914F3,PAIRED,PCR,METAGENOMIC,metagenome,ILLUMINA,2021-12-31T00:00:00Z,2020-08-20T16:24:00Z,1,Sample-36-1914F3,Sample-36-1914F3,14,SRP278242,19-14-F3
SRR12486776,AMPLICON,496,36821279,PRJNA658364,SAMN15867606,Metagenome or environmental,17139709,UNIVERSITY OF LIVERPOOL,not collected,public,"sra,run.zq,fastq","gs,ncbi,s3","s3.us-east-1,gs.us-east1,ncbi.public",A_HEALTHY,SRX8978492,United Kingdom,Europe,United Kingdom: Cheshire,Ovis aries,Illumina MiSeq,Foot,51.244399 N 2.12202 W,33-1912F3,PAIRED,PCR,METAGENOMIC,metagenome,ILLUMINA,2021-12-31T00:00:00Z,2020-08-20T16:24:00Z,1,Sample-33-1912F3,Sample-33-1912F3,12,SRP278242,19-12-F3
SRR12486777,AMPLICON,497,31968081,PRJNA658364,SAMN15867605,Metagenome or environmental,14630099,UNIVERSITY OF LIVERPOOL,not collected,public,"run.zq,sra,fastq","gs,s3,ncbi","ncbi.public,s3.us-east-1,gs.us-east1",C_ID,SRX8978491,United Kingdom,Europe,United Kingdom: Cheshire,Ovis aries,Illumina MiSeq,Foot,51.244399 N 2.12202 W,29-185F2,PAIRED,PCR,METAGENOMIC,metagenome,ILLUMINA,2021-12-31T00:00:00Z,2020-08-20T16:24:00Z,1,Sample-29-185F2,Sample-29-185F2,5,SRP278242,18-5-F2
SRR12486778,AMPLICON,497,13842085,PRJNA658364,SAMN15867604,Metagenome or environmental,6493764,UNIVERSITY OF LIVERPOOL,not collected,public,"sra,run.zq,fastq","s3,ncbi,gs","gs.us-east1,s3.us-east-1,ncbi.public",A_HEALTHY,SRX8978490,United Kingdom,Europe,United Kingdom: Cheshire,Ovis aries,Illumina MiSeq,Foot,51.244399 N 2.12202 W,26-179F1,PAIRED,PCR,METAGENOMIC,metagenome,ILLUMINA,2021-12-31T00:00:00Z,2020-08-20T16:24:00Z,1,Sample-26-179F1,Sample-26-179F1,9,SRP278242,17-9-F1
SRR12486779,AMPLICON,496,19644554,PRJNA658364,SAMN15867603,Metagenome or environmental,9271544,UNIVERSITY OF LIVERPOOL,not collected,public,"fastq,run.zq,sra","s3,gs,ncbi","gs.us-east1,s3.us-east-1,ncbi.public",A_HEALTHY,SRX8978489,United Kingdom,Europe,United Kingdom: Cheshire,Ovis aries,Illumina MiSeq,Foot,51.244399 N 2.12202 W,25-178F3,PAIRED,PCR,METAGENOMIC,metagenome,ILLUMINA,2021-12-31T00:00:00Z,2020-08-20T16:24:00Z,1,Sample-25-178F3,Sample-25-178F3,8,SRP278242,17-8-F3
SRR12486780,AMPLICON,493,50136955,PRJNA658364,SAMN15867650,Metagenome or environmental,25183766,UNIVERSITY OF LIVERPOOL,not collected,public,"sra,fastq,run.zq","ncbi,s3,gs","ncbi.public,gs.us-east1,s3.us-east-1",E_CODD,SRX8978488,United Kingdom,Europe,United Kingdom: Cheshire,Ovis aries,Illumina MiSeq,Foot,51.244399 N 2.12202 W,115-B21,PAIRED,PCR,METAGENOMIC,metagenome,ILLUMINA,2021-12-31T00:00:00Z,2020-08-20T16:25:00Z,1,Sample-115-B21,Sample-115-B21,23,SRP278242,35-23-F4
SRR12486781,AMPLICON,497,16350529,PRJNA658364,SAMN15867602,Metagenome or environmental,7604427,UNIVERSITY OF LIVERPOOL,not collected,public,"sra,fastq,run.zq","s3,ncbi,gs","s3.us-east-1,gs.us-east1,ncbi.public",A_HEALTHY,SRX8978487,United Kingdom,Europe,United Kingdom: Cheshire,Ovis aries,Illumina MiSeq,Foot,51.244399 N 2.12202 W,24-175F2,PAIRED,PCR,METAGENOMIC,metagenome,ILLUMINA,2021-12-31T00:00:00Z,2020-08-20T16:24:00Z,1,Sample-24-175F2,Sample-24-175F2,5,SRP278242,17-5-F2
SRR12486782,AMPLICON,497,13211427,PRJNA658364,SAMN15867601,Metagenome or environmental,6158719,UNIVERSITY OF LIVERPOOL,not collected,public,"sra,fastq,run.zq","ncbi,s3,gs","ncbi.public,s3.us-east-1,gs.us-east1",A_HEALTHY,SRX8978486,United Kingdom,Europe,United Kingdom: Cheshire,Ovis aries,Illumina MiSeq,Foot,51.244399 N 2.12202 W,22-172F2,PAIRED,PCR,METAGENOMIC,metagenome,ILLUMINA,2021-12-31T00:00:00Z,2020-08-20T16:24:00Z,1,Sample-22-172F2,Sample-22-172F2,2,SRP278242,17-2-F2
SRR12486783,AMPLICON,497,19869696,PRJNA658364,SAMN15867599,Metagenome or environmental,9205809,UNIVERSITY OF LIVERPOOL,not collected,public,"sra,fastq,run.zq","gs,ncbi,s3","gs.us-east1,s3.us-east-1,ncbi.public",A_HEALTHY,SRX8978485,United Kingdom,Europe,United Kingdom: Cheshire,Ovis aries,Illumina MiSeq,Foot,51.244399 N 2.12202 W,20-1714F3,PAIRED,PCR,METAGENOMIC,metagenome,ILLUMINA,2021-12-31T00:00:00Z,2020-08-20T16:24:00Z,1,Sample-20-1714F3,Sample-20-1714F3,14,SRP278242,17-14-F3
SRR12486784,AMPLICON,497,12396251,PRJNA658364,SAMN15867600,Metagenome or environmental,5782304,UNIVERSITY OF LIVERPOOL,not collected,public,"fastq,run.zq,sra","gs,s3,ncbi","s3.us-east-1,gs.us-east1,ncbi.public",A_HEALTHY,SRX8978484,United Kingdom,Europe,United Kingdom: Cheshire,Ovis aries,Illumina MiSeq,Foot,51.244399 N 2.12202 W,2-135F2,PAIRED,PCR,METAGENOMIC,metagenome,ILLUMINA,2021-12-31T00:00:00Z,2020-08-20T16:24:00Z,1,Sample-2-135F2,Sample-2-135F2,5,SRP278242,13-5-F2
SRR12486785,AMPLICON,468,7032,PRJNA658364,SAMN15867695,Metagenome or environmental,85347,UNIVERSITY OF LIVERPOOL,not collected,public,"sra,run.zq,fastq","gs,ncbi,s3","s3.us-east-1,ncbi.public,gs.us-east1",EC,SRX8978483,United Kingdom,Europe,United Kingdom: Cheshire,not collected,Illumina MiSeq,EC,51.244399 N 2.12202 W,191-Extractcontrol,PAIRED,PCR,METAGENOMIC,metagenome,ILLUMINA,2021-12-31T00:00:00Z,2020-08-20T16:24:00Z,1,Extractcontrol,Sample-191-Extractcontrol,EC,SRP278242,EC
SRR12486786,AMPLICON,493,24068953,PRJNA658364,SAMN15867663,Metagenome or environmental,11101846,UNIVERSITY OF LIVERPOOL,not collected,public,"run.zq,sra,fastq","ncbi,s3,gs","gs.us-east1,ncbi.public,s3.us-east-1",A_HEALTHY,SRX8978482,United Kingdom,Europe,United Kingdom: Cheshire,Ovis aries,Illumina MiSeq,Foot,51.244399 N 2.12202 W,190-19F3,PAIRED,PCR,METAGENOMIC,metagenome,ILLUMINA,2021-12-31T00:00:00Z,2020-08-20T16:24:00Z,1,Sample-190-19F3,Sample-190-19F3,9,SRP278242,1-9-F3
SRR12486787,AMPLICON,496,21304917,PRJNA658364,SAMN15867598,Metagenome or environmental,9830031,UNIVERSITY OF LIVERPOOL,not collected,public,"run.zq,sra,fastq","s3,ncbi,gs","gs.us-east1,s3.us-east-1,ncbi.public",A_HEALTHY,SRX8978481,United Kingdom,Europe,United Kingdom: Cheshire,Ovis aries,Illumina MiSeq,Foot,51.244399 N 2.12202 W,189-19F1,PAIRED,PCR,METAGENOMIC,metagenome,ILLUMINA,2021-12-31T00:00:00Z,2020-08-20T16:24:00Z,1,Sample-189-19F1,Sample-189-19F1,9,SRP278242,1-9-F1
SRR12486788,AMPLICON,492,23193110,PRJNA658364,SAMN15867597,Metagenome or environmental,10760552,UNIVERSITY OF LIVERPOOL,not collected,public,"fastq,run.zq,sra","ncbi,gs,s3","s3.us-east-1,gs.us-east1,ncbi.public",A_HEALTHY,SRX8978480,United Kingdom,Europe,United Kingdom: Cheshire,Ovis aries,Illumina MiSeq,Foot,51.244399 N 2.12202 W,188-18F3,PAIRED,PCR,METAGENOMIC,metagenome,ILLUMINA,2021-12-31T00:00:00Z,2020-08-20T16:24:00Z,1,Sample-188-18F3,Sample-188-18F3,8,SRP278242,1-8-F3
SRR12486789,AMPLICON,496,15375255,PRJNA658364,SAMN15867596,Metagenome or environmental,7088559,UNIVERSITY OF LIVERPOOL,not collected,public,"sra,fastq,run.zq","s3,gs,ncbi","gs.us-east1,s3.us-east-1,ncbi.public",A_HEALTHY,SRX8978479,United Kingdom,Europe,United Kingdom: Cheshire,Ovis aries,Illumina MiSeq,Foot,51.244399 N 2.12202 W,187-15F2,PAIRED,PCR,METAGENOMIC,metagenome,ILLUMINA,2021-12-31T00:00:00Z,2020-08-20T16:24:00Z,1,Sample-187-15F2,Sample-187-15F2,5,SRP278242,1-5-F2
SRR12486790,AMPLICON,495,25958614,PRJNA658364,SAMN15867662,Metagenome or environmental,12045782,UNIVERSITY OF LIVERPOOL,not collected,public,"fastq,sra,run.zq","s3,gs,ncbi","ncbi.public,gs.us-east1,s3.us-east-1",A_HEALTHY,SRX8978478,United Kingdom,Europe,United Kingdom: Cheshire,Ovis aries,Illumina MiSeq,Foot,51.244399 N 2.12202 W,186-13F1,PAIRED,PCR,METAGENOMIC,metagenome,ILLUMINA,2021-12-31T00:00:00Z,2020-08-20T16:24:00Z,1,Sample-186-13F1,Sample-186-13F1,3,SRP278242,1-3-F1
SRR12486791,AMPLICON,493,88987866,PRJNA658364,SAMN15867649,Metagenome or environmental,44826205,UNIVERSITY OF LIVERPOOL,not collected,public,"fastq,run.zq,sra","gs,s3,ncbi","ncbi.public,gs.us-east1,s3.us-east-1",E_CODD,SRX8978477,United Kingdom,Europe,United Kingdom: Cheshire,Ovis aries,Illumina MiSeq,Foot,51.244399 N 2.12202 W,114-B20,PAIRED,PCR,METAGENOMIC,metagenome,ILLUMINA,2021-12-31T00:00:00Z,2020-08-20T16:25:00Z,1,Sample-114-B20,Sample-114-B20,23,SRP278242,32-23-F4
SRR12486792,AMPLICON,492,16791999,PRJNA658364,SAMN15867595,Metagenome or environmental,7807600,UNIVERSITY OF LIVERPOOL,not collected,public,"run.zq,fastq,sra","s3,gs,ncbi","s3.us-east-1,gs.us-east1,ncbi.public",A_HEALTHY,SRX8978476,United Kingdom,Europe,United Kingdom: Cheshire,Ovis aries,Illumina MiSeq,Foot,51.244399 N 2.12202 W,185-12F2,PAIRED,PCR,METAGENOMIC,metagenome,ILLUMINA,2021-12-31T00:00:00Z,2020-08-20T16:24:00Z,1,Sample-185-12F2,Sample-185-12F2,2,SRP278242,1-2-F2
SRR12486793,AMPLICON,496,18571890,PRJNA658364,SAMN15867661,Metagenome or environmental,8619050,UNIVERSITY OF LIVERPOOL,not collected,public,"run.zq,sra,fastq","s3,ncbi,gs","s3.us-east-1,ncbi.public,gs.us-east1",A_HEALTHY,SRX8978475,United Kingdom,Europe,United Kingdom: Cheshire,Ovis aries,Illumina MiSeq,Foot,51.244399 N 2.12202 W,184-119F2,PAIRED,PCR,METAGENOMIC,metagenome,ILLUMINA,2021-12-31T00:00:00Z,2020-08-20T16:24:00Z,1,Sample-184-119F2,Sample-184-119F2,19,SRP278242,1-19-F2
SRR12486794,AMPLICON,493,20565900,PRJNA658364,SAMN15867594,Metagenome or environmental,9662760,UNIVERSITY OF LIVERPOOL,not collected,public,"run.zq,fastq,sra","ncbi,s3,gs","s3.us-east-1,gs.us-east1,ncbi.public",A_HEALTHY,SRX8978474,United Kingdom,Europe,United Kingdom: Cheshire,Ovis aries,Illumina MiSeq,Foot,51.244399 N 2.12202 W,183-114F3,PAIRED,PCR,METAGENOMIC,metagenome,ILLUMINA,2021-12-31T00:00:00Z,2020-08-20T16:24:00Z,1,Sample-183-114F3,Sample-183-114F3,14,SRP278242,1-14-F3
SRR12486795,AMPLICON,494,18512869,PRJNA658364,SAMN15867660,Metagenome or environmental,8606616,UNIVERSITY OF LIVERPOOL,not collected,public,"fastq,run.zq,sra","ncbi,gs,s3","ncbi.public,s3.us-east-1,gs.us-east1",A_HEALTHY,SRX8978473,United Kingdom,Europe,United Kingdom: Cheshire,Ovis aries,Illumina MiSeq,Foot,51.244399 N 2.12202 W,182-114F2,PAIRED,PCR,METAGENOMIC,metagenome,ILLUMINA,2021-12-31T00:00:00Z,2020-08-20T16:24:00Z,1,Sample-182-114F2,Sample-182-114F2,14,SRP278242,1-14-F2
SRR12486796,AMPLICON,492,37482307,PRJNA658364,SAMN15867659,Metagenome or environmental,17302215,UNIVERSITY OF LIVERPOOL,not collected,public,"run.zq,fastq,sra","ncbi,gs,s3","s3.us-east-1,gs.us-east1,ncbi.public",A_HEALTHY,SRX8978472,United Kingdom,Europe,United Kingdom: Cheshire,Ovis aries,Illumina MiSeq,Foot,51.244399 N 2.12202 W,181-113F3,PAIRED,PCR,METAGENOMIC,metagenome,ILLUMINA,2021-12-31T00:00:00Z,2020-08-20T16:24:00Z,1,Sample-181-113F3,Sample-181-113F3,13,SRP278242,1-13-F3
SRR12486797,AMPLICON,493,26217606,PRJNA658364,SAMN15867593,Metagenome or environmental,12180391,UNIVERSITY OF LIVERPOOL,not collected,public,"run.zq,fastq,sra","gs,ncbi,s3","s3.us-east-1,gs.us-east1,ncbi.public",A_HEALTHY,SRX8978471,United Kingdom,Europe,United Kingdom: Cheshire,Ovis aries,Illumina MiSeq,Foot,51.244399 N 2.12202 W,180-112F3,PAIRED,PCR,METAGENOMIC,metagenome,ILLUMINA,2021-12-31T00:00:00Z,2020-08-20T16:24:00Z,1,Sample-180-112F3,Sample-180-112F3,12,SRP278242,1-12-F3
SRR12486798,AMPLICON,478,3675356,PRJNA658364,SAMN15867658,Metagenome or environmental,1771738,UNIVERSITY OF LIVERPOOL,not collected,public,"sra,run.zq,fastq","gs,s3,ncbi","ncbi.public,s3.us-east-1,gs.us-east1",A_HEALTHY,SRX8978470,United Kingdom,Europe,United Kingdom: Cheshire,Ovis aries,Illumina MiSeq,Foot,51.244399 N 2.12202 W,179-112F1,PAIRED,PCR,METAGENOMIC,metagenome,ILLUMINA,2021-12-31T00:00:00Z,2020-08-20T16:24:00Z,1,Sample-179-112F1,Sample-179-112F1,12,SRP278242,1-12-F1
SRR12486799,AMPLICON,490,73666172,PRJNA658364,SAMN15867657,Metagenome or environmental,34067806,UNIVERSITY OF LIVERPOOL,not collected,public,"sra,fastq,run.zq","ncbi,gs,s3","ncbi.public,gs.us-east1,s3.us-east-1",A_HEALTHY,SRX8978469,United Kingdom,Europe,United Kingdom: Cheshire,Ovis aries,Illumina MiSeq,Foot,51.244399 N 2.12202 W,178-111F4,PAIRED,PCR,METAGENOMIC,metagenome,ILLUMINA,2021-12-31T00:00:00Z,2020-08-20T16:24:00Z,1,Sample-178-111F4,Sample-178-111F4,11,SRP278242,1-11-F4
SRR12486800,AMPLICON,488,44955265,PRJNA658364,SAMN15867656,Metagenome or environmental,20983330,UNIVERSITY OF LIVERPOOL,not collected,public,"fastq,run.zq,sra","ncbi,gs,s3","s3.us-east-1,ncbi.public,gs.us-east1",A_HEALTHY,SRX8978468,United Kingdom,Europe,United Kingdom: Cheshire,Ovis aries,Illumina MiSeq,Foot,51.244399 N 2.12202 W,177-110F4,PAIRED,PCR,METAGENOMIC,metagenome,ILLUMINA,2021-12-31T00:00:00Z,2020-08-20T16:24:00Z,1,Sample-177-110F4,Sample-177-110F4,10,SRP278242,1-10-F4
SRR12486801,AMPLICON,490,27284467,PRJNA658364,SAMN15867655,Metagenome or environmental,12806653,UNIVERSITY OF LIVERPOOL,not collected,public,"run.zq,sra,fastq","ncbi,s3,gs","s3.us-east-1,gs.us-east1,ncbi.public",A_HEALTHY,SRX8978467,United Kingdom,Europe,United Kingdom: Cheshire,Ovis aries,Illumina MiSeq,Foot,51.244399 N 2.12202 W,176-110F3,PAIRED,PCR,METAGENOMIC,metagenome,ILLUMINA,2021-12-31T00:00:00Z,2020-08-20T16:24:00Z,1,Sample-176-110F3,Sample-176-110F3,10,SRP278242,1-10-F3
SRR12486802,AMPLICON,493,58600201,PRJNA658364,SAMN15867648,Metagenome or environmental,29700656,UNIVERSITY OF LIVERPOOL,not collected,public,"fastq,sra,run.zq","gs,ncbi,s3","ncbi.public,s3.us-east-1,gs.us-east1",A_HEALTHY,SRX8978466,United Kingdom,Europe,United Kingdom: Cheshire,Ovis aries,Illumina MiSeq,Foot,51.244399 N 2.12202 W,113-B19,PAIRED,PCR,METAGENOMIC,metagenome,ILLUMINA,2021-12-31T00:00:00Z,2020-08-20T16:24:00Z,1,Sample-113-B19,Sample-113-B19,23,SRP278242,19-23-F4
SRR12486803,AMPLICON,494,38726599,PRJNA658364,SAMN15867541,Metagenome or environmental,18861451,UNIVERSITY OF LIVERPOOL,not collected,public,"fastq,sra,run.zq","s3,gs,ncbi","ncbi.public,gs.us-east1,s3.us-east-1",E_CODD,SRX8978465,United Kingdom,Europe,United Kingdom: Cheshire,Ovis aries,Illumina MiSeq,Foot,51.244399 N 2.12202 W,102-B8,PAIRED,PCR,METAGENOMIC,metagenome,ILLUMINA,2021-12-31T00:00:00Z,2020-08-20T16:25:00Z,1,Sample-102-B8,Sample-102-B8,5,SRP278242,33-5-F2
SRR12486804,AMPLICON,496,56035113,PRJNA658364,SAMN15867540,Metagenome or environmental,27001780,UNIVERSITY OF LIVERPOOL,not collected,public,"fastq,sra,run.zq","s3,gs,ncbi","ncbi.public,s3.us-east-1,gs.us-east1",B_HEALTHY,SRX8978464,United Kingdom,Europe,United Kingdom: Cheshire,Ovis aries,Illumina MiSeq,Foot,51.244399 N 2.12202 W,101-B7,PAIRED,PCR,METAGENOMIC,metagenome,ILLUMINA,2021-12-31T00:00:00Z,2020-08-20T16:24:00Z,1,Sample-101-B7,Sample-101-B7,5,SRP278242,23-5-F2
